"  crm_activities  ·  1,200 lignes  ·  8 colonnes",Unnamed: 1,Unnamed: 2,Unnamed: 3,Unnamed: 4,Unnamed: 5,Unnamed: 6,Unnamed: 7
activity_id,type,date,contact_id,opportunity_id,duration_minutes,notes,created_by
ACT0001,Site Visit,2023-09-03,CON0009,OPP0054,90,Follow-up on proposal sent last week.,EMP0136
ACT0002,Webinar,2023-06-21,CON0570,OPP0276,15,Integration requirements clarified.,EMP0080
ACT0003,Follow-up,2022-10-01,CON0690,OPP0001,15,Executive sponsor confirmed budget.,EMP0100
ACT0004,Meeting,2024-10-26,CON0510,OPP0227,120,Stakeholder alignment meeting held.,EMP0123
ACT0005,Demo,2023-10-05,CON0534,OPP0168,120,Integration requirements clarified.,EMP0103
ACT0006,Follow-up,2024-03-28,CON0767,OPP0160,120,Follow-up on proposal sent last week.,EMP0112
ACT0007,Meeting,2023-03-22,CON0304,OPP0338,30,Follow-up on proposal sent last week.,EMP0037
ACT0008,Site Visit,2022-10-24,CON0184,OPP0039,30,Demo completed - positive reception from technical team.,EMP0005
ACT0009,Follow-up,2022-05-11,CON0047,OPP0146,30,POC results reviewed - client satisfied.,EMP0065
ACT0010,Demo,2022-08-19,CON0289,OPP0376,60,Stakeholder alignment meeting held.,EMP0146
ACT0011,Email,2022-07-04,CON0483,OPP0442,90,Legal review of MSA initiated.,EMP0040
ACT0012,Site Visit,2023-07-23,CON0590,OPP0354,90,Follow-up on proposal sent last week.,EMP0042
ACT0013,Demo,2022-08-16,CON0754,OPP0282,15,Discussed roadmap and budget approval.,EMP0057
ACT0014,Site Visit,2024-05-14,CON0420,OPP0011,120,New requirements gathered for phase 2.,EMP0044
ACT0015,Call,2022-05-08,CON0006,OPP0179,30,New requirements gathered for phase 2.,EMP0042
ACT0016,Webinar,2023-02-01,CON0558,OPP0203,30,Competitive evaluation underway.,EMP0025
ACT0017,Call,2023-10-21,CON0647,OPP0024,45,Executive sponsor confirmed budget.,EMP0046
ACT0018,Follow-up,2023-05-16,CON0543,OPP0461,30,Stakeholder alignment meeting held.,EMP0001
ACT0019,Webinar,2022-11-28,CON0428,OPP0432,90,Demo completed - positive reception from technical team.,EMP0145
ACT0020,Call,2022-05-03,CON0462,OPP0204,90,New requirements gathered for phase 2.,EMP0111
ACT0021,Meeting,2024-07-25,CON0775,OPP0224,30,Competitive evaluation underway.,EMP0059
ACT0022,Meeting,2023-02-28,CON0514,OPP0313,60,Renewal discussion started for next fiscal year.,EMP0053
ACT0023,Demo,2024-09-17,CON0418,OPP0461,120,Follow-up on proposal sent last week.,EMP0130
ACT0024,Webinar,2022-08-22,CON0647,OPP0494,90,Security questionnaire submitted and reviewed.,EMP0104
ACT0025,Meeting,2024-03-25,CON0466,OPP0054,30,Integration requirements clarified.,EMP0142
ACT0026,Follow-up,2022-08-11,CON0001,OPP0499,15,Contract review scheduled for next month.,EMP0040
ACT0027,Meeting,2023-02-16,CON0232,OPP0368,90,Demo completed - positive reception from technical team.,EMP0026
ACT0028,Demo,2023-12-17,CON0192,OPP0237,120,POC results reviewed - client satisfied.,EMP0017
ACT0029,Proposal Review,2023-10-29,CON0726,OPP0481,120,New requirements gathered for phase 2.,EMP0006
ACT0030,Site Visit,2024-09-14,CON0505,OPP0198,15,Renewal discussion started for next fiscal year.,EMP0012
ACT0031,Site Visit,2024-01-29,CON0596,OPP0086,15,Renewal discussion started for next fiscal year.,EMP0138
ACT0032,Email,2023-06-30,CON0254,OPP0395,15,POC results reviewed - client satisfied.,EMP0033
ACT0033,Proposal Review,2024-06-29,CON0420,OPP0060,60,Security questionnaire submitted and reviewed.,EMP0129
ACT0034,Email,2023-12-23,CON0608,OPP0215,90,Competitive evaluation underway.,EMP0137
ACT0035,Demo,2023-09-05,CON0359,OPP0339,60,Demo completed - positive reception from technical team.,EMP0005
ACT0036,Meeting,2024-03-11,CON0386,OPP0189,120,Competitive evaluation underway.,EMP0103
ACT0037,Site Visit,2022-12-16,CON0627,OPP0446,45,POC results reviewed - client satisfied.,EMP0025
ACT0038,Meeting,2023-10-25,CON0459,OPP0105,45,POC results reviewed - client satisfied.,EMP0130
ACT0039,Meeting,2023-12-05,CON0334,OPP0115,90,Decision maker out of office; rescheduled.,EMP0112
ACT0040,Call,2024-06-29,CON0756,OPP0153,30,POC results reviewed - client satisfied.,EMP0006
ACT0041,Proposal Review,2023-07-04,CON0643,OPP0244,30,Executive sponsor confirmed budget.,EMP0106
ACT0042,Site Visit,2023-09-16,CON0065,OPP0392,60,POC results reviewed - client satisfied.,EMP0102
ACT0043,Proposal Review,2022-02-14,CON0576,OPP0002,90,Executive sponsor confirmed budget.,EMP0118
ACT0044,Follow-up,2024-10-16,CON0262,OPP0287,45,Renewal discussion started for next fiscal year.,EMP0147
ACT0045,Follow-up,2024-04-10,CON0283,OPP0039,90,Contract review scheduled for next month.,EMP0130
ACT0046,Follow-up,2022-08-19,CON0421,OPP0237,30,Decision maker out of office; rescheduled.,EMP0118
ACT0047,Webinar,2023-02-27,CON0409,OPP0376,90,Stakeholder alignment meeting held.,EMP0137
ACT0048,Email,2024-02-19,CON0300,OPP0398,90,Stakeholder alignment meeting held.,EMP0008
ACT0049,Follow-up,2023-08-17,CON0324,OPP0006,90,Demo completed - positive reception from technical team.,EMP0132
ACT0050,Site Visit,2022-01-21,CON0335,OPP0495,30,Follow-up on proposal sent last week.,EMP0009
ACT0051,Meeting,2024-03-27,CON0143,OPP0493,60,Discussed roadmap and budget approval.,EMP0102
ACT0052,Site Visit,2023-08-17,CON0567,OPP0309,15,Discussed roadmap and budget approval.,EMP0140
ACT0053,Meeting,2023-07-09,CON0548,OPP0427,45,Pricing negotiation in progress.,EMP0134
ACT0054,Email,2023-03-30,CON0001,OPP0285,90,POC results reviewed - client satisfied.,EMP0143
ACT0055,Demo,2022-03-26,CON0338,OPP0248,45,Renewal discussion started for next fiscal year.,EMP0139
ACT0056,Demo,2024-08-28,CON0269,OPP0427,120,Follow-up on proposal sent last week.,EMP0142
ACT0057,Webinar,2024-05-01,CON0243,OPP0008,30,Security questionnaire submitted and reviewed.,EMP0115
ACT0058,Webinar,2022-01-27,CON0049,OPP0001,30,Discussed roadmap and budget approval.,EMP0089
ACT0059,Site Visit,2024-04-05,CON0105,OPP0304,90,Pricing negotiation in progress.,EMP0053
ACT0060,Call,2024-01-03,CON0397,OPP0150,15,Stakeholder alignment meeting held.,EMP0067
ACT0061,Demo,2024-06-16,CON0555,OPP0341,45,Integration requirements clarified.,EMP0115
ACT0062,Call,2024-10-26,CON0780,OPP0246,120,Security questionnaire submitted and reviewed.,EMP0005
ACT0063,Email,2024-12-23,CON0484,OPP0083,60,Security questionnaire submitted and reviewed.,EMP0009
ACT0064,Call,2022-08-20,CON0647,OPP0385,30,Integration requirements clarified.,EMP0096
ACT0065,Email,2022-04-08,CON0237,OPP0139,45,Decision maker out of office; rescheduled.,EMP0065
ACT0066,Meeting,2022-03-30,CON0403,OPP0248,45,Renewal discussion started for next fiscal year.,EMP0088
ACT0067,Site Visit,2024-03-31,CON0384,OPP0085,45,Discussed roadmap and budget approval.,EMP0097
ACT0068,Meeting,2022-09-16,CON0120,OPP0166,45,POC results reviewed - client satisfied.,EMP0112
ACT0069,Proposal Review,2022-10-08,CON0323,OPP0478,60,Executive sponsor confirmed budget.,EMP0046
ACT0070,Meeting,2023-01-06,CON0128,OPP0312,15,Pricing negotiation in progress.,EMP0061
ACT0071,Demo,2023-08-27,CON0451,OPP0407,15,Decision maker out of office; rescheduled.,EMP0128
ACT0072,Follow-up,2024-09-10,CON0399,OPP0156,90,Decision maker out of office; rescheduled.,EMP0084
ACT0073,Webinar,2023-04-02,CON0616,OPP0224,45,Demo completed - positive reception from technical team.,EMP0025
ACT0074,Demo,2024-12-30,CON0231,OPP0161,15,Legal review of MSA initiated.,EMP0021
ACT0075,Meeting,2023-08-12,CON0342,OPP0374,45,Contract review scheduled for next month.,EMP0027
ACT0076,Meeting,2022-04-26,CON0004,OPP0380,30,Integration requirements clarified.,EMP0033
ACT0077,Meeting,2022-07-07,CON0070,OPP0476,120,Executive sponsor confirmed budget.,EMP0121
ACT0078,Demo,2022-10-21,CON0649,OPP0497,60,Legal review of MSA initiated.,EMP0041
ACT0079,Site Visit,2023-07-09,CON0549,OPP0329,90,New requirements gathered for phase 2.,EMP0064
ACT0080,Webinar,2023-10-20,CON0730,OPP0346,45,Stakeholder alignment meeting held.,EMP0084
ACT0081,Meeting,2023-01-06,CON0599,OPP0343,45,Demo completed - positive reception from technical team.,EMP0089
ACT0082,Meeting,2023-10-03,CON0104,OPP0208,15,Stakeholder alignment meeting held.,EMP0084
ACT0083,Proposal Review,2024-01-25,CON0630,OPP0044,60,Follow-up on proposal sent last week.,EMP0015
ACT0084,Webinar,2022-04-17,CON0542,OPP0437,120,Discussed roadmap and budget approval.,EMP0093
ACT0085,Follow-up,2022-07-09,CON0265,OPP0230,60,Decision maker out of office; rescheduled.,EMP0069
ACT0086,Proposal Review,2023-04-17,CON0784,OPP0188,120,Contract review scheduled for next month.,EMP0092
ACT0087,Meeting,2023-09-02,CON0449,OPP0448,90,New requirements gathered for phase 2.,EMP0076
ACT0088,Email,2024-08-02,CON0122,OPP0183,90,Decision maker out of office; rescheduled.,EMP0147
ACT0089,Proposal Review,2023-02-13,CON0267,OPP0149,90,Contract review scheduled for next month.,EMP0010
ACT0090,Webinar,2023-04-19,CON0501,OPP0262,90,Discussed roadmap and budget approval.,EMP0057
ACT0091,Demo,2022-09-13,CON0543,OPP0112,60,Follow-up on proposal sent last week.,EMP0018
ACT0092,Demo,2023-05-06,CON0660,OPP0267,90,Demo completed - positive reception from technical team.,EMP0110
ACT0093,Call,2024-11-16,CON0486,OPP0260,90,Security questionnaire submitted and reviewed.,EMP0045
ACT0094,Email,2023-12-24,CON0179,OPP0246,90,Legal review of MSA initiated.,EMP0051
ACT0095,Call,2023-08-08,CON0569,OPP0223,30,Pricing negotiation in progress.,EMP0017
ACT0096,Webinar,2023-01-07,CON0126,OPP0228,120,Decision maker out of office; rescheduled.,EMP0105
ACT0097,Webinar,2023-03-12,CON0336,OPP0374,30,Legal review of MSA initiated.,EMP0132
ACT0098,Call,2022-07-27,CON0525,OPP0290,15,Pricing negotiation in progress.,EMP0109
ACT0099,Proposal Review,2023-01-21,CON0300,OPP0143,60,Legal review of MSA initiated.,EMP0023
ACT0100,Proposal Review,2024-06-25,CON0761,OPP0194,30,POC results reviewed - client satisfied.,EMP0102
ACT0101,Email,2023-09-28,CON0230,OPP0108,60,Demo completed - positive reception from technical team.,EMP0148
ACT0102,Follow-up,2024-02-10,CON0645,OPP0407,60,Decision maker out of office; rescheduled.,EMP0088
ACT0103,Call,2022-03-01,CON0707,OPP0019,15,Discussed roadmap and budget approval.,EMP0137
ACT0104,Webinar,2024-09-09,CON0234,OPP0296,15,Stakeholder alignment meeting held.,EMP0060
ACT0105,Webinar,2022-12-02,CON0098,OPP0361,15,Stakeholder alignment meeting held.,EMP0105
ACT0106,Follow-up,2023-08-12,CON0175,OPP0334,45,Integration requirements clarified.,EMP0071
ACT0107,Follow-up,2024-07-26,CON0597,OPP0190,60,Demo completed - positive reception from technical team.,EMP0144
ACT0108,Webinar,2024-10-01,CON0337,OPP0326,120,POC results reviewed - client satisfied.,EMP0090
ACT0109,Meeting,2024-11-27,CON0760,OPP0057,90,Discussed roadmap and budget approval.,EMP0046
ACT0110,Meeting,2022-05-27,CON0452,OPP0382,90,Legal review of MSA initiated.,EMP0138
ACT0111,Email,2022-10-09,CON0307,OPP0271,90,Contract review scheduled for next month.,EMP0116
ACT0112,Email,2024-08-04,CON0015,OPP0475,45,Executive sponsor confirmed budget.,EMP0149
ACT0113,Follow-up,2023-06-22,CON0337,OPP0416,15,Executive sponsor confirmed budget.,EMP0069
ACT0114,Demo,2024-05-21,CON0509,OPP0390,30,Stakeholder alignment meeting held.,EMP0101
ACT0115,Email,2022-06-19,CON0187,OPP0372,30,Renewal discussion started for next fiscal year.,EMP0008
ACT0116,Demo,2024-12-17,CON0515,OPP0175,60,Competitive evaluation underway.,EMP0138
ACT0117,Email,2022-06-17,CON0592,OPP0126,90,Legal review of MSA initiated.,EMP0138
ACT0118,Email,2023-07-18,CON0345,OPP0296,15,Security questionnaire submitted and reviewed.,EMP0006
ACT0119,Meeting,2022-08-04,CON0456,OPP0240,90,Discussed roadmap and budget approval.,EMP0095
ACT0120,Webinar,2022-10-30,CON0574,OPP0442,60,Security questionnaire submitted and reviewed.,EMP0109
ACT0121,Demo,2023-03-29,CON0383,OPP0046,120,Competitive evaluation underway.,EMP0081
ACT0122,Call,2024-08-09,CON0767,OPP0007,120,Pricing negotiation in progress.,EMP0050
ACT0123,Meeting,2024-03-19,CON0021,OPP0383,120,Follow-up on proposal sent last week.,EMP0032
ACT0124,Demo,2022-06-13,CON0011,OPP0128,90,Demo completed - positive reception from technical team.,EMP0147
ACT0125,Proposal Review,2023-09-22,CON0138,OPP0331,45,Pricing negotiation in progress.,EMP0032
ACT0126,Demo,2024-05-23,CON0044,OPP0294,15,New requirements gathered for phase 2.,EMP0136
ACT0127,Webinar,2024-12-31,CON0104,OPP0439,90,New requirements gathered for phase 2.,EMP0032
ACT0128,Call,2023-08-04,CON0336,OPP0032,30,Decision maker out of office; rescheduled.,EMP0055
ACT0129,Proposal Review,2023-02-28,CON0411,OPP0036,45,Security questionnaire submitted and reviewed.,EMP0136
ACT0130,Proposal Review,2023-02-26,CON0389,OPP0388,60,Demo completed - positive reception from technical team.,EMP0113
ACT0131,Email,2023-03-21,CON0707,OPP0179,90,New requirements gathered for phase 2.,EMP0103
ACT0132,Demo,2023-03-05,CON0362,OPP0124,90,Discussed roadmap and budget approval.,EMP0002
ACT0133,Webinar,2023-10-21,CON0770,OPP0431,60,Follow-up on proposal sent last week.,EMP0094
ACT0134,Follow-up,2024-07-11,CON0682,OPP0127,15,Renewal discussion started for next fiscal year.,EMP0086
ACT0135,Site Visit,2024-02-09,CON0246,OPP0300,60,POC results reviewed - client satisfied.,EMP0048
ACT0136,Webinar,2023-12-12,CON0119,OPP0052,60,Decision maker out of office; rescheduled.,EMP0064
ACT0137,Site Visit,2022-03-29,CON0676,OPP0069,90,Security questionnaire submitted and reviewed.,EMP0062
ACT0138,Proposal Review,2024-09-22,CON0187,OPP0234,15,Competitive evaluation underway.,EMP0041
ACT0139,Site Visit,2024-02-14,CON0420,OPP0003,45,Security questionnaire submitted and reviewed.,EMP0064
ACT0140,Follow-up,2022-12-29,CON0534,OPP0043,60,Executive sponsor confirmed budget.,EMP0066
ACT0141,Follow-up,2022-05-21,CON0722,OPP0350,60,Follow-up on proposal sent last week.,EMP0009
ACT0142,Email,2024-08-03,CON0332,OPP0325,30,Pricing negotiation in progress.,EMP0138
ACT0143,Follow-up,2024-04-18,CON0272,OPP0022,45,Follow-up on proposal sent last week.,EMP0010
ACT0144,Demo,2022-01-03,CON0139,OPP0252,30,Discussed roadmap and budget approval.,EMP0068
ACT0145,Meeting,2024-09-23,CON0430,OPP0107,60,Demo completed - positive reception from technical team.,EMP0131
ACT0146,Email,2023-06-24,CON0649,OPP0133,120,Decision maker out of office; rescheduled.,EMP0117
ACT0147,Email,2024-12-19,CON0774,OPP0297,30,POC results reviewed - client satisfied.,EMP0082
ACT0148,Demo,2022-02-14,CON0590,OPP0211,90,Executive sponsor confirmed budget.,EMP0012
ACT0149,Site Visit,2024-10-11,CON0412,OPP0134,120,Executive sponsor confirmed budget.,EMP0001
ACT0150,Meeting,2022-12-21,CON0518,OPP0275,45,POC results reviewed - client satisfied.,EMP0131
ACT0151,Proposal Review,2023-07-07,CON0328,OPP0387,45,Follow-up on proposal sent last week.,EMP0061
ACT0152,Webinar,2024-07-18,CON0140,OPP0434,60,Follow-up on proposal sent last week.,EMP0117
ACT0153,Follow-up,2023-02-07,CON0022,OPP0329,60,Executive sponsor confirmed budget.,EMP0142
ACT0154,Email,2022-08-05,CON0776,OPP0197,45,Executive sponsor confirmed budget.,EMP0009
ACT0155,Demo,2023-09-17,CON0214,OPP0303,90,Executive sponsor confirmed budget.,EMP0134
ACT0156,Email,2024-11-04,CON0506,OPP0106,90,Legal review of MSA initiated.,EMP0114
ACT0157,Webinar,2024-11-14,CON0228,OPP0375,30,Contract review scheduled for next month.,EMP0104
ACT0158,Follow-up,2024-08-30,CON0461,OPP0008,45,Follow-up on proposal sent last week.,EMP0060
ACT0159,Call,2022-01-26,CON0638,OPP0468,15,Pricing negotiation in progress.,EMP0050
ACT0160,Site Visit,2022-02-17,CON0191,OPP0280,30,Integration requirements clarified.,EMP0035
ACT0161,Webinar,2023-06-26,CON0171,OPP0497,15,Security questionnaire submitted and reviewed.,EMP0068
ACT0162,Email,2022-12-15,CON0239,OPP0458,15,POC results reviewed - client satisfied.,EMP0009
ACT0163,Webinar,2024-07-11,CON0473,OPP0069,15,Decision maker out of office; rescheduled.,EMP0072
ACT0164,Email,2022-02-10,CON0058,OPP0363,120,Legal review of MSA initiated.,EMP0070
ACT0165,Email,2023-03-17,CON0164,OPP0139,45,Executive sponsor confirmed budget.,EMP0062
ACT0166,Email,2022-05-02,CON0637,OPP0248,120,POC results reviewed - client satisfied.,EMP0080
ACT0167,Email,2022-10-23,CON0148,OPP0385,45,Stakeholder alignment meeting held.,EMP0120
ACT0168,Call,2024-08-30,CON0155,OPP0382,60,Decision maker out of office; rescheduled.,EMP0148
ACT0169,Site Visit,2023-02-24,CON0188,OPP0091,45,Follow-up on proposal sent last week.,EMP0127
ACT0170,Follow-up,2022-10-23,CON0190,OPP0149,15,Decision maker out of office; rescheduled.,EMP0055
ACT0171,Meeting,2024-05-08,CON0103,OPP0056,90,Competitive evaluation underway.,EMP0014
ACT0172,Call,2023-01-30,CON0313,OPP0196,90,Integration requirements clarified.,EMP0026
ACT0173,Site Visit,2023-03-17,CON0052,OPP0244,15,Demo completed - positive reception from technical team.,EMP0140
ACT0174,Site Visit,2024-07-07,CON0712,OPP0335,30,Discussed roadmap and budget approval.,EMP0039
ACT0175,Call,2022-03-07,CON0609,OPP0172,30,Integration requirements clarified.,EMP0107
ACT0176,Meeting,2022-05-24,CON0585,OPP0185,30,Integration requirements clarified.,EMP0140
ACT0177,Call,2022-01-21,CON0348,OPP0239,60,POC results reviewed - client satisfied.,EMP0081
ACT0178,Call,2022-05-03,CON0099,OPP0254,30,Demo completed - positive reception from technical team.,EMP0086
ACT0179,Call,2022-02-23,CON0473,OPP0111,90,Legal review of MSA initiated.,EMP0023
ACT0180,Demo,2022-03-12,CON0671,OPP0232,30,Demo completed - positive reception from technical team.,EMP0024
ACT0181,Email,2023-02-23,CON0554,OPP0417,60,POC results reviewed - client satisfied.,EMP0011
ACT0182,Proposal Review,2022-06-04,CON0671,OPP0200,60,Demo completed - positive reception from technical team.,EMP0048
ACT0183,Email,2022-02-21,CON0260,OPP0162,120,Executive sponsor confirmed budget.,EMP0072
ACT0184,Site Visit,2022-08-18,CON0508,OPP0057,90,Demo completed - positive reception from technical team.,EMP0141
ACT0185,Email,2024-08-28,CON0007,OPP0233,45,Decision maker out of office; rescheduled.,EMP0063
ACT0186,Site Visit,2022-04-21,CON0149,OPP0423,30,Executive sponsor confirmed budget.,EMP0078
ACT0187,Follow-up,2022-09-27,CON0189,OPP0185,30,Follow-up on proposal sent last week.,EMP0102
ACT0188,Call,2022-10-23,CON0351,OPP0093,30,Security questionnaire submitted and reviewed.,EMP0070
ACT0189,Email,2022-10-18,CON0751,OPP0468,120,New requirements gathered for phase 2.,EMP0005
ACT0190,Follow-up,2023-09-17,CON0760,OPP0422,60,Executive sponsor confirmed budget.,EMP0122
ACT0191,Meeting,2024-02-09,CON0632,OPP0012,30,Renewal discussion started for next fiscal year.,EMP0047
ACT0192,Site Visit,2023-12-25,CON0324,OPP0049,30,Security questionnaire submitted and reviewed.,EMP0034
ACT0193,Proposal Review,2024-04-17,CON0081,OPP0334,60,POC results reviewed - client satisfied.,EMP0077
ACT0194,Call,2022-10-02,CON0277,OPP0486,45,Competitive evaluation underway.,EMP0092
ACT0195,Webinar,2022-08-18,CON0392,OPP0019,30,Follow-up on proposal sent last week.,EMP0028
ACT0196,Email,2023-10-17,CON0550,OPP0298,15,Demo completed - positive reception from technical team.,EMP0111
ACT0197,Site Visit,2023-08-08,CON0751,OPP0311,90,Security questionnaire submitted and reviewed.,EMP0106
ACT0198,Follow-up,2024-09-07,CON0570,OPP0220,90,Renewal discussion started for next fiscal year.,EMP0108
ACT0199,Meeting,2023-03-15,CON0475,OPP0195,15,Security questionnaire submitted and reviewed.,EMP0003
ACT0200,Follow-up,2023-10-01,CON0468,OPP0133,15,Stakeholder alignment meeting held.,EMP0060
ACT0201,Proposal Review,2022-07-01,CON0579,OPP0057,90,Discussed roadmap and budget approval.,EMP0126
ACT0202,Follow-up,2022-09-25,CON0088,OPP0224,45,Discussed roadmap and budget approval.,EMP0013
ACT0203,Site Visit,2024-12-19,CON0787,OPP0458,30,Integration requirements clarified.,EMP0033
ACT0204,Demo,2023-10-30,CON0236,OPP0143,90,Decision maker out of office; rescheduled.,EMP0131
ACT0205,Site Visit,2023-07-08,CON0460,OPP0484,15,Stakeholder alignment meeting held.,EMP0041
ACT0206,Email,2023-04-04,CON0588,OPP0495,90,Integration requirements clarified.,EMP0082
ACT0207,Follow-up,2024-06-03,CON0192,OPP0076,120,Competitive evaluation underway.,EMP0003
ACT0208,Meeting,2022-05-16,CON0171,OPP0103,120,New requirements gathered for phase 2.,EMP0126
ACT0209,Meeting,2022-01-30,CON0368,OPP0463,45,Discussed roadmap and budget approval.,EMP0054
ACT0210,Demo,2022-01-05,CON0063,OPP0011,15,Stakeholder alignment meeting held.,EMP0133
ACT0211,Site Visit,2023-05-25,CON0299,OPP0381,120,Integration requirements clarified.,EMP0117
ACT0212,Demo,2022-08-16,CON0627,OPP0003,15,Stakeholder alignment meeting held.,EMP0134
ACT0213,Email,2022-09-06,CON0259,OPP0061,60,Executive sponsor confirmed budget.,EMP0001
ACT0214,Call,2022-07-09,CON0394,OPP0291,120,Renewal discussion started for next fiscal year.,EMP0039
ACT0215,Demo,2022-10-12,CON0702,OPP0254,30,Security questionnaire submitted and reviewed.,EMP0117
ACT0216,Proposal Review,2022-04-02,CON0398,OPP0005,90,Executive sponsor confirmed budget.,EMP0087
ACT0217,Follow-up,2022-06-18,CON0561,OPP0218,60,Decision maker out of office; rescheduled.,EMP0100
ACT0218,Demo,2022-03-25,CON0052,OPP0012,90,Competitive evaluation underway.,EMP0132
ACT0219,Follow-up,2023-03-25,CON0256,OPP0223,15,Security questionnaire submitted and reviewed.,EMP0025
ACT0220,Demo,2024-07-01,CON0085,OPP0476,15,Stakeholder alignment meeting held.,EMP0022
ACT0221,Webinar,2022-07-09,CON0679,OPP0310,90,Renewal discussion started for next fiscal year.,EMP0095
ACT0222,Follow-up,2023-11-07,CON0514,OPP0073,90,Executive sponsor confirmed budget.,EMP0080
ACT0223,Meeting,2022-02-07,CON0194,OPP0326,45,Executive sponsor confirmed budget.,EMP0004
ACT0224,Email,2024-01-14,CON0209,OPP0166,30,Decision maker out of office; rescheduled.,EMP0106
ACT0225,Site Visit,2022-03-03,CON0458,OPP0165,60,POC results reviewed - client satisfied.,EMP0065
ACT0226,Follow-up,2023-07-14,CON0415,OPP0222,60,Demo completed - positive reception from technical team.,EMP0014
ACT0227,Email,2022-04-30,CON0564,OPP0071,45,Security questionnaire submitted and reviewed.,EMP0005
ACT0228,Meeting,2022-07-07,CON0706,OPP0260,30,Security questionnaire submitted and reviewed.,EMP0036
ACT0229,Demo,2024-11-17,CON0458,OPP0306,45,Discussed roadmap and budget approval.,EMP0039
ACT0230,Site Visit,2022-10-16,CON0035,OPP0272,45,Stakeholder alignment meeting held.,EMP0018
ACT0231,Proposal Review,2023-06-21,CON0706,OPP0167,30,Legal review of MSA initiated.,EMP0059
ACT0232,Webinar,2023-01-30,CON0422,OPP0160,30,Security questionnaire submitted and reviewed.,EMP0057
ACT0233,Webinar,2024-07-19,CON0018,OPP0005,45,Follow-up on proposal sent last week.,EMP0041
ACT0234,Email,2022-10-13,CON0565,OPP0360,45,Follow-up on proposal sent last week.,EMP0141
ACT0235,Email,2024-05-07,CON0072,OPP0322,30,Executive sponsor confirmed budget.,EMP0084
ACT0236,Webinar,2022-02-06,CON0294,OPP0341,60,Follow-up on proposal sent last week.,EMP0009
ACT0237,Call,2024-08-09,CON0617,OPP0089,30,Discussed roadmap and budget approval.,EMP0068
ACT0238,Site Visit,2024-04-16,CON0025,OPP0028,15,Demo completed - positive reception from technical team.,EMP0144
ACT0239,Demo,2024-12-05,CON0147,OPP0235,15,Discussed roadmap and budget approval.,EMP0023
ACT0240,Meeting,2023-02-15,CON0131,OPP0291,120,Security questionnaire submitted and reviewed.,EMP0110
ACT0241,Email,2023-12-20,CON0092,OPP0065,15,Renewal discussion started for next fiscal year.,EMP0068
ACT0242,Webinar,2022-01-24,CON0510,OPP0377,60,Integration requirements clarified.,EMP0084
ACT0243,Demo,2023-06-14,CON0320,OPP0196,120,Discussed roadmap and budget approval.,EMP0079
ACT0244,Meeting,2022-10-23,CON0451,OPP0215,30,Competitive evaluation underway.,EMP0077
ACT0245,Site Visit,2022-02-21,CON0110,OPP0319,15,Pricing negotiation in progress.,EMP0061
ACT0246,Call,2024-01-20,CON0512,OPP0369,120,Executive sponsor confirmed budget.,EMP0053
ACT0247,Follow-up,2024-10-04,CON0153,OPP0133,30,Pricing negotiation in progress.,EMP0143
ACT0248,Site Visit,2022-06-20,CON0503,OPP0210,90,Demo completed - positive reception from technical team.,EMP0042
ACT0249,Webinar,2022-07-27,CON0768,OPP0348,30,Competitive evaluation underway.,EMP0118
ACT0250,Meeting,2024-03-18,CON0464,OPP0002,90,Integration requirements clarified.,EMP0108
ACT0251,Site Visit,2023-12-21,CON0716,OPP0401,60,Demo completed - positive reception from technical team.,EMP0034
ACT0252,Follow-up,2022-06-06,CON0637,OPP0451,60,Security questionnaire submitted and reviewed.,EMP0105
ACT0253,Proposal Review,2024-11-11,CON0277,OPP0405,90,Decision maker out of office; rescheduled.,EMP0122
ACT0254,Proposal Review,2022-06-14,CON0679,OPP0082,90,Discussed roadmap and budget approval.,EMP0054
ACT0255,Webinar,2022-01-31,CON0038,OPP0212,15,Executive sponsor confirmed budget.,EMP0131
ACT0256,Follow-up,2024-10-22,CON0580,OPP0248,45,Demo completed - positive reception from technical team.,EMP0033
ACT0257,Demo,2023-10-04,CON0279,OPP0416,30,Decision maker out of office; rescheduled.,EMP0014
ACT0258,Follow-up,2024-05-08,CON0757,OPP0386,60,Stakeholder alignment meeting held.,EMP0040
ACT0259,Email,2022-11-05,CON0089,OPP0173,120,Integration requirements clarified.,EMP0065
ACT0260,Webinar,2022-12-02,CON0366,OPP0132,90,Executive sponsor confirmed budget.,EMP0045
ACT0261,Call,2024-03-29,CON0676,OPP0354,45,Executive sponsor confirmed budget.,EMP0073
ACT0262,Email,2022-09-11,CON0104,OPP0344,120,POC results reviewed - client satisfied.,EMP0127
ACT0263,Demo,2022-06-14,CON0544,OPP0076,60,Contract review scheduled for next month.,EMP0001
ACT0264,Site Visit,2023-04-24,CON0315,OPP0116,45,Renewal discussion started for next fiscal year.,EMP0074
ACT0265,Meeting,2022-05-13,CON0541,OPP0265,45,POC results reviewed - client satisfied.,EMP0108
ACT0266,Call,2024-04-09,CON0415,OPP0133,15,Pricing negotiation in progress.,EMP0026
ACT0267,Email,2022-03-31,CON0187,OPP0047,30,Competitive evaluation underway.,EMP0095
ACT0268,Follow-up,2023-02-06,CON0673,OPP0384,45,Follow-up on proposal sent last week.,EMP0048
ACT0269,Demo,2022-03-02,CON0122,OPP0363,60,Discussed roadmap and budget approval.,EMP0080
ACT0270,Site Visit,2022-01-09,CON0246,OPP0255,30,Follow-up on proposal sent last week.,EMP0130
ACT0271,Site Visit,2022-04-19,CON0060,OPP0104,30,Discussed roadmap and budget approval.,EMP0052
ACT0272,Email,2024-07-03,CON0564,OPP0424,90,POC results reviewed - client satisfied.,EMP0013
ACT0273,Email,2022-07-03,CON0283,OPP0017,15,Contract review scheduled for next month.,EMP0077
ACT0274,Proposal Review,2022-08-28,CON0247,OPP0055,120,Legal review of MSA initiated.,EMP0026
ACT0275,Proposal Review,2024-04-29,CON0047,OPP0400,120,Follow-up on proposal sent last week.,EMP0100
ACT0276,Meeting,2023-12-28,CON0701,OPP0367,90,Executive sponsor confirmed budget.,EMP0014
ACT0277,Follow-up,2022-07-21,CON0596,OPP0332,45,Competitive evaluation underway.,EMP0120
ACT0278,Webinar,2024-01-17,CON0010,OPP0322,15,Follow-up on proposal sent last week.,EMP0053
ACT0279,Proposal Review,2023-11-29,CON0229,OPP0173,90,Demo completed - positive reception from technical team.,EMP0031
ACT0280,Call,2024-08-25,CON0171,OPP0286,90,Renewal discussion started for next fiscal year.,EMP0114
ACT0281,Call,2024-08-23,CON0141,OPP0400,60,POC results reviewed - client satisfied.,EMP0015
ACT0282,Demo,2024-08-16,CON0115,OPP0485,60,Follow-up on proposal sent last week.,EMP0110
ACT0283,Call,2024-11-14,CON0114,OPP0399,90,Legal review of MSA initiated.,EMP0040
ACT0284,Meeting,2023-02-20,CON0694,OPP0306,90,Renewal discussion started for next fiscal year.,EMP0099
ACT0285,Follow-up,2024-09-12,CON0503,OPP0397,15,Stakeholder alignment meeting held.,EMP0051
ACT0286,Proposal Review,2023-11-25,CON0233,OPP0021,60,Security questionnaire submitted and reviewed.,EMP0108
ACT0287,Email,2022-01-15,CON0187,OPP0409,45,Stakeholder alignment meeting held.,EMP0004
ACT0288,Webinar,2023-12-22,CON0477,OPP0444,90,Discussed roadmap and budget approval.,EMP0004
ACT0289,Meeting,2023-06-11,CON0686,OPP0445,45,Contract review scheduled for next month.,EMP0035
ACT0290,Demo,2024-03-20,CON0191,OPP0084,15,Integration requirements clarified.,EMP0150
ACT0291,Call,2024-02-27,CON0617,OPP0343,60,Stakeholder alignment meeting held.,EMP0091
ACT0292,Proposal Review,2023-06-16,CON0408,OPP0342,60,Discussed roadmap and budget approval.,EMP0100
ACT0293,Proposal Review,2024-01-01,CON0068,OPP0224,90,New requirements gathered for phase 2.,EMP0031
ACT0294,Demo,2024-01-17,CON0714,OPP0384,30,Follow-up on proposal sent last week.,EMP0083
ACT0295,Call,2022-08-25,CON0417,OPP0459,45,Competitive evaluation underway.,EMP0038
ACT0296,Site Visit,2022-05-29,CON0005,OPP0246,15,Contract review scheduled for next month.,EMP0051
ACT0297,Webinar,2022-04-06,CON0665,OPP0268,45,Security questionnaire submitted and reviewed.,EMP0041
ACT0298,Follow-up,2023-03-10,CON0720,OPP0384,120,Follow-up on proposal sent last week.,EMP0138
ACT0299,Demo,2022-10-08,CON0296,OPP0278,45,Stakeholder alignment meeting held.,EMP0017
ACT0300,Demo,2022-02-18,CON0011,OPP0155,15,New requirements gathered for phase 2.,EMP0109
ACT0301,Email,2022-02-01,CON0324,OPP0440,30,Discussed roadmap and budget approval.,EMP0038
ACT0302,Email,2024-01-25,CON0073,OPP0194,60,New requirements gathered for phase 2.,EMP0094
ACT0303,Site Visit,2023-08-19,CON0414,OPP0366,30,Contract review scheduled for next month.,EMP0085
ACT0304,Demo,2023-09-27,CON0564,OPP0047,15,Discussed roadmap and budget approval.,EMP0084
ACT0305,Call,2022-08-31,CON0780,OPP0142,60,Integration requirements clarified.,EMP0067
ACT0306,Meeting,2024-10-01,CON0518,OPP0420,90,Executive sponsor confirmed budget.,EMP0109
ACT0307,Email,2023-10-18,CON0484,OPP0127,90,Pricing negotiation in progress.,EMP0083
ACT0308,Email,2022-10-08,CON0560,OPP0395,15,Security questionnaire submitted and reviewed.,EMP0115
ACT0309,Proposal Review,2023-11-06,CON0101,OPP0069,30,POC results reviewed - client satisfied.,EMP0096
ACT0310,Proposal Review,2024-11-03,CON0101,OPP0175,45,Decision maker out of office; rescheduled.,EMP0040
ACT0311,Site Visit,2022-04-04,CON0781,OPP0344,90,Legal review of MSA initiated.,EMP0042
ACT0312,Demo,2024-02-25,CON0020,OPP0079,45,Executive sponsor confirmed budget.,EMP0075
ACT0313,Site Visit,2024-01-28,CON0791,OPP0144,60,Executive sponsor confirmed budget.,EMP0119
ACT0314,Proposal Review,2022-10-17,CON0038,OPP0184,15,Legal review of MSA initiated.,EMP0027
ACT0315,Call,2024-08-01,CON0209,OPP0032,90,Legal review of MSA initiated.,EMP0032
ACT0316,Webinar,2024-02-26,CON0270,OPP0387,120,Legal review of MSA initiated.,EMP0137
ACT0317,Demo,2024-09-12,CON0681,OPP0371,15,Contract review scheduled for next month.,EMP0026
ACT0318,Proposal Review,2023-10-14,CON0315,OPP0117,90,Discussed roadmap and budget approval.,EMP0048
ACT0319,Proposal Review,2023-08-31,CON0075,OPP0431,45,Stakeholder alignment meeting held.,EMP0084
ACT0320,Proposal Review,2023-01-06,CON0393,OPP0026,30,POC results reviewed - client satisfied.,EMP0045
ACT0321,Webinar,2023-06-16,CON0790,OPP0385,60,Renewal discussion started for next fiscal year.,EMP0136
ACT0322,Site Visit,2022-10-30,CON0462,OPP0096,90,Stakeholder alignment meeting held.,EMP0077
ACT0323,Call,2024-07-07,CON0427,OPP0220,45,Demo completed - positive reception from technical team.,EMP0003
ACT0324,Proposal Review,2024-02-12,CON0700,OPP0106,30,Legal review of MSA initiated.,EMP0018
ACT0325,Demo,2023-11-24,CON0214,OPP0373,90,Security questionnaire submitted and reviewed.,EMP0103
ACT0326,Proposal Review,2024-05-05,CON0709,OPP0071,45,POC results reviewed - client satisfied.,EMP0033
ACT0327,Demo,2024-12-19,CON0442,OPP0370,90,Competitive evaluation underway.,EMP0122
ACT0328,Call,2024-04-12,CON0688,OPP0356,15,Executive sponsor confirmed budget.,EMP0068
ACT0329,Site Visit,2023-04-24,CON0181,OPP0030,120,Pricing negotiation in progress.,EMP0095
ACT0330,Demo,2023-06-16,CON0007,OPP0178,15,Renewal discussion started for next fiscal year.,EMP0135
ACT0331,Meeting,2024-08-29,CON0205,OPP0296,60,New requirements gathered for phase 2.,EMP0022
ACT0332,Webinar,2024-07-09,CON0440,OPP0488,45,Executive sponsor confirmed budget.,EMP0003
ACT0333,Webinar,2023-01-28,CON0699,OPP0336,120,Pricing negotiation in progress.,EMP0106
ACT0334,Proposal Review,2022-04-29,CON0755,OPP0243,90,POC results reviewed - client satisfied.,EMP0119
ACT0335,Proposal Review,2023-11-26,CON0353,OPP0131,30,Integration requirements clarified.,EMP0020
ACT0336,Call,2023-05-10,CON0540,OPP0133,30,Competitive evaluation underway.,EMP0047
ACT0337,Proposal Review,2023-03-07,CON0413,OPP0384,30,Legal review of MSA initiated.,EMP0053
ACT0338,Meeting,2022-05-03,CON0724,OPP0091,30,Renewal discussion started for next fiscal year.,EMP0038
ACT0339,Proposal Review,2022-07-31,CON0109,OPP0390,15,Competitive evaluation underway.,EMP0119
ACT0340,Webinar,2024-09-30,CON0437,OPP0311,15,Legal review of MSA initiated.,EMP0028
ACT0341,Site Visit,2022-12-03,CON0059,OPP0400,45,Demo completed - positive reception from technical team.,EMP0140
ACT0342,Webinar,2022-08-22,CON0296,OPP0138,90,Integration requirements clarified.,EMP0148
ACT0343,Demo,2022-03-08,CON0384,OPP0090,15,Competitive evaluation underway.,EMP0109
ACT0344,Call,2023-03-01,CON0599,OPP0439,30,Demo completed - positive reception from technical team.,EMP0008
ACT0345,Meeting,2024-04-26,CON0583,OPP0407,90,Discussed roadmap and budget approval.,EMP0025
ACT0346,Follow-up,2023-01-13,CON0695,OPP0204,45,Legal review of MSA initiated.,EMP0020
ACT0347,Call,2024-05-14,CON0560,OPP0013,15,Legal review of MSA initiated.,EMP0119
ACT0348,Call,2023-03-19,CON0083,OPP0205,30,Legal review of MSA initiated.,EMP0011
ACT0349,Webinar,2022-01-23,CON0034,OPP0150,90,Contract review scheduled for next month.,EMP0054
ACT0350,Meeting,2024-04-26,CON0470,OPP0094,45,Security questionnaire submitted and reviewed.,EMP0072
ACT0351,Site Visit,2023-04-04,CON0116,OPP0442,60,Demo completed - positive reception from technical team.,EMP0145
ACT0352,Follow-up,2024-06-27,CON0444,OPP0124,90,Discussed roadmap and budget approval.,EMP0139
ACT0353,Demo,2022-03-08,CON0760,OPP0204,45,Decision maker out of office; rescheduled.,EMP0016
ACT0354,Meeting,2023-12-18,CON0631,OPP0374,90,Competitive evaluation underway.,EMP0141
ACT0355,Webinar,2022-08-11,CON0716,OPP0310,30,New requirements gathered for phase 2.,EMP0058
ACT0356,Meeting,2024-08-04,CON0718,OPP0081,60,Demo completed - positive reception from technical team.,EMP0139
ACT0357,Email,2022-11-24,CON0587,OPP0061,60,Contract review scheduled for next month.,EMP0090
ACT0358,Call,2023-09-04,CON0791,OPP0289,60,Discussed roadmap and budget approval.,EMP0033
ACT0359,Site Visit,2024-05-09,CON0464,OPP0203,120,Pricing negotiation in progress.,EMP0044
ACT0360,Proposal Review,2022-12-07,CON0567,OPP0330,45,Pricing negotiation in progress.,EMP0053
ACT0361,Proposal Review,2023-06-27,CON0639,OPP0384,120,POC results reviewed - client satisfied.,EMP0096
ACT0362,Call,2024-07-16,CON0741,OPP0001,90,Competitive evaluation underway.,EMP0140
ACT0363,Site Visit,2023-09-10,CON0003,OPP0215,120,Legal review of MSA initiated.,EMP0094
ACT0364,Site Visit,2022-02-14,CON0174,OPP0023,90,Discussed roadmap and budget approval.,EMP0027
ACT0365,Meeting,2022-04-06,CON0170,OPP0096,15,Security questionnaire submitted and reviewed.,EMP0096
ACT0366,Follow-up,2023-05-03,CON0635,OPP0017,45,Decision maker out of office; rescheduled.,EMP0139
ACT0367,Call,2023-04-07,CON0178,OPP0461,30,Pricing negotiation in progress.,EMP0050
ACT0368,Demo,2023-02-27,CON0178,OPP0004,30,Contract review scheduled for next month.,EMP0092
ACT0369,Email,2022-03-25,CON0158,OPP0415,45,Security questionnaire submitted and reviewed.,EMP0085
ACT0370,Webinar,2022-05-02,CON0117,OPP0317,120,Contract review scheduled for next month.,EMP0087
ACT0371,Follow-up,2023-11-04,CON0736,OPP0350,15,Contract review scheduled for next month.,EMP0104
ACT0372,Follow-up,2023-03-03,CON0639,OPP0100,30,Contract review scheduled for next month.,EMP0042
ACT0373,Follow-up,2023-05-20,CON0404,OPP0471,30,POC results reviewed - client satisfied.,EMP0110
ACT0374,Meeting,2022-01-15,CON0551,OPP0014,45,POC results reviewed - client satisfied.,EMP0138
ACT0375,Demo,2022-09-08,CON0130,OPP0426,45,Executive sponsor confirmed budget.,EMP0070
ACT0376,Email,2022-11-28,CON0594,OPP0030,60,Executive sponsor confirmed budget.,EMP0086
ACT0377,Site Visit,2023-10-04,CON0627,OPP0308,90,Demo completed - positive reception from technical team.,EMP0015
ACT0378,Email,2022-10-20,CON0249,OPP0496,60,Integration requirements clarified.,EMP0051
ACT0379,Email,2024-09-12,CON0471,OPP0159,90,Pricing negotiation in progress.,EMP0072
ACT0380,Meeting,2022-05-15,CON0016,OPP0197,30,POC results reviewed - client satisfied.,EMP0069
ACT0381,Email,2023-02-21,CON0459,OPP0176,90,Executive sponsor confirmed budget.,EMP0026
ACT0382,Meeting,2023-01-06,CON0406,OPP0229,15,New requirements gathered for phase 2.,EMP0059
ACT0383,Email,2024-09-13,CON0382,OPP0119,120,Integration requirements clarified.,EMP0033
ACT0384,Site Visit,2023-07-16,CON0485,OPP0164,30,Renewal discussion started for next fiscal year.,EMP0131
ACT0385,Site Visit,2023-05-31,CON0393,OPP0053,30,New requirements gathered for phase 2.,EMP0007
ACT0386,Site Visit,2022-09-04,CON0460,OPP0415,30,Discussed roadmap and budget approval.,EMP0002
ACT0387,Meeting,2024-12-27,CON0276,OPP0162,30,Decision maker out of office; rescheduled.,EMP0016
ACT0388,Demo,2022-12-07,CON0723,OPP0055,15,Pricing negotiation in progress.,EMP0059
ACT0389,Webinar,2023-12-28,CON0011,OPP0163,15,Decision maker out of office; rescheduled.,EMP0054
ACT0390,Meeting,2022-07-25,CON0596,OPP0328,15,Decision maker out of office; rescheduled.,EMP0061
ACT0391,Call,2024-11-25,CON0453,OPP0249,90,Legal review of MSA initiated.,EMP0036
ACT0392,Follow-up,2024-08-12,CON0620,OPP0499,30,Pricing negotiation in progress.,EMP0065
ACT0393,Meeting,2022-11-11,CON0096,OPP0257,90,Contract review scheduled for next month.,EMP0066
ACT0394,Webinar,2022-08-13,CON0605,OPP0093,120,Security questionnaire submitted and reviewed.,EMP0002
ACT0395,Follow-up,2024-09-16,CON0505,OPP0022,60,Legal review of MSA initiated.,EMP0098
ACT0396,Demo,2023-03-04,CON0241,OPP0388,30,POC results reviewed - client satisfied.,EMP0143
ACT0397,Site Visit,2023-12-27,CON0098,OPP0184,90,Discussed roadmap and budget approval.,EMP0043
ACT0398,Webinar,2024-08-14,CON0734,OPP0278,120,Decision maker out of office; rescheduled.,EMP0111
ACT0399,Follow-up,2022-04-28,CON0533,OPP0171,120,Stakeholder alignment meeting held.,EMP0092
ACT0400,Demo,2022-12-18,CON0794,OPP0165,120,Integration requirements clarified.,EMP0123
ACT0401,Meeting,2024-04-08,CON0177,OPP0010,120,Stakeholder alignment meeting held.,EMP0069
ACT0402,Site Visit,2024-09-14,CON0129,OPP0338,90,Executive sponsor confirmed budget.,EMP0044
ACT0403,Webinar,2023-09-17,CON0222,OPP0442,120,Competitive evaluation underway.,EMP0082
ACT0404,Webinar,2022-06-14,CON0600,OPP0201,30,Stakeholder alignment meeting held.,EMP0041
ACT0405,Meeting,2023-01-11,CON0359,OPP0005,15,Stakeholder alignment meeting held.,EMP0047
ACT0406,Webinar,2024-04-10,CON0173,OPP0388,45,Legal review of MSA initiated.,EMP0045
ACT0407,Site Visit,2023-01-22,CON0604,OPP0390,45,Security questionnaire submitted and reviewed.,EMP0047
ACT0408,Call,2022-07-05,CON0174,OPP0406,30,Contract review scheduled for next month.,EMP0071
ACT0409,Email,2023-08-12,CON0584,OPP0294,30,POC results reviewed - client satisfied.,EMP0003
ACT0410,Call,2024-05-05,CON0404,OPP0088,120,Legal review of MSA initiated.,EMP0011
ACT0411,Meeting,2024-04-19,CON0409,OPP0001,45,Security questionnaire submitted and reviewed.,EMP0088
ACT0412,Call,2024-01-10,CON0441,OPP0100,30,Follow-up on proposal sent last week.,EMP0123
ACT0413,Follow-up,2022-03-22,CON0020,OPP0368,30,POC results reviewed - client satisfied.,EMP0020
ACT0414,Call,2022-06-22,CON0589,OPP0113,30,Pricing negotiation in progress.,EMP0052
ACT0415,Meeting,2022-10-03,CON0165,OPP0153,60,Follow-up on proposal sent last week.,EMP0023
ACT0416,Demo,2024-02-22,CON0006,OPP0356,15,Integration requirements clarified.,EMP0006
ACT0417,Meeting,2024-08-02,CON0498,OPP0338,15,Pricing negotiation in progress.,EMP0103
ACT0418,Follow-up,2024-03-30,CON0114,OPP0473,120,New requirements gathered for phase 2.,EMP0108
ACT0419,Call,2024-08-28,CON0447,OPP0446,30,Integration requirements clarified.,EMP0073
ACT0420,Demo,2024-12-12,CON0731,OPP0481,45,Discussed roadmap and budget approval.,EMP0004
ACT0421,Webinar,2023-04-13,CON0475,OPP0089,30,Decision maker out of office; rescheduled.,EMP0109
ACT0422,Email,2024-06-29,CON0436,OPP0338,30,Competitive evaluation underway.,EMP0058
ACT0423,Email,2023-02-26,CON0203,OPP0403,60,Follow-up on proposal sent last week.,EMP0004
ACT0424,Follow-up,2023-08-03,CON0730,OPP0048,60,Decision maker out of office; rescheduled.,EMP0036
ACT0425,Demo,2022-07-23,CON0399,OPP0179,45,Security questionnaire submitted and reviewed.,EMP0074
ACT0426,Email,2023-02-07,CON0471,OPP0092,60,Legal review of MSA initiated.,EMP0100
ACT0427,Webinar,2024-09-03,CON0431,OPP0458,15,Integration requirements clarified.,EMP0054
ACT0428,Follow-up,2023-08-22,CON0185,OPP0320,15,Competitive evaluation underway.,EMP0072
ACT0429,Site Visit,2022-05-23,CON0485,OPP0168,45,Follow-up on proposal sent last week.,EMP0131
ACT0430,Proposal Review,2022-02-10,CON0089,OPP0428,60,POC results reviewed - client satisfied.,EMP0145
ACT0431,Demo,2022-12-20,CON0307,OPP0358,30,Discussed roadmap and budget approval.,EMP0044
ACT0432,Follow-up,2023-03-25,CON0456,OPP0158,45,Executive sponsor confirmed budget.,EMP0069
ACT0433,Email,2024-10-13,CON0173,OPP0113,45,Pricing negotiation in progress.,EMP0110
ACT0434,Webinar,2023-02-07,CON0514,OPP0422,60,POC results reviewed - client satisfied.,EMP0066
ACT0435,Proposal Review,2022-01-23,CON0170,OPP0184,45,Executive sponsor confirmed budget.,EMP0138
ACT0436,Webinar,2023-04-07,CON0388,OPP0432,30,Integration requirements clarified.,EMP0144
ACT0437,Call,2023-07-30,CON0705,OPP0240,30,Contract review scheduled for next month.,EMP0133
ACT0438,Site Visit,2023-06-30,CON0065,OPP0335,15,Discussed roadmap and budget approval.,EMP0087
ACT0439,Demo,2024-10-22,CON0346,OPP0321,45,Legal review of MSA initiated.,EMP0069
ACT0440,Meeting,2022-07-07,CON0401,OPP0372,45,Contract review scheduled for next month.,EMP0083
ACT0441,Call,2022-03-08,CON0596,OPP0400,30,Legal review of MSA initiated.,EMP0137
ACT0442,Email,2023-06-21,CON0689,OPP0219,15,Decision maker out of office; rescheduled.,EMP0126
ACT0443,Site Visit,2022-07-12,CON0301,OPP0114,60,Stakeholder alignment meeting held.,EMP0134
ACT0444,Follow-up,2023-07-19,CON0218,OPP0235,15,Integration requirements clarified.,EMP0097
ACT0445,Email,2024-07-13,CON0668,OPP0494,45,Security questionnaire submitted and reviewed.,EMP0107
ACT0446,Follow-up,2024-04-28,CON0479,OPP0068,120,Security questionnaire submitted and reviewed.,EMP0100
ACT0447,Demo,2024-04-07,CON0567,OPP0474,15,Pricing negotiation in progress.,EMP0077
ACT0448,Email,2024-11-29,CON0382,OPP0419,90,New requirements gathered for phase 2.,EMP0147
ACT0449,Call,2022-05-03,CON0153,OPP0232,60,Security questionnaire submitted and reviewed.,EMP0043
ACT0450,Email,2022-01-23,CON0796,OPP0265,45,Pricing negotiation in progress.,EMP0011
ACT0451,Proposal Review,2024-02-28,CON0021,OPP0149,30,Pricing negotiation in progress.,EMP0106
ACT0452,Site Visit,2022-03-10,CON0346,OPP0461,15,Contract review scheduled for next month.,EMP0064
ACT0453,Proposal Review,2023-07-01,CON0436,OPP0304,90,Contract review scheduled for next month.,EMP0055
ACT0454,Call,2024-03-22,CON0495,OPP0331,60,Renewal discussion started for next fiscal year.,EMP0055
ACT0455,Call,2024-04-08,CON0483,OPP0359,15,Stakeholder alignment meeting held.,EMP0035
ACT0456,Meeting,2023-01-11,CON0431,OPP0211,60,Security questionnaire submitted and reviewed.,EMP0148
ACT0457,Follow-up,2022-06-16,CON0630,OPP0009,90,Legal review of MSA initiated.,EMP0131
ACT0458,Site Visit,2023-11-05,CON0224,OPP0258,45,Renewal discussion started for next fiscal year.,EMP0012
ACT0459,Site Visit,2024-08-22,CON0770,OPP0106,90,Integration requirements clarified.,EMP0053
ACT0460,Follow-up,2022-12-13,CON0714,OPP0264,120,POC results reviewed - client satisfied.,EMP0129
ACT0461,Proposal Review,2024-03-29,CON0025,OPP0380,45,Executive sponsor confirmed budget.,EMP0083
ACT0462,Call,2023-09-12,CON0585,OPP0071,30,Competitive evaluation underway.,EMP0031
ACT0463,Proposal Review,2022-05-01,CON0269,OPP0332,90,Integration requirements clarified.,EMP0020
ACT0464,Site Visit,2024-06-25,CON0031,OPP0209,60,Contract review scheduled for next month.,EMP0048
ACT0465,Call,2022-05-23,CON0412,OPP0391,30,POC results reviewed - client satisfied.,EMP0004
ACT0466,Proposal Review,2023-01-28,CON0595,OPP0298,30,Executive sponsor confirmed budget.,EMP0131
ACT0467,Email,2022-11-24,CON0503,OPP0062,90,Demo completed - positive reception from technical team.,EMP0108
ACT0468,Webinar,2023-02-22,CON0792,OPP0412,30,Legal review of MSA initiated.,EMP0024
ACT0469,Proposal Review,2022-01-13,CON0547,OPP0217,45,POC results reviewed - client satisfied.,EMP0068
ACT0470,Meeting,2024-04-09,CON0602,OPP0150,30,Discussed roadmap and budget approval.,EMP0053
ACT0471,Demo,2022-06-28,CON0691,OPP0395,30,Pricing negotiation in progress.,EMP0078
ACT0472,Call,2022-08-20,CON0290,OPP0184,90,POC results reviewed - client satisfied.,EMP0108
ACT0473,Proposal Review,2022-02-24,CON0390,OPP0307,30,Follow-up on proposal sent last week.,EMP0088
ACT0474,Proposal Review,2023-01-24,CON0003,OPP0189,45,POC results reviewed - client satisfied.,EMP0136
ACT0475,Meeting,2023-07-11,CON0238,OPP0288,90,New requirements gathered for phase 2.,EMP0072
ACT0476,Demo,2022-04-22,CON0715,OPP0076,120,Renewal discussion started for next fiscal year.,EMP0020
ACT0477,Proposal Review,2022-08-17,CON0425,OPP0242,90,Competitive evaluation underway.,EMP0002
ACT0478,Site Visit,2024-02-11,CON0657,OPP0139,120,Contract review scheduled for next month.,EMP0030
ACT0479,Webinar,2024-12-16,CON0594,OPP0443,15,Follow-up on proposal sent last week.,EMP0098
ACT0480,Follow-up,2022-10-18,CON0670,OPP0262,15,Pricing negotiation in progress.,EMP0001
ACT0481,Demo,2024-07-08,CON0794,OPP0024,15,Legal review of MSA initiated.,EMP0014
ACT0482,Meeting,2024-04-24,CON0646,OPP0153,15,Legal review of MSA initiated.,EMP0013
ACT0483,Demo,2022-03-05,CON0526,OPP0323,90,Discussed roadmap and budget approval.,EMP0133
ACT0484,Email,2024-07-19,CON0164,OPP0206,30,Stakeholder alignment meeting held.,EMP0043
ACT0485,Site Visit,2022-12-23,CON0667,OPP0446,45,Competitive evaluation underway.,EMP0077
ACT0486,Webinar,2022-03-03,CON0677,OPP0436,15,Legal review of MSA initiated.,EMP0038
ACT0487,Webinar,2023-01-12,CON0657,OPP0332,60,Renewal discussion started for next fiscal year.,EMP0071
ACT0488,Email,2022-06-04,CON0430,OPP0277,15,Integration requirements clarified.,EMP0029
ACT0489,Site Visit,2022-08-14,CON0176,OPP0410,60,Integration requirements clarified.,EMP0101
ACT0490,Meeting,2022-02-01,CON0571,OPP0017,90,Demo completed - positive reception from technical team.,EMP0005
ACT0491,Demo,2022-09-03,CON0468,OPP0030,120,Executive sponsor confirmed budget.,EMP0045
ACT0492,Site Visit,2023-02-03,CON0689,OPP0462,45,Decision maker out of office; rescheduled.,EMP0069
ACT0493,Demo,2023-10-30,CON0610,OPP0196,120,Renewal discussion started for next fiscal year.,EMP0048
ACT0494,Follow-up,2023-11-16,CON0535,OPP0349,60,Security questionnaire submitted and reviewed.,EMP0002
ACT0495,Email,2023-01-01,CON0012,OPP0377,120,Decision maker out of office; rescheduled.,EMP0037
ACT0496,Follow-up,2022-11-29,CON0674,OPP0449,45,Contract review scheduled for next month.,EMP0105
ACT0497,Call,2022-07-04,CON0160,OPP0490,30,Legal review of MSA initiated.,EMP0094
ACT0498,Demo,2022-01-19,CON0188,OPP0283,45,POC results reviewed - client satisfied.,EMP0116
ACT0499,Site Visit,2022-05-01,CON0256,OPP0313,60,Renewal discussion started for next fiscal year.,EMP0115
ACT0500,Call,2022-09-28,CON0773,OPP0151,30,Integration requirements clarified.,EMP0082
ACT0501,Meeting,2023-09-24,CON0044,OPP0181,45,Contract review scheduled for next month.,EMP0109
ACT0502,Follow-up,2024-10-23,CON0772,OPP0041,120,Stakeholder alignment meeting held.,EMP0113
ACT0503,Webinar,2023-07-25,CON0696,OPP0009,30,Competitive evaluation underway.,EMP0103
ACT0504,Follow-up,2024-11-10,CON0560,OPP0076,15,Pricing negotiation in progress.,EMP0146
ACT0505,Proposal Review,2024-10-17,CON0255,OPP0266,45,Decision maker out of office; rescheduled.,EMP0103
ACT0506,Site Visit,2022-11-08,CON0203,OPP0492,30,Contract review scheduled for next month.,EMP0110
ACT0507,Call,2024-02-20,CON0413,OPP0414,60,POC results reviewed - client satisfied.,EMP0136
ACT0508,Site Visit,2023-08-05,CON0600,OPP0038,30,Pricing negotiation in progress.,EMP0149
ACT0509,Follow-up,2024-09-19,CON0683,OPP0464,30,Demo completed - positive reception from technical team.,EMP0013
ACT0510,Follow-up,2023-01-16,CON0620,OPP0269,60,Demo completed - positive reception from technical team.,EMP0043
ACT0511,Site Visit,2022-09-21,CON0012,OPP0197,60,Integration requirements clarified.,EMP0019
ACT0512,Proposal Review,2024-04-15,CON0182,OPP0097,45,Integration requirements clarified.,EMP0040
ACT0513,Demo,2023-03-18,CON0329,OPP0385,90,New requirements gathered for phase 2.,EMP0123
ACT0514,Site Visit,2024-11-20,CON0476,OPP0364,60,Legal review of MSA initiated.,EMP0048
ACT0515,Webinar,2024-06-07,CON0013,OPP0155,15,Contract review scheduled for next month.,EMP0066
ACT0516,Meeting,2022-04-11,CON0536,OPP0486,45,Security questionnaire submitted and reviewed.,EMP0064
ACT0517,Email,2023-11-02,CON0205,OPP0309,90,New requirements gathered for phase 2.,EMP0049
ACT0518,Email,2022-11-13,CON0130,OPP0207,15,Discussed roadmap and budget approval.,EMP0002
ACT0519,Email,2023-08-17,CON0305,OPP0026,120,Renewal discussion started for next fiscal year.,EMP0120
ACT0520,Site Visit,2022-10-28,CON0632,OPP0371,120,Follow-up on proposal sent last week.,EMP0079
ACT0521,Demo,2022-03-11,CON0292,OPP0375,90,Follow-up on proposal sent last week.,EMP0056
ACT0522,Follow-up,2022-08-31,CON0018,OPP0105,90,Executive sponsor confirmed budget.,EMP0148
ACT0523,Proposal Review,2023-10-21,CON0156,OPP0462,120,Competitive evaluation underway.,EMP0140
ACT0524,Proposal Review,2022-09-29,CON0034,OPP0303,90,Stakeholder alignment meeting held.,EMP0112
ACT0525,Webinar,2024-02-25,CON0305,OPP0082,120,Executive sponsor confirmed budget.,EMP0035
ACT0526,Follow-up,2022-01-24,CON0338,OPP0318,120,Renewal discussion started for next fiscal year.,EMP0039
ACT0527,Call,2024-11-28,CON0188,OPP0120,45,Competitive evaluation underway.,EMP0060
ACT0528,Call,2024-09-19,CON0437,OPP0220,90,Executive sponsor confirmed budget.,EMP0027
ACT0529,Follow-up,2024-03-31,CON0129,OPP0469,90,Competitive evaluation underway.,EMP0140
ACT0530,Call,2024-01-28,CON0412,OPP0274,30,Security questionnaire submitted and reviewed.,EMP0002
ACT0531,Email,2024-08-28,CON0675,OPP0187,30,Renewal discussion started for next fiscal year.,EMP0001
ACT0532,Proposal Review,2024-04-16,CON0419,OPP0052,90,Integration requirements clarified.,EMP0147
ACT0533,Webinar,2024-09-10,CON0157,OPP0388,120,Security questionnaire submitted and reviewed.,EMP0075
ACT0534,Call,2023-09-27,CON0254,OPP0408,45,Legal review of MSA initiated.,EMP0066
ACT0535,Email,2022-12-01,CON0326,OPP0116,15,Renewal discussion started for next fiscal year.,EMP0050
ACT0536,Proposal Review,2023-10-09,CON0415,OPP0050,15,Discussed roadmap and budget approval.,EMP0128
ACT0537,Proposal Review,2024-10-12,CON0202,OPP0329,30,Follow-up on proposal sent last week.,EMP0128
ACT0538,Webinar,2022-05-08,CON0232,OPP0215,15,Executive sponsor confirmed budget.,EMP0148
ACT0539,Meeting,2022-04-03,CON0151,OPP0356,45,Competitive evaluation underway.,EMP0150
ACT0540,Email,2023-02-11,CON0529,OPP0248,30,Contract review scheduled for next month.,EMP0118
ACT0541,Call,2023-01-24,CON0306,OPP0375,30,Executive sponsor confirmed budget.,EMP0076
ACT0542,Follow-up,2023-07-18,CON0460,OPP0147,90,POC results reviewed - client satisfied.,EMP0001
ACT0543,Follow-up,2024-10-07,CON0442,OPP0014,60,New requirements gathered for phase 2.,EMP0137
ACT0544,Site Visit,2022-09-21,CON0794,OPP0116,45,Follow-up on proposal sent last week.,EMP0002
ACT0545,Proposal Review,2024-04-26,CON0330,OPP0040,90,Follow-up on proposal sent last week.,EMP0121
ACT0546,Call,2024-01-02,CON0092,OPP0248,120,Contract review scheduled for next month.,EMP0043
ACT0547,Webinar,2022-06-10,CON0275,OPP0181,60,Contract review scheduled for next month.,EMP0066
ACT0548,Call,2022-05-31,CON0572,OPP0407,45,Stakeholder alignment meeting held.,EMP0001
ACT0549,Webinar,2023-12-11,CON0558,OPP0380,15,New requirements gathered for phase 2.,EMP0025
ACT0550,Webinar,2024-07-14,CON0267,OPP0139,120,Executive sponsor confirmed budget.,EMP0101
ACT0551,Webinar,2023-05-25,CON0617,OPP0342,15,Security questionnaire submitted and reviewed.,EMP0102
ACT0552,Call,2024-10-04,CON0485,OPP0002,15,Decision maker out of office; rescheduled.,EMP0003
ACT0553,Demo,2022-01-26,CON0735,OPP0160,45,Security questionnaire submitted and reviewed.,EMP0080
ACT0554,Email,2023-07-20,CON0019,OPP0390,30,POC results reviewed - client satisfied.,EMP0140
ACT0555,Meeting,2022-12-31,CON0084,OPP0412,90,Discussed roadmap and budget approval.,EMP0054
ACT0556,Site Visit,2024-03-17,CON0788,OPP0083,120,New requirements gathered for phase 2.,EMP0011
ACT0557,Demo,2024-11-18,CON0381,OPP0469,90,Stakeholder alignment meeting held.,EMP0103
ACT0558,Follow-up,2022-02-13,CON0676,OPP0228,90,Stakeholder alignment meeting held.,EMP0004
ACT0559,Meeting,2024-03-13,CON0330,OPP0081,90,New requirements gathered for phase 2.,EMP0087
ACT0560,Email,2024-02-22,CON0290,OPP0355,60,New requirements gathered for phase 2.,EMP0053
ACT0561,Demo,2023-04-30,CON0351,OPP0370,60,Demo completed - positive reception from technical team.,EMP0052
ACT0562,Call,2023-01-24,CON0620,OPP0240,45,Decision maker out of office; rescheduled.,EMP0006
ACT0563,Call,2024-06-03,CON0500,OPP0022,90,New requirements gathered for phase 2.,EMP0143
ACT0564,Proposal Review,2022-03-29,CON0611,OPP0087,15,Renewal discussion started for next fiscal year.,EMP0031
ACT0565,Email,2023-08-01,CON0228,OPP0041,15,Contract review scheduled for next month.,EMP0038
ACT0566,Site Visit,2024-02-15,CON0103,OPP0050,45,Stakeholder alignment meeting held.,EMP0071
ACT0567,Webinar,2022-04-07,CON0352,OPP0084,60,Contract review scheduled for next month.,EMP0048
ACT0568,Email,2022-08-17,CON0609,OPP0336,60,Discussed roadmap and budget approval.,EMP0076
ACT0569,Proposal Review,2022-11-22,CON0151,OPP0010,45,Contract review scheduled for next month.,EMP0121
ACT0570,Call,2024-09-01,CON0489,OPP0488,45,Pricing negotiation in progress.,EMP0072
ACT0571,Follow-up,2024-09-10,CON0744,OPP0358,15,Competitive evaluation underway.,EMP0137
ACT0572,Meeting,2023-02-07,CON0082,OPP0228,15,Decision maker out of office; rescheduled.,EMP0100
ACT0573,Email,2023-11-26,CON0747,OPP0125,90,Decision maker out of office; rescheduled.,EMP0108
ACT0574,Proposal Review,2024-03-04,CON0418,OPP0068,60,Demo completed - positive reception from technical team.,EMP0064
ACT0575,Webinar,2024-02-09,CON0003,OPP0187,30,Discussed roadmap and budget approval.,EMP0036
ACT0576,Site Visit,2022-05-31,CON0758,OPP0274,45,Discussed roadmap and budget approval.,EMP0034
ACT0577,Webinar,2024-09-22,CON0569,OPP0465,60,Discussed roadmap and budget approval.,EMP0056
ACT0578,Site Visit,2024-11-24,CON0411,OPP0025,45,Security questionnaire submitted and reviewed.,EMP0014
ACT0579,Site Visit,2023-04-30,CON0043,OPP0203,60,Contract review scheduled for next month.,EMP0112
ACT0580,Call,2024-01-30,CON0046,OPP0067,120,Stakeholder alignment meeting held.,EMP0023
ACT0581,Site Visit,2023-06-29,CON0009,OPP0320,90,POC results reviewed - client satisfied.,EMP0031
ACT0582,Call,2023-03-20,CON0601,OPP0023,90,Follow-up on proposal sent last week.,EMP0043
ACT0583,Call,2023-05-01,CON0655,OPP0015,30,Pricing negotiation in progress.,EMP0035
ACT0584,Call,2023-06-22,CON0348,OPP0081,120,Contract review scheduled for next month.,EMP0118
ACT0585,Webinar,2024-08-15,CON0713,OPP0306,45,Contract review scheduled for next month.,EMP0029
ACT0586,Meeting,2024-03-14,CON0043,OPP0026,90,New requirements gathered for phase 2.,EMP0137
ACT0587,Site Visit,2022-03-30,CON0137,OPP0442,60,Pricing negotiation in progress.,EMP0127
ACT0588,Follow-up,2023-10-21,CON0264,OPP0416,45,Renewal discussion started for next fiscal year.,EMP0036
ACT0589,Call,2023-10-16,CON0293,OPP0383,90,POC results reviewed - client satisfied.,EMP0073
ACT0590,Follow-up,2023-11-06,CON0231,OPP0264,15,Follow-up on proposal sent last week.,EMP0143
ACT0591,Call,2022-09-05,CON0736,OPP0281,90,Integration requirements clarified.,EMP0090
ACT0592,Webinar,2024-12-20,CON0217,OPP0146,45,Executive sponsor confirmed budget.,EMP0085
ACT0593,Site Visit,2024-04-11,CON0161,OPP0444,30,POC results reviewed - client satisfied.,EMP0095
ACT0594,Meeting,2022-09-10,CON0506,OPP0316,60,Discussed roadmap and budget approval.,EMP0081
ACT0595,Site Visit,2024-02-18,CON0013,OPP0121,60,Follow-up on proposal sent last week.,EMP0108
ACT0596,Meeting,2023-09-27,CON0555,OPP0217,15,Legal review of MSA initiated.,EMP0003
ACT0597,Follow-up,2024-07-08,CON0656,OPP0079,60,Security questionnaire submitted and reviewed.,EMP0104
ACT0598,Call,2022-09-26,CON0202,OPP0181,15,Pricing negotiation in progress.,EMP0130
ACT0599,Webinar,2022-02-25,CON0073,OPP0192,30,Renewal discussion started for next fiscal year.,EMP0002
ACT0600,Email,2024-06-22,CON0236,OPP0348,120,Renewal discussion started for next fiscal year.,EMP0024
ACT0601,Site Visit,2024-10-14,CON0097,OPP0162,60,Discussed roadmap and budget approval.,EMP0089
ACT0602,Proposal Review,2022-05-07,CON0383,OPP0067,30,Decision maker out of office; rescheduled.,EMP0078
ACT0603,Email,2023-03-05,CON0252,OPP0303,45,Decision maker out of office; rescheduled.,EMP0114
ACT0604,Follow-up,2022-04-26,CON0727,OPP0193,45,New requirements gathered for phase 2.,EMP0094
ACT0605,Demo,2022-07-18,CON0697,OPP0416,45,New requirements gathered for phase 2.,EMP0120
ACT0606,Call,2023-10-16,CON0741,OPP0236,15,POC results reviewed - client satisfied.,EMP0021
ACT0607,Site Visit,2024-06-09,CON0762,OPP0480,45,Competitive evaluation underway.,EMP0104
ACT0608,Demo,2024-05-29,CON0339,OPP0199,15,Stakeholder alignment meeting held.,EMP0061
ACT0609,Demo,2023-10-23,CON0731,OPP0311,60,Decision maker out of office; rescheduled.,EMP0144
ACT0610,Proposal Review,2024-03-21,CON0561,OPP0489,15,Pricing negotiation in progress.,EMP0120
ACT0611,Call,2023-01-16,CON0249,OPP0382,120,Legal review of MSA initiated.,EMP0122
ACT0612,Email,2023-06-28,CON0251,OPP0439,15,Executive sponsor confirmed budget.,EMP0026
ACT0613,Meeting,2022-12-02,CON0027,OPP0309,45,Integration requirements clarified.,EMP0126
ACT0614,Demo,2023-03-21,CON0195,OPP0436,30,New requirements gathered for phase 2.,EMP0123
ACT0615,Demo,2022-09-30,CON0216,OPP0290,60,Decision maker out of office; rescheduled.,EMP0067
ACT0616,Call,2023-01-17,CON0575,OPP0472,30,Pricing negotiation in progress.,EMP0062
ACT0617,Meeting,2024-03-19,CON0472,OPP0193,90,Competitive evaluation underway.,EMP0048
ACT0618,Follow-up,2022-12-05,CON0450,OPP0243,30,POC results reviewed - client satisfied.,EMP0041
ACT0619,Demo,2024-12-31,CON0347,OPP0334,30,Discussed roadmap and budget approval.,EMP0035
ACT0620,Demo,2023-01-09,CON0023,OPP0295,15,Decision maker out of office; rescheduled.,EMP0001
ACT0621,Email,2024-05-16,CON0632,OPP0097,30,Executive sponsor confirmed budget.,EMP0045
ACT0622,Follow-up,2023-08-24,CON0142,OPP0109,45,Legal review of MSA initiated.,EMP0019
ACT0623,Meeting,2022-01-19,CON0689,OPP0248,45,Competitive evaluation underway.,EMP0083
ACT0624,Email,2023-11-04,CON0276,OPP0354,45,Demo completed - positive reception from technical team.,EMP0100
ACT0625,Call,2024-06-25,CON0332,OPP0224,90,New requirements gathered for phase 2.,EMP0018
ACT0626,Demo,2023-03-29,CON0128,OPP0016,15,New requirements gathered for phase 2.,EMP0101
ACT0627,Follow-up,2023-05-19,CON0219,OPP0345,30,Demo completed - positive reception from technical team.,EMP0111
ACT0628,Meeting,2022-09-20,CON0505,OPP0231,60,Legal review of MSA initiated.,EMP0056
ACT0629,Demo,2022-06-04,CON0425,OPP0454,120,Stakeholder alignment meeting held.,EMP0009
ACT0630,Site Visit,2024-04-02,CON0306,OPP0374,60,Discussed roadmap and budget approval.,EMP0114
ACT0631,Call,2023-03-01,CON0572,OPP0186,15,Contract review scheduled for next month.,EMP0097
ACT0632,Call,2023-11-18,CON0630,OPP0161,30,POC results reviewed - client satisfied.,EMP0129
ACT0633,Follow-up,2022-10-05,CON0646,OPP0148,15,New requirements gathered for phase 2.,EMP0010
ACT0634,Proposal Review,2023-09-02,CON0746,OPP0028,30,Security questionnaire submitted and reviewed.,EMP0127
ACT0635,Follow-up,2022-02-07,CON0692,OPP0332,60,Legal review of MSA initiated.,EMP0094
ACT0636,Meeting,2024-05-26,CON0465,OPP0216,30,Pricing negotiation in progress.,EMP0146
ACT0637,Call,2024-05-30,CON0164,OPP0008,15,Contract review scheduled for next month.,EMP0104
ACT0638,Demo,2024-11-07,CON0679,OPP0183,120,Competitive evaluation underway.,EMP0104
ACT0639,Follow-up,2024-04-23,CON0747,OPP0037,45,POC results reviewed - client satisfied.,EMP0115
ACT0640,Follow-up,2023-10-08,CON0610,OPP0249,120,POC results reviewed - client satisfied.,EMP0054
ACT0641,Email,2024-12-06,CON0223,OPP0301,120,Executive sponsor confirmed budget.,EMP0147
ACT0642,Proposal Review,2023-07-23,CON0613,OPP0405,15,Decision maker out of office; rescheduled.,EMP0130
ACT0643,Site Visit,2022-03-12,CON0604,OPP0379,90,Security questionnaire submitted and reviewed.,EMP0081
ACT0644,Webinar,2022-01-30,CON0289,OPP0306,120,Executive sponsor confirmed budget.,EMP0054
ACT0645,Meeting,2024-05-03,CON0794,OPP0447,60,Decision maker out of office; rescheduled.,EMP0056
ACT0646,Meeting,2022-09-27,CON0764,OPP0114,90,Decision maker out of office; rescheduled.,EMP0098
ACT0647,Email,2022-09-25,CON0104,OPP0081,120,Stakeholder alignment meeting held.,EMP0150
ACT0648,Email,2022-08-02,CON0338,OPP0316,45,Stakeholder alignment meeting held.,EMP0087
ACT0649,Demo,2023-05-31,CON0017,OPP0003,120,Follow-up on proposal sent last week.,EMP0047
ACT0650,Proposal Review,2024-06-13,CON0760,OPP0358,30,Demo completed - positive reception from technical team.,EMP0050
ACT0651,Follow-up,2024-10-16,CON0308,OPP0089,120,Demo completed - positive reception from technical team.,EMP0088
ACT0652,Site Visit,2024-08-02,CON0765,OPP0259,120,Legal review of MSA initiated.,EMP0017
ACT0653,Meeting,2022-09-21,CON0210,OPP0231,90,Renewal discussion started for next fiscal year.,EMP0140
ACT0654,Proposal Review,2022-04-29,CON0338,OPP0337,90,Competitive evaluation underway.,EMP0075
ACT0655,Email,2024-03-05,CON0535,OPP0026,60,New requirements gathered for phase 2.,EMP0020
ACT0656,Demo,2023-06-08,CON0590,OPP0329,45,Integration requirements clarified.,EMP0079
ACT0657,Proposal Review,2023-07-10,CON0401,OPP0013,120,Pricing negotiation in progress.,EMP0132
ACT0658,Site Visit,2024-06-27,CON0639,OPP0138,90,Executive sponsor confirmed budget.,EMP0100
ACT0659,Demo,2023-05-10,CON0004,OPP0439,90,Competitive evaluation underway.,EMP0114
ACT0660,Meeting,2023-02-17,CON0405,OPP0412,15,Discussed roadmap and budget approval.,EMP0140
ACT0661,Call,2022-10-16,CON0428,OPP0043,60,Integration requirements clarified.,EMP0034
ACT0662,Call,2022-07-22,CON0429,OPP0166,45,Security questionnaire submitted and reviewed.,EMP0082
ACT0663,Proposal Review,2024-11-03,CON0417,OPP0487,45,Pricing negotiation in progress.,EMP0128
ACT0664,Site Visit,2023-10-23,CON0336,OPP0385,45,Security questionnaire submitted and reviewed.,EMP0127
ACT0665,Webinar,2022-07-24,CON0177,OPP0131,60,Integration requirements clarified.,EMP0071
ACT0666,Call,2022-01-15,CON0054,OPP0198,90,Legal review of MSA initiated.,EMP0087
ACT0667,Site Visit,2024-12-23,CON0136,OPP0150,120,Discussed roadmap and budget approval.,EMP0092
ACT0668,Email,2024-04-29,CON0392,OPP0181,45,Pricing negotiation in progress.,EMP0028
ACT0669,Meeting,2022-12-25,CON0263,OPP0442,45,Decision maker out of office; rescheduled.,EMP0018
ACT0670,Proposal Review,2023-08-30,CON0006,OPP0074,30,Contract review scheduled for next month.,EMP0136
ACT0671,Site Visit,2024-12-30,CON0437,OPP0009,90,Executive sponsor confirmed budget.,EMP0060
ACT0672,Webinar,2024-08-20,CON0043,OPP0374,15,Legal review of MSA initiated.,EMP0006
ACT0673,Demo,2024-04-16,CON0199,OPP0024,90,Decision maker out of office; rescheduled.,EMP0069
ACT0674,Meeting,2023-03-11,CON0525,OPP0330,60,Discussed roadmap and budget approval.,EMP0045
ACT0675,Call,2023-11-13,CON0749,OPP0025,90,POC results reviewed - client satisfied.,EMP0137
ACT0676,Demo,2022-03-04,CON0624,OPP0398,45,New requirements gathered for phase 2.,EMP0018
ACT0677,Demo,2023-07-06,CON0685,OPP0297,15,POC results reviewed - client satisfied.,EMP0111
ACT0678,Email,2024-09-01,CON0611,OPP0249,90,Security questionnaire submitted and reviewed.,EMP0125
ACT0679,Meeting,2023-07-13,CON0345,OPP0079,90,Decision maker out of office; rescheduled.,EMP0029
ACT0680,Demo,2024-01-13,CON0399,OPP0313,45,Stakeholder alignment meeting held.,EMP0004
ACT0681,Follow-up,2023-10-13,CON0044,OPP0238,30,Pricing negotiation in progress.,EMP0097
ACT0682,Proposal Review,2023-09-05,CON0522,OPP0499,15,POC results reviewed - client satisfied.,EMP0083
ACT0683,Proposal Review,2023-04-02,CON0587,OPP0129,120,Discussed roadmap and budget approval.,EMP0087
ACT0684,Call,2022-10-15,CON0674,OPP0222,15,Demo completed - positive reception from technical team.,EMP0065
ACT0685,Follow-up,2022-10-29,CON0667,OPP0447,15,Executive sponsor confirmed budget.,EMP0060
ACT0686,Email,2023-12-26,CON0544,OPP0308,30,Pricing negotiation in progress.,EMP0134
ACT0687,Follow-up,2022-02-05,CON0480,OPP0098,45,Demo completed - positive reception from technical team.,EMP0011
ACT0688,Demo,2022-07-17,CON0578,OPP0381,60,Renewal discussion started for next fiscal year.,EMP0118
ACT0689,Proposal Review,2023-08-09,CON0546,OPP0224,60,Pricing negotiation in progress.,EMP0094
ACT0690,Email,2023-09-25,CON0069,OPP0263,60,New requirements gathered for phase 2.,EMP0069
ACT0691,Meeting,2023-02-17,CON0004,OPP0257,90,Executive sponsor confirmed budget.,EMP0034
ACT0692,Webinar,2024-11-30,CON0406,OPP0357,90,Executive sponsor confirmed budget.,EMP0071
ACT0693,Email,2024-05-10,CON0163,OPP0126,120,Executive sponsor confirmed budget.,EMP0057
ACT0694,Meeting,2024-05-29,CON0032,OPP0378,120,Pricing negotiation in progress.,EMP0141
ACT0695,Site Visit,2023-07-28,CON0170,OPP0236,60,Competitive evaluation underway.,EMP0124
ACT0696,Follow-up,2024-11-23,CON0215,OPP0051,60,Contract review scheduled for next month.,EMP0001
ACT0697,Site Visit,2024-04-05,CON0187,OPP0432,90,Contract review scheduled for next month.,EMP0023
ACT0698,Webinar,2022-07-08,CON0543,OPP0473,15,Legal review of MSA initiated.,EMP0139
ACT0699,Meeting,2023-08-27,CON0798,OPP0076,60,Competitive evaluation underway.,EMP0093
ACT0700,Webinar,2023-10-02,CON0425,OPP0319,90,POC results reviewed - client satisfied.,EMP0006
ACT0701,Site Visit,2022-11-09,CON0242,OPP0069,60,New requirements gathered for phase 2.,EMP0037
ACT0702,Demo,2024-08-28,CON0122,OPP0231,90,Stakeholder alignment meeting held.,EMP0149
ACT0703,Call,2022-11-07,CON0176,OPP0117,60,Renewal discussion started for next fiscal year.,EMP0147
ACT0704,Call,2022-03-15,CON0726,OPP0417,60,Pricing negotiation in progress.,EMP0070
ACT0705,Proposal Review,2022-04-24,CON0688,OPP0455,90,Decision maker out of office; rescheduled.,EMP0120
ACT0706,Proposal Review,2023-10-24,CON0721,OPP0133,15,Renewal discussion started for next fiscal year.,EMP0114
ACT0707,Site Visit,2024-10-13,CON0322,OPP0161,30,POC results reviewed - client satisfied.,EMP0135
ACT0708,Email,2022-03-23,CON0464,OPP0384,30,Legal review of MSA initiated.,EMP0132
ACT0709,Email,2023-12-24,CON0598,OPP0034,45,Legal review of MSA initiated.,EMP0015
ACT0710,Follow-up,2024-01-27,CON0523,OPP0312,120,Renewal discussion started for next fiscal year.,EMP0100
ACT0711,Meeting,2024-04-09,CON0564,OPP0108,90,Decision maker out of office; rescheduled.,EMP0141
ACT0712,Proposal Review,2024-04-21,CON0211,OPP0269,15,Competitive evaluation underway.,EMP0040
ACT0713,Call,2024-09-07,CON0409,OPP0041,30,Contract review scheduled for next month.,EMP0103
ACT0714,Email,2023-01-05,CON0118,OPP0480,120,Executive sponsor confirmed budget.,EMP0008
ACT0715,Webinar,2022-06-30,CON0561,OPP0450,90,Follow-up on proposal sent last week.,EMP0040
ACT0716,Site Visit,2022-07-21,CON0524,OPP0393,30,Competitive evaluation underway.,EMP0007
ACT0717,Proposal Review,2022-01-15,CON0412,OPP0199,120,Executive sponsor confirmed budget.,EMP0010
ACT0718,Email,2022-04-07,CON0466,OPP0301,30,Contract review scheduled for next month.,EMP0124
ACT0719,Meeting,2022-10-22,CON0397,OPP0284,90,Security questionnaire submitted and reviewed.,EMP0060
ACT0720,Demo,2023-07-17,CON0724,OPP0262,120,Security questionnaire submitted and reviewed.,EMP0112
ACT0721,Follow-up,2024-07-19,CON0048,OPP0125,120,Pricing negotiation in progress.,EMP0012
ACT0722,Site Visit,2024-10-02,CON0336,OPP0236,90,POC results reviewed - client satisfied.,EMP0106
ACT0723,Demo,2023-01-27,CON0347,OPP0182,120,Legal review of MSA initiated.,EMP0004
ACT0724,Proposal Review,2024-06-24,CON0242,OPP0379,15,Executive sponsor confirmed budget.,EMP0044
ACT0725,Demo,2022-07-25,CON0331,OPP0169,45,Renewal discussion started for next fiscal year.,EMP0011
ACT0726,Webinar,2024-06-20,CON0693,OPP0464,15,Pricing negotiation in progress.,EMP0033
ACT0727,Email,2024-12-10,CON0490,OPP0317,90,Renewal discussion started for next fiscal year.,EMP0057
ACT0728,Follow-up,2023-07-28,CON0270,OPP0023,45,Pricing negotiation in progress.,EMP0131
ACT0729,Demo,2022-08-03,CON0079,OPP0160,15,Decision maker out of office; rescheduled.,EMP0124
ACT0730,Call,2022-07-29,CON0771,OPP0079,30,Renewal discussion started for next fiscal year.,EMP0083
ACT0731,Call,2023-02-11,CON0411,OPP0275,60,Follow-up on proposal sent last week.,EMP0084
ACT0732,Site Visit,2024-12-29,CON0617,OPP0039,120,Discussed roadmap and budget approval.,EMP0150
ACT0733,Proposal Review,2024-07-11,CON0633,OPP0229,90,Discussed roadmap and budget approval.,EMP0037
ACT0734,Demo,2023-09-12,CON0797,OPP0322,45,Pricing negotiation in progress.,EMP0110
ACT0735,Follow-up,2023-06-24,CON0422,OPP0500,60,POC results reviewed - client satisfied.,EMP0076
ACT0736,Call,2023-04-20,CON0791,OPP0217,120,Competitive evaluation underway.,EMP0110
ACT0737,Follow-up,2022-02-14,CON0068,OPP0222,30,Demo completed - positive reception from technical team.,EMP0082
ACT0738,Proposal Review,2023-03-24,CON0777,OPP0256,90,Renewal discussion started for next fiscal year.,EMP0054
ACT0739,Email,2023-12-29,CON0597,OPP0484,60,Pricing negotiation in progress.,EMP0116
ACT0740,Meeting,2022-10-29,CON0679,OPP0225,30,Follow-up on proposal sent last week.,EMP0131
ACT0741,Site Visit,2023-03-03,CON0728,OPP0020,30,POC results reviewed - client satisfied.,EMP0023
ACT0742,Webinar,2024-01-25,CON0723,OPP0339,45,Renewal discussion started for next fiscal year.,EMP0042
ACT0743,Demo,2023-04-10,CON0180,OPP0154,15,Integration requirements clarified.,EMP0096
ACT0744,Email,2023-12-12,CON0642,OPP0379,45,Stakeholder alignment meeting held.,EMP0064
ACT0745,Site Visit,2024-03-07,CON0025,OPP0485,60,Security questionnaire submitted and reviewed.,EMP0054
ACT0746,Follow-up,2023-08-21,CON0394,OPP0434,60,New requirements gathered for phase 2.,EMP0066
ACT0747,Site Visit,2022-12-28,CON0745,OPP0063,45,New requirements gathered for phase 2.,EMP0147
ACT0748,Webinar,2023-08-04,CON0666,OPP0043,120,Legal review of MSA initiated.,EMP0069
ACT0749,Email,2024-05-19,CON0066,OPP0227,15,Pricing negotiation in progress.,EMP0004
ACT0750,Meeting,2022-12-06,CON0079,OPP0263,120,Follow-up on proposal sent last week.,EMP0104
ACT0751,Email,2023-08-11,CON0102,OPP0117,45,Competitive evaluation underway.,EMP0071
ACT0752,Proposal Review,2024-03-02,CON0716,OPP0456,15,New requirements gathered for phase 2.,EMP0066
ACT0753,Demo,2024-09-24,CON0461,OPP0148,15,New requirements gathered for phase 2.,EMP0033
ACT0754,Meeting,2024-04-09,CON0296,OPP0341,120,Contract review scheduled for next month.,EMP0052
ACT0755,Call,2022-11-07,CON0435,OPP0493,120,Pricing negotiation in progress.,EMP0008
ACT0756,Site Visit,2023-01-19,CON0120,OPP0286,30,Integration requirements clarified.,EMP0097
ACT0757,Proposal Review,2024-07-30,CON0127,OPP0308,120,Integration requirements clarified.,EMP0107
ACT0758,Site Visit,2024-06-10,CON0080,OPP0001,30,Pricing negotiation in progress.,EMP0101
ACT0759,Demo,2023-07-24,CON0179,OPP0416,15,Demo completed - positive reception from technical team.,EMP0033
ACT0760,Meeting,2023-03-27,CON0276,OPP0315,90,Stakeholder alignment meeting held.,EMP0011
ACT0761,Email,2023-03-04,CON0743,OPP0225,60,Stakeholder alignment meeting held.,EMP0057
ACT0762,Site Visit,2024-09-26,CON0367,OPP0317,120,Discussed roadmap and budget approval.,EMP0025
ACT0763,Proposal Review,2024-07-15,CON0630,OPP0037,45,Demo completed - positive reception from technical team.,EMP0078
ACT0764,Follow-up,2024-04-06,CON0124,OPP0141,45,Discussed roadmap and budget approval.,EMP0043
ACT0765,Demo,2023-05-18,CON0796,OPP0440,45,Follow-up on proposal sent last week.,EMP0118
ACT0766,Follow-up,2024-03-20,CON0370,OPP0223,45,Demo completed - positive reception from technical team.,EMP0097
ACT0767,Call,2022-08-14,CON0563,OPP0197,30,Legal review of MSA initiated.,EMP0033
ACT0768,Site Visit,2023-03-23,CON0069,OPP0291,90,Executive sponsor confirmed budget.,EMP0092
ACT0769,Site Visit,2023-11-17,CON0365,OPP0299,30,Renewal discussion started for next fiscal year.,EMP0047
ACT0770,Proposal Review,2024-06-17,CON0385,OPP0436,45,Executive sponsor confirmed budget.,EMP0024
ACT0771,Follow-up,2022-04-03,CON0027,OPP0111,90,Pricing negotiation in progress.,EMP0001
ACT0772,Meeting,2023-11-17,CON0352,OPP0033,120,New requirements gathered for phase 2.,EMP0054
ACT0773,Follow-up,2023-08-14,CON0700,OPP0131,90,Integration requirements clarified.,EMP0124
ACT0774,Meeting,2023-01-05,CON0547,OPP0467,90,Contract review scheduled for next month.,EMP0147
ACT0775,Call,2023-09-08,CON0481,OPP0387,30,Contract review scheduled for next month.,EMP0017
ACT0776,Follow-up,2024-01-10,CON0283,OPP0194,120,New requirements gathered for phase 2.,EMP0022
ACT0777,Webinar,2024-09-14,CON0300,OPP0298,30,Demo completed - positive reception from technical team.,EMP0092
ACT0778,Email,2022-08-23,CON0267,OPP0357,90,Legal review of MSA initiated.,EMP0135
ACT0779,Proposal Review,2023-10-11,CON0219,OPP0033,30,Competitive evaluation underway.,EMP0003
ACT0780,Follow-up,2022-01-29,CON0598,OPP0165,45,Contract review scheduled for next month.,EMP0113
ACT0781,Proposal Review,2024-06-10,CON0436,OPP0049,90,Contract review scheduled for next month.,EMP0014
ACT0782,Webinar,2024-10-25,CON0053,OPP0031,15,New requirements gathered for phase 2.,EMP0138
ACT0783,Proposal Review,2023-05-14,CON0088,OPP0160,30,POC results reviewed - client satisfied.,EMP0022
ACT0784,Webinar,2022-07-08,CON0067,OPP0129,30,Integration requirements clarified.,EMP0124
ACT0785,Site Visit,2022-12-16,CON0647,OPP0054,15,Legal review of MSA initiated.,EMP0141
ACT0786,Email,2024-07-23,CON0100,OPP0024,90,Renewal discussion started for next fiscal year.,EMP0104
ACT0787,Webinar,2024-05-16,CON0309,OPP0066,45,Executive sponsor confirmed budget.,EMP0117
ACT0788,Call,2024-04-12,CON0658,OPP0281,120,Competitive evaluation underway.,EMP0001
ACT0789,Meeting,2024-05-26,CON0593,OPP0337,30,Contract review scheduled for next month.,EMP0019
ACT0790,Webinar,2023-06-24,CON0184,OPP0362,120,Contract review scheduled for next month.,EMP0004
ACT0791,Site Visit,2022-03-10,CON0055,OPP0095,30,Discussed roadmap and budget approval.,EMP0048
ACT0792,Site Visit,2023-11-18,CON0663,OPP0354,45,Security questionnaire submitted and reviewed.,EMP0005
ACT0793,Webinar,2022-10-10,CON0173,OPP0148,120,Follow-up on proposal sent last week.,EMP0025
ACT0794,Follow-up,2022-11-11,CON0028,OPP0207,60,Legal review of MSA initiated.,EMP0010
ACT0795,Email,2023-10-08,CON0078,OPP0132,45,New requirements gathered for phase 2.,EMP0145
ACT0796,Meeting,2022-02-09,CON0098,OPP0441,60,Integration requirements clarified.,EMP0064
ACT0797,Demo,2024-11-29,CON0145,OPP0066,30,Competitive evaluation underway.,EMP0035
ACT0798,Follow-up,2022-03-18,CON0033,OPP0164,30,Competitive evaluation underway.,EMP0034
ACT0799,Meeting,2022-12-27,CON0049,OPP0191,60,Demo completed - positive reception from technical team.,EMP0008
ACT0800,Email,2022-04-05,CON0078,OPP0059,30,Decision maker out of office; rescheduled.,EMP0137
ACT0801,Follow-up,2023-03-05,CON0229,OPP0295,15,Contract review scheduled for next month.,EMP0059
ACT0802,Meeting,2024-01-15,CON0186,OPP0265,60,Follow-up on proposal sent last week.,EMP0055
ACT0803,Meeting,2023-05-14,CON0751,OPP0307,45,Pricing negotiation in progress.,EMP0106
ACT0804,Follow-up,2023-11-14,CON0130,OPP0111,45,Demo completed - positive reception from technical team.,EMP0129
ACT0805,Site Visit,2023-09-04,CON0792,OPP0412,45,POC results reviewed - client satisfied.,EMP0114
ACT0806,Site Visit,2022-01-11,CON0178,OPP0136,90,Stakeholder alignment meeting held.,EMP0111
ACT0807,Site Visit,2023-01-31,CON0275,OPP0090,120,Discussed roadmap and budget approval.,EMP0150
ACT0808,Webinar,2023-05-22,CON0448,OPP0385,60,Renewal discussion started for next fiscal year.,EMP0122
ACT0809,Demo,2023-07-21,CON0678,OPP0294,90,Renewal discussion started for next fiscal year.,EMP0093
ACT0810,Meeting,2024-08-24,CON0238,OPP0183,60,Competitive evaluation underway.,EMP0024
ACT0811,Webinar,2022-12-30,CON0393,OPP0492,60,Pricing negotiation in progress.,EMP0086
ACT0812,Email,2023-07-02,CON0500,OPP0392,60,Demo completed - positive reception from technical team.,EMP0095
ACT0813,Demo,2024-11-12,CON0063,OPP0318,60,Integration requirements clarified.,EMP0077
ACT0814,Email,2023-06-30,CON0485,OPP0401,45,Contract review scheduled for next month.,EMP0064
ACT0815,Site Visit,2024-01-30,CON0164,OPP0148,60,Executive sponsor confirmed budget.,EMP0070
ACT0816,Site Visit,2024-06-08,CON0737,OPP0163,120,Contract review scheduled for next month.,EMP0087
ACT0817,Demo,2024-04-15,CON0131,OPP0391,120,Security questionnaire submitted and reviewed.,EMP0148
ACT0818,Webinar,2023-05-27,CON0158,OPP0149,30,Security questionnaire submitted and reviewed.,EMP0100
ACT0819,Proposal Review,2022-11-05,CON0305,OPP0053,45,Legal review of MSA initiated.,EMP0021
ACT0820,Meeting,2024-07-26,CON0661,OPP0358,60,Contract review scheduled for next month.,EMP0141
ACT0821,Demo,2023-10-26,CON0278,OPP0109,120,Decision maker out of office; rescheduled.,EMP0106
ACT0822,Webinar,2024-10-21,CON0768,OPP0220,30,Renewal discussion started for next fiscal year.,EMP0148
ACT0823,Call,2024-04-25,CON0104,OPP0202,120,Stakeholder alignment meeting held.,EMP0038
ACT0824,Follow-up,2024-08-21,CON0605,OPP0328,30,POC results reviewed - client satisfied.,EMP0140
ACT0825,Email,2024-04-30,CON0099,OPP0182,30,Renewal discussion started for next fiscal year.,EMP0129
ACT0826,Email,2022-07-27,CON0404,OPP0460,90,Renewal discussion started for next fiscal year.,EMP0051
ACT0827,Proposal Review,2022-07-01,CON0030,OPP0126,15,Legal review of MSA initiated.,EMP0054
ACT0828,Proposal Review,2022-09-25,CON0389,OPP0031,60,New requirements gathered for phase 2.,EMP0043
ACT0829,Call,2022-07-15,CON0281,OPP0275,90,Integration requirements clarified.,EMP0124
ACT0830,Call,2022-10-14,CON0396,OPP0375,45,POC results reviewed - client satisfied.,EMP0054
ACT0831,Email,2022-09-27,CON0126,OPP0147,60,Executive sponsor confirmed budget.,EMP0051
ACT0832,Follow-up,2024-06-24,CON0407,OPP0095,45,Renewal discussion started for next fiscal year.,EMP0072
ACT0833,Meeting,2022-12-03,CON0398,OPP0432,120,Decision maker out of office; rescheduled.,EMP0089
ACT0834,Site Visit,2023-02-25,CON0196,OPP0307,15,Legal review of MSA initiated.,EMP0036
ACT0835,Follow-up,2022-01-24,CON0221,OPP0203,90,Decision maker out of office; rescheduled.,EMP0130
ACT0836,Email,2022-08-13,CON0186,OPP0329,60,New requirements gathered for phase 2.,EMP0099
ACT0837,Follow-up,2024-07-31,CON0091,OPP0318,60,Legal review of MSA initiated.,EMP0007
ACT0838,Site Visit,2023-04-05,CON0224,OPP0169,30,POC results reviewed - client satisfied.,EMP0029
ACT0839,Call,2022-08-03,CON0399,OPP0056,30,Pricing negotiation in progress.,EMP0147
ACT0840,Call,2022-08-21,CON0411,OPP0398,120,Contract review scheduled for next month.,EMP0146
ACT0841,Follow-up,2022-03-11,CON0780,OPP0387,15,Contract review scheduled for next month.,EMP0058
ACT0842,Demo,2023-07-12,CON0279,OPP0111,60,Security questionnaire submitted and reviewed.,EMP0108
ACT0843,Proposal Review,2023-02-25,CON0703,OPP0141,90,Executive sponsor confirmed budget.,EMP0026
ACT0844,Follow-up,2022-04-04,CON0577,OPP0280,120,Decision maker out of office; rescheduled.,EMP0023
ACT0845,Call,2022-05-26,CON0445,OPP0253,90,Contract review scheduled for next month.,EMP0010
ACT0846,Email,2023-05-30,CON0558,OPP0047,15,Integration requirements clarified.,EMP0003
ACT0847,Follow-up,2022-06-20,CON0791,OPP0013,15,Competitive evaluation underway.,EMP0080
ACT0848,Meeting,2022-03-21,CON0155,OPP0272,90,Competitive evaluation underway.,EMP0107
ACT0849,Site Visit,2022-09-01,CON0414,OPP0469,90,Discussed roadmap and budget approval.,EMP0019
ACT0850,Call,2023-05-20,CON0299,OPP0074,15,Competitive evaluation underway.,EMP0052
ACT0851,Follow-up,2024-10-24,CON0761,OPP0479,45,Decision maker out of office; rescheduled.,EMP0142
ACT0852,Follow-up,2022-11-16,CON0062,OPP0108,45,Contract review scheduled for next month.,EMP0020
ACT0853,Site Visit,2022-05-06,CON0713,OPP0245,90,Renewal discussion started for next fiscal year.,EMP0025
ACT0854,Proposal Review,2022-07-24,CON0211,OPP0472,90,Integration requirements clarified.,EMP0016
ACT0855,Email,2023-10-26,CON0493,OPP0051,120,Security questionnaire submitted and reviewed.,EMP0023
ACT0856,Proposal Review,2022-08-26,CON0209,OPP0449,30,Executive sponsor confirmed budget.,EMP0026
ACT0857,Follow-up,2022-02-03,CON0139,OPP0156,60,Renewal discussion started for next fiscal year.,EMP0002
ACT0858,Meeting,2024-12-02,CON0569,OPP0412,120,Follow-up on proposal sent last week.,EMP0075
ACT0859,Email,2022-09-02,CON0136,OPP0431,90,Legal review of MSA initiated.,EMP0077
ACT0860,Webinar,2022-10-07,CON0497,OPP0479,120,Follow-up on proposal sent last week.,EMP0055
ACT0861,Site Visit,2024-09-02,CON0523,OPP0189,60,Integration requirements clarified.,EMP0076
ACT0862,Site Visit,2023-01-20,CON0620,OPP0037,30,Stakeholder alignment meeting held.,EMP0021
ACT0863,Call,2024-10-19,CON0309,OPP0315,15,Renewal discussion started for next fiscal year.,EMP0098
ACT0864,Email,2023-08-10,CON0174,OPP0128,120,Demo completed - positive reception from technical team.,EMP0031
ACT0865,Webinar,2023-08-05,CON0050,OPP0039,120,Contract review scheduled for next month.,EMP0022
ACT0866,Webinar,2023-03-23,CON0340,OPP0027,60,POC results reviewed - client satisfied.,EMP0111
ACT0867,Meeting,2024-03-06,CON0069,OPP0209,90,Decision maker out of office; rescheduled.,EMP0089
ACT0868,Webinar,2022-12-09,CON0331,OPP0090,120,Legal review of MSA initiated.,EMP0080
ACT0869,Email,2022-01-05,CON0143,OPP0325,45,Decision maker out of office; rescheduled.,EMP0125
ACT0870,Email,2024-08-13,CON0598,OPP0278,90,New requirements gathered for phase 2.,EMP0071
ACT0871,Webinar,2024-05-22,CON0400,OPP0310,45,Stakeholder alignment meeting held.,EMP0146
ACT0872,Demo,2022-04-30,CON0032,OPP0190,15,POC results reviewed - client satisfied.,EMP0088
ACT0873,Site Visit,2024-07-13,CON0357,OPP0481,120,Security questionnaire submitted and reviewed.,EMP0103
ACT0874,Demo,2024-01-19,CON0373,OPP0399,90,Decision maker out of office; rescheduled.,EMP0038
ACT0875,Meeting,2024-07-07,CON0654,OPP0371,15,Legal review of MSA initiated.,EMP0040
ACT0876,Site Visit,2024-04-07,CON0137,OPP0390,120,Pricing negotiation in progress.,EMP0104
ACT0877,Webinar,2022-02-23,CON0266,OPP0196,15,Legal review of MSA initiated.,EMP0006
ACT0878,Call,2022-06-19,CON0302,OPP0440,120,Security questionnaire submitted and reviewed.,EMP0071
ACT0879,Email,2023-04-01,CON0006,OPP0420,60,Stakeholder alignment meeting held.,EMP0108
ACT0880,Meeting,2023-06-18,CON0042,OPP0404,120,Stakeholder alignment meeting held.,EMP0114
ACT0881,Email,2022-01-11,CON0004,OPP0496,120,Competitive evaluation underway.,EMP0106
ACT0882,Site Visit,2022-05-01,CON0689,OPP0140,15,Legal review of MSA initiated.,EMP0035
ACT0883,Meeting,2022-01-16,CON0484,OPP0209,30,Contract review scheduled for next month.,EMP0129
ACT0884,Email,2022-09-07,CON0360,OPP0446,120,Demo completed - positive reception from technical team.,EMP0036
ACT0885,Demo,2022-10-20,CON0566,OPP0076,30,Demo completed - positive reception from technical team.,EMP0143
ACT0886,Meeting,2023-08-05,CON0014,OPP0275,45,Legal review of MSA initiated.,EMP0084
ACT0887,Meeting,2024-12-13,CON0198,OPP0184,90,POC results reviewed - client satisfied.,EMP0077
ACT0888,Call,2022-01-03,CON0280,OPP0048,15,New requirements gathered for phase 2.,EMP0142
ACT0889,Follow-up,2024-07-15,CON0620,OPP0411,15,Contract review scheduled for next month.,EMP0096
ACT0890,Email,2022-08-25,CON0253,OPP0178,120,Discussed roadmap and budget approval.,EMP0081
ACT0891,Demo,2023-10-15,CON0799,OPP0484,60,Security questionnaire submitted and reviewed.,EMP0038
ACT0892,Meeting,2024-12-22,CON0607,OPP0068,15,Executive sponsor confirmed budget.,EMP0112
ACT0893,Follow-up,2022-08-29,CON0655,OPP0359,120,Pricing negotiation in progress.,EMP0126
ACT0894,Call,2024-08-09,CON0537,OPP0124,15,Demo completed - positive reception from technical team.,EMP0139
ACT0895,Call,2022-05-30,CON0025,OPP0459,45,Follow-up on proposal sent last week.,EMP0074
ACT0896,Webinar,2023-05-12,CON0309,OPP0040,90,Pricing negotiation in progress.,EMP0033
ACT0897,Email,2023-06-22,CON0295,OPP0241,90,Integration requirements clarified.,EMP0117
ACT0898,Follow-up,2022-09-21,CON0564,OPP0019,30,Follow-up on proposal sent last week.,EMP0131
ACT0899,Demo,2022-02-16,CON0395,OPP0114,45,Legal review of MSA initiated.,EMP0144
ACT0900,Call,2023-04-11,CON0476,OPP0286,90,Executive sponsor confirmed budget.,EMP0030
ACT0901,Meeting,2022-07-19,CON0228,OPP0422,120,POC results reviewed - client satisfied.,EMP0114
ACT0902,Follow-up,2023-05-06,CON0738,OPP0207,90,POC results reviewed - client satisfied.,EMP0004
ACT0903,Webinar,2023-11-11,CON0566,OPP0166,45,Security questionnaire submitted and reviewed.,EMP0127
ACT0904,Webinar,2023-09-19,CON0715,OPP0394,15,Stakeholder alignment meeting held.,EMP0072
ACT0905,Meeting,2022-01-02,CON0430,OPP0309,60,POC results reviewed - client satisfied.,EMP0013
ACT0906,Follow-up,2024-01-06,CON0157,OPP0267,90,Executive sponsor confirmed budget.,EMP0140
ACT0907,Site Visit,2022-01-31,CON0387,OPP0035,120,Discussed roadmap and budget approval.,EMP0100
ACT0908,Webinar,2024-05-10,CON0471,OPP0124,30,Legal review of MSA initiated.,EMP0070
ACT0909,Webinar,2024-06-28,CON0045,OPP0043,60,Pricing negotiation in progress.,EMP0037
ACT0910,Proposal Review,2024-04-28,CON0096,OPP0475,30,Integration requirements clarified.,EMP0144
ACT0911,Email,2023-09-05,CON0602,OPP0461,90,Discussed roadmap and budget approval.,EMP0036
ACT0912,Webinar,2023-03-27,CON0651,OPP0011,90,Decision maker out of office; rescheduled.,EMP0050
ACT0913,Proposal Review,2024-03-27,CON0631,OPP0315,30,Renewal discussion started for next fiscal year.,EMP0102
ACT0914,Follow-up,2023-07-06,CON0309,OPP0236,60,Competitive evaluation underway.,EMP0047
ACT0915,Webinar,2022-01-19,CON0545,OPP0145,120,Demo completed - positive reception from technical team.,EMP0062
ACT0916,Meeting,2023-05-29,CON0179,OPP0109,45,Stakeholder alignment meeting held.,EMP0002
ACT0917,Call,2023-07-15,CON0082,OPP0233,120,Demo completed - positive reception from technical team.,EMP0079
ACT0918,Email,2023-11-09,CON0351,OPP0127,60,POC results reviewed - client satisfied.,EMP0028
ACT0919,Webinar,2024-12-30,CON0347,OPP0162,60,Decision maker out of office; rescheduled.,EMP0150
ACT0920,Call,2024-02-26,CON0179,OPP0428,60,POC results reviewed - client satisfied.,EMP0097
ACT0921,Call,2022-11-29,CON0285,OPP0085,45,Legal review of MSA initiated.,EMP0016
ACT0922,Demo,2023-03-13,CON0227,OPP0337,30,POC results reviewed - client satisfied.,EMP0087
ACT0923,Follow-up,2024-01-05,CON0186,OPP0477,30,Competitive evaluation underway.,EMP0022
ACT0924,Webinar,2022-10-13,CON0538,OPP0199,30,Discussed roadmap and budget approval.,EMP0072
ACT0925,Call,2022-10-14,CON0620,OPP0223,60,Demo completed - positive reception from technical team.,EMP0024
ACT0926,Proposal Review,2022-11-20,CON0102,OPP0249,45,Demo completed - positive reception from technical team.,EMP0036
ACT0927,Meeting,2022-02-24,CON0310,OPP0045,60,Legal review of MSA initiated.,EMP0139
ACT0928,Meeting,2022-09-02,CON0368,OPP0351,30,POC results reviewed - client satisfied.,EMP0046
ACT0929,Site Visit,2024-02-23,CON0619,OPP0108,60,Competitive evaluation underway.,EMP0002
ACT0930,Site Visit,2023-03-30,CON0130,OPP0420,45,Executive sponsor confirmed budget.,EMP0009
ACT0931,Demo,2022-09-06,CON0237,OPP0301,30,Stakeholder alignment meeting held.,EMP0012
ACT0932,Follow-up,2024-12-24,CON0799,OPP0481,45,Discussed roadmap and budget approval.,EMP0048
ACT0933,Meeting,2022-04-03,CON0429,OPP0049,120,POC results reviewed - client satisfied.,EMP0013
ACT0934,Email,2023-05-06,CON0659,OPP0125,30,Pricing negotiation in progress.,EMP0058
ACT0935,Proposal Review,2024-09-24,CON0087,OPP0310,15,Discussed roadmap and budget approval.,EMP0015
ACT0936,Call,2023-01-12,CON0726,OPP0298,120,Pricing negotiation in progress.,EMP0111
ACT0937,Email,2024-02-11,CON0150,OPP0095,45,Integration requirements clarified.,EMP0072
ACT0938,Proposal Review,2022-05-12,CON0527,OPP0379,45,Pricing negotiation in progress.,EMP0080
ACT0939,Call,2024-07-09,CON0594,OPP0319,30,Contract review scheduled for next month.,EMP0001
ACT0940,Follow-up,2023-12-06,CON0745,OPP0412,30,Demo completed - positive reception from technical team.,EMP0060
ACT0941,Email,2024-02-28,CON0667,OPP0322,60,Legal review of MSA initiated.,EMP0137
ACT0942,Email,2023-08-07,CON0340,OPP0193,45,Legal review of MSA initiated.,EMP0074
ACT0943,Demo,2024-06-28,CON0014,OPP0401,120,Follow-up on proposal sent last week.,EMP0076
ACT0944,Webinar,2023-02-06,CON0694,OPP0315,120,Security questionnaire submitted and reviewed.,EMP0027
ACT0945,Email,2024-07-13,CON0511,OPP0220,60,New requirements gathered for phase 2.,EMP0110
ACT0946,Webinar,2022-04-30,CON0353,OPP0091,120,Legal review of MSA initiated.,EMP0108
ACT0947,Email,2022-09-14,CON0028,OPP0402,90,Demo completed - positive reception from technical team.,EMP0142
ACT0948,Email,2023-10-20,CON0489,OPP0281,15,Integration requirements clarified.,EMP0019
ACT0949,Call,2022-11-16,CON0136,OPP0126,15,Renewal discussion started for next fiscal year.,EMP0030
ACT0950,Site Visit,2024-09-06,CON0642,OPP0281,120,Security questionnaire submitted and reviewed.,EMP0114
ACT0951,Call,2024-03-02,CON0645,OPP0423,60,Renewal discussion started for next fiscal year.,EMP0110
ACT0952,Demo,2023-11-18,CON0252,OPP0070,30,Contract review scheduled for next month.,EMP0125
ACT0953,Email,2023-12-30,CON0600,OPP0080,15,Competitive evaluation underway.,EMP0036
ACT0954,Site Visit,2024-11-24,CON0738,OPP0146,120,Stakeholder alignment meeting held.,EMP0095
ACT0955,Site Visit,2023-03-28,CON0510,OPP0043,15,Decision maker out of office; rescheduled.,EMP0039
ACT0956,Follow-up,2023-01-30,CON0023,OPP0021,15,New requirements gathered for phase 2.,EMP0063
ACT0957,Proposal Review,2023-11-21,CON0792,OPP0466,30,POC results reviewed - client satisfied.,EMP0138
ACT0958,Meeting,2023-05-14,CON0720,OPP0358,15,Contract review scheduled for next month.,EMP0037
ACT0959,Follow-up,2024-06-14,CON0353,OPP0307,120,Renewal discussion started for next fiscal year.,EMP0129
ACT0960,Site Visit,2024-02-18,CON0628,OPP0107,30,Legal review of MSA initiated.,EMP0138
ACT0961,Follow-up,2022-07-31,CON0503,OPP0338,90,Contract review scheduled for next month.,EMP0128
ACT0962,Site Visit,2023-12-03,CON0584,OPP0037,45,Security questionnaire submitted and reviewed.,EMP0054
ACT0963,Meeting,2022-03-26,CON0097,OPP0051,45,Renewal discussion started for next fiscal year.,EMP0008
ACT0964,Site Visit,2023-12-25,CON0168,OPP0359,60,Integration requirements clarified.,EMP0075
ACT0965,Meeting,2024-06-01,CON0456,OPP0444,30,Competitive evaluation underway.,EMP0095
ACT0966,Email,2022-10-23,CON0500,OPP0094,45,Pricing negotiation in progress.,EMP0089
ACT0967,Demo,2023-05-25,CON0501,OPP0487,45,Renewal discussion started for next fiscal year.,EMP0101
ACT0968,Webinar,2024-03-01,CON0629,OPP0241,60,Decision maker out of office; rescheduled.,EMP0136
ACT0969,Proposal Review,2024-11-13,CON0301,OPP0302,60,Demo completed - positive reception from technical team.,EMP0043
ACT0970,Follow-up,2023-08-13,CON0726,OPP0189,15,Discussed roadmap and budget approval.,EMP0079
ACT0971,Site Visit,2022-10-10,CON0323,OPP0003,60,POC results reviewed - client satisfied.,EMP0034
ACT0972,Site Visit,2023-11-01,CON0393,OPP0274,45,Competitive evaluation underway.,EMP0029
ACT0973,Meeting,2022-04-22,CON0432,OPP0393,30,Executive sponsor confirmed budget.,EMP0115
ACT0974,Site Visit,2024-10-05,CON0184,OPP0306,30,New requirements gathered for phase 2.,EMP0082
ACT0975,Call,2024-06-21,CON0599,OPP0399,30,Decision maker out of office; rescheduled.,EMP0069
ACT0976,Meeting,2022-05-30,CON0135,OPP0295,15,Decision maker out of office; rescheduled.,EMP0112
ACT0977,Webinar,2022-01-09,CON0191,OPP0076,30,Decision maker out of office; rescheduled.,EMP0127
ACT0978,Proposal Review,2022-01-13,CON0294,OPP0467,45,Legal review of MSA initiated.,EMP0146
ACT0979,Proposal Review,2022-10-08,CON0383,OPP0060,90,Decision maker out of office; rescheduled.,EMP0014
ACT0980,Proposal Review,2022-02-19,CON0209,OPP0118,120,POC results reviewed - client satisfied.,EMP0136
ACT0981,Meeting,2022-07-11,CON0300,OPP0232,90,Renewal discussion started for next fiscal year.,EMP0037
ACT0982,Demo,2023-01-31,CON0456,OPP0331,120,Security questionnaire submitted and reviewed.,EMP0040
ACT0983,Call,2023-07-07,CON0325,OPP0033,120,Security questionnaire submitted and reviewed.,EMP0102
ACT0984,Proposal Review,2024-03-30,CON0785,OPP0374,60,Discussed roadmap and budget approval.,EMP0102
ACT0985,Demo,2024-04-13,CON0646,OPP0113,120,Demo completed - positive reception from technical team.,EMP0134
ACT0986,Site Visit,2023-02-15,CON0005,OPP0058,15,Demo completed - positive reception from technical team.,EMP0039
ACT0987,Call,2022-04-11,CON0738,OPP0347,90,Decision maker out of office; rescheduled.,EMP0129
ACT0988,Follow-up,2022-09-17,CON0398,OPP0419,45,Executive sponsor confirmed budget.,EMP0140
ACT0989,Demo,2023-02-24,CON0771,OPP0109,60,Competitive evaluation underway.,EMP0116
ACT0990,Site Visit,2022-02-16,CON0522,OPP0086,120,Stakeholder alignment meeting held.,EMP0104
ACT0991,Proposal Review,2022-06-25,CON0715,OPP0106,60,Discussed roadmap and budget approval.,EMP0086
ACT0992,Follow-up,2023-08-09,CON0446,OPP0449,90,Demo completed - positive reception from technical team.,EMP0007
ACT0993,Webinar,2024-05-08,CON0287,OPP0291,120,Competitive evaluation underway.,EMP0014
ACT0994,Email,2023-01-20,CON0150,OPP0134,90,Pricing negotiation in progress.,EMP0024
ACT0995,Demo,2024-02-06,CON0052,OPP0423,120,Security questionnaire submitted and reviewed.,EMP0001
ACT0996,Email,2022-08-10,CON0340,OPP0150,60,Follow-up on proposal sent last week.,EMP0122
ACT0997,Webinar,2024-12-22,CON0733,OPP0354,120,Renewal discussion started for next fiscal year.,EMP0016
ACT0998,Call,2023-03-20,CON0537,OPP0376,90,POC results reviewed - client satisfied.,EMP0010
ACT0999,Follow-up,2023-06-07,CON0654,OPP0035,15,Decision maker out of office; rescheduled.,EMP0016
ACT1000,Follow-up,2023-05-11,CON0066,OPP0179,60,Integration requirements clarified.,EMP0131
ACT1001,Webinar,2022-06-05,CON0704,OPP0110,45,Contract review scheduled for next month.,EMP0134
ACT1002,Email,2023-07-17,CON0528,OPP0331,30,Legal review of MSA initiated.,EMP0080
ACT1003,Proposal Review,2023-10-17,CON0361,OPP0259,15,Contract review scheduled for next month.,EMP0011
ACT1004,Call,2022-07-31,CON0413,OPP0265,45,Integration requirements clarified.,EMP0073
ACT1005,Proposal Review,2022-08-14,CON0499,OPP0431,60,Stakeholder alignment meeting held.,EMP0068
ACT1006,Call,2022-07-06,CON0623,OPP0020,30,Security questionnaire submitted and reviewed.,EMP0119
ACT1007,Email,2024-04-09,CON0621,OPP0270,120,Stakeholder alignment meeting held.,EMP0053
ACT1008,Proposal Review,2022-07-30,CON0447,OPP0048,15,Pricing negotiation in progress.,EMP0133
ACT1009,Site Visit,2024-05-18,CON0530,OPP0217,15,Follow-up on proposal sent last week.,EMP0146
ACT1010,Proposal Review,2024-02-29,CON0450,OPP0183,90,New requirements gathered for phase 2.,EMP0134
ACT1011,Demo,2023-02-12,CON0164,OPP0212,15,Legal review of MSA initiated.,EMP0011
ACT1012,Webinar,2022-02-27,CON0341,OPP0497,90,Contract review scheduled for next month.,EMP0096
ACT1013,Demo,2023-06-08,CON0366,OPP0330,90,Follow-up on proposal sent last week.,EMP0090
ACT1014,Site Visit,2023-11-02,CON0451,OPP0362,30,Stakeholder alignment meeting held.,EMP0095
ACT1015,Demo,2024-01-17,CON0246,OPP0127,90,Renewal discussion started for next fiscal year.,EMP0131
ACT1016,Meeting,2023-08-02,CON0164,OPP0199,60,Renewal discussion started for next fiscal year.,EMP0037
ACT1017,Email,2024-08-16,CON0796,OPP0359,60,Pricing negotiation in progress.,EMP0144
ACT1018,Call,2022-05-17,CON0698,OPP0170,90,Competitive evaluation underway.,EMP0069
ACT1019,Site Visit,2024-05-26,CON0562,OPP0249,90,Competitive evaluation underway.,EMP0054
ACT1020,Call,2023-02-19,CON0007,OPP0078,90,Pricing negotiation in progress.,EMP0053
ACT1021,Meeting,2024-08-04,CON0184,OPP0246,60,Integration requirements clarified.,EMP0144
ACT1022,Demo,2023-06-07,CON0325,OPP0036,120,Pricing negotiation in progress.,EMP0016
ACT1023,Meeting,2023-10-18,CON0129,OPP0448,90,Pricing negotiation in progress.,EMP0077
ACT1024,Site Visit,2022-08-07,CON0245,OPP0003,90,Legal review of MSA initiated.,EMP0049
ACT1025,Call,2024-08-24,CON0129,OPP0454,120,Competitive evaluation underway.,EMP0003
ACT1026,Proposal Review,2023-04-04,CON0569,OPP0443,120,Competitive evaluation underway.,EMP0043
ACT1027,Proposal Review,2024-08-31,CON0481,OPP0234,120,Executive sponsor confirmed budget.,EMP0030
ACT1028,Email,2024-10-23,CON0300,OPP0072,45,Demo completed - positive reception from technical team.,EMP0124
ACT1029,Site Visit,2023-02-11,CON0002,OPP0400,90,Discussed roadmap and budget approval.,EMP0003
ACT1030,Proposal Review,2022-06-19,CON0150,OPP0038,15,Competitive evaluation underway.,EMP0037
ACT1031,Follow-up,2022-10-16,CON0199,OPP0152,120,Decision maker out of office; rescheduled.,EMP0126
ACT1032,Demo,2022-04-17,CON0358,OPP0379,120,Legal review of MSA initiated.,EMP0115
ACT1033,Proposal Review,2022-07-12,CON0776,OPP0317,120,Security questionnaire submitted and reviewed.,EMP0110
ACT1034,Email,2024-08-30,CON0111,OPP0193,45,New requirements gathered for phase 2.,EMP0112
ACT1035,Webinar,2024-03-27,CON0413,OPP0395,60,Integration requirements clarified.,EMP0076
ACT1036,Call,2024-02-13,CON0537,OPP0438,30,Contract review scheduled for next month.,EMP0074
ACT1037,Follow-up,2022-02-02,CON0018,OPP0315,120,Pricing negotiation in progress.,EMP0039
ACT1038,Meeting,2023-07-31,CON0142,OPP0346,60,Renewal discussion started for next fiscal year.,EMP0094
ACT1039,Demo,2024-07-28,CON0640,OPP0103,120,Demo completed - positive reception from technical team.,EMP0033
ACT1040,Email,2022-06-05,CON0779,OPP0133,30,POC results reviewed - client satisfied.,EMP0004
ACT1041,Proposal Review,2022-02-13,CON0371,OPP0355,45,Legal review of MSA initiated.,EMP0063
ACT1042,Site Visit,2022-04-13,CON0781,OPP0059,45,Legal review of MSA initiated.,EMP0030
ACT1043,Email,2023-11-05,CON0039,OPP0382,120,Follow-up on proposal sent last week.,EMP0012
ACT1044,Email,2024-03-23,CON0726,OPP0425,30,Integration requirements clarified.,EMP0003
ACT1045,Call,2024-10-29,CON0034,OPP0069,60,Pricing negotiation in progress.,EMP0144
ACT1046,Demo,2023-06-20,CON0480,OPP0466,45,POC results reviewed - client satisfied.,EMP0117
ACT1047,Demo,2023-03-28,CON0327,OPP0148,90,Stakeholder alignment meeting held.,EMP0053
ACT1048,Webinar,2024-10-04,CON0092,OPP0308,30,Follow-up on proposal sent last week.,EMP0073
ACT1049,Site Visit,2024-08-24,CON0584,OPP0047,45,Integration requirements clarified.,EMP0063
ACT1050,Site Visit,2024-03-04,CON0291,OPP0348,30,Executive sponsor confirmed budget.,EMP0040
ACT1051,Call,2023-03-02,CON0094,OPP0483,60,New requirements gathered for phase 2.,EMP0036
ACT1052,Site Visit,2024-05-16,CON0374,OPP0075,90,Demo completed - positive reception from technical team.,EMP0080
ACT1053,Site Visit,2023-11-14,CON0271,OPP0440,90,Security questionnaire submitted and reviewed.,EMP0043
ACT1054,Proposal Review,2022-09-21,CON0298,OPP0002,15,Executive sponsor confirmed budget.,EMP0009
ACT1055,Meeting,2022-02-12,CON0560,OPP0201,120,Discussed roadmap and budget approval.,EMP0023
ACT1056,Follow-up,2024-02-12,CON0018,OPP0164,15,POC results reviewed - client satisfied.,EMP0007
ACT1057,Webinar,2023-07-28,CON0214,OPP0422,30,Legal review of MSA initiated.,EMP0030
ACT1058,Site Visit,2023-02-20,CON0748,OPP0030,120,New requirements gathered for phase 2.,EMP0051
ACT1059,Demo,2023-10-18,CON0431,OPP0433,120,Security questionnaire submitted and reviewed.,EMP0056
ACT1060,Site Visit,2023-02-16,CON0014,OPP0046,15,Discussed roadmap and budget approval.,EMP0010
ACT1061,Call,2024-12-13,CON0610,OPP0302,30,Follow-up on proposal sent last week.,EMP0142
ACT1062,Proposal Review,2024-12-03,CON0117,OPP0373,15,Executive sponsor confirmed budget.,EMP0080
ACT1063,Call,2022-12-22,CON0540,OPP0330,30,Pricing negotiation in progress.,EMP0072
ACT1064,Email,2023-11-18,CON0557,OPP0451,90,Executive sponsor confirmed budget.,EMP0047
ACT1065,Call,2023-04-17,CON0051,OPP0473,45,New requirements gathered for phase 2.,EMP0057
ACT1066,Proposal Review,2024-05-04,CON0435,OPP0046,30,Executive sponsor confirmed budget.,EMP0107
ACT1067,Site Visit,2022-12-15,CON0547,OPP0470,120,Discussed roadmap and budget approval.,EMP0132
ACT1068,Email,2022-10-15,CON0141,OPP0346,120,Integration requirements clarified.,EMP0134
ACT1069,Email,2023-12-16,CON0780,OPP0293,45,Executive sponsor confirmed budget.,EMP0118
ACT1070,Follow-up,2024-07-26,CON0004,OPP0447,45,Security questionnaire submitted and reviewed.,EMP0057
ACT1071,Email,2022-06-30,CON0038,OPP0179,120,Stakeholder alignment meeting held.,EMP0055
ACT1072,Demo,2022-01-18,CON0628,OPP0222,60,Security questionnaire submitted and reviewed.,EMP0052
ACT1073,Proposal Review,2024-10-28,CON0298,OPP0072,15,Stakeholder alignment meeting held.,EMP0150
ACT1074,Email,2023-09-24,CON0144,OPP0342,60,POC results reviewed - client satisfied.,EMP0060
ACT1075,Proposal Review,2024-04-15,CON0752,OPP0443,45,Renewal discussion started for next fiscal year.,EMP0008
ACT1076,Email,2024-04-10,CON0498,OPP0219,60,New requirements gathered for phase 2.,EMP0026
ACT1077,Proposal Review,2024-09-07,CON0408,OPP0446,30,Renewal discussion started for next fiscal year.,EMP0136
ACT1078,Demo,2024-04-17,CON0242,OPP0222,90,Stakeholder alignment meeting held.,EMP0092
ACT1079,Call,2022-06-29,CON0747,OPP0336,60,Security questionnaire submitted and reviewed.,EMP0042
ACT1080,Proposal Review,2024-04-02,CON0177,OPP0304,30,Demo completed - positive reception from technical team.,EMP0109
ACT1081,Site Visit,2024-06-09,CON0455,OPP0264,120,Stakeholder alignment meeting held.,EMP0003
ACT1082,Demo,2024-07-05,CON0660,OPP0204,15,Integration requirements clarified.,EMP0084
ACT1083,Meeting,2023-01-19,CON0564,OPP0470,120,POC results reviewed - client satisfied.,EMP0138
ACT1084,Call,2024-08-07,CON0299,OPP0298,90,Contract review scheduled for next month.,EMP0082
ACT1085,Email,2022-10-05,CON0332,OPP0175,90,Legal review of MSA initiated.,EMP0123
ACT1086,Proposal Review,2022-11-08,CON0445,OPP0166,90,Competitive evaluation underway.,EMP0127
ACT1087,Site Visit,2023-08-30,CON0026,OPP0282,30,Security questionnaire submitted and reviewed.,EMP0143
ACT1088,Webinar,2024-12-25,CON0026,OPP0163,15,Security questionnaire submitted and reviewed.,EMP0019
ACT1089,Follow-up,2022-09-13,CON0792,OPP0226,15,Security questionnaire submitted and reviewed.,EMP0100
ACT1090,Webinar,2024-09-15,CON0565,OPP0299,30,POC results reviewed - client satisfied.,EMP0018
ACT1091,Meeting,2023-12-23,CON0406,OPP0180,15,Stakeholder alignment meeting held.,EMP0137
ACT1092,Proposal Review,2022-06-14,CON0664,OPP0059,45,Stakeholder alignment meeting held.,EMP0110
ACT1093,Call,2022-04-25,CON0668,OPP0185,15,Discussed roadmap and budget approval.,EMP0048
ACT1094,Follow-up,2023-07-07,CON0609,OPP0361,120,Demo completed - positive reception from technical team.,EMP0134
ACT1095,Proposal Review,2024-10-03,CON0358,OPP0328,60,Discussed roadmap and budget approval.,EMP0060
ACT1096,Call,2022-10-17,CON0604,OPP0101,15,Follow-up on proposal sent last week.,EMP0027
ACT1097,Meeting,2023-11-28,CON0649,OPP0007,15,Renewal discussion started for next fiscal year.,EMP0130
ACT1098,Site Visit,2022-03-15,CON0506,OPP0141,30,POC results reviewed - client satisfied.,EMP0006
ACT1099,Site Visit,2023-12-07,CON0153,OPP0093,30,Contract review scheduled for next month.,EMP0049
ACT1100,Site Visit,2023-03-08,CON0122,OPP0325,90,Discussed roadmap and budget approval.,EMP0099
ACT1101,Meeting,2022-03-27,CON0014,OPP0401,60,Renewal discussion started for next fiscal year.,EMP0051
ACT1102,Call,2022-10-06,CON0268,OPP0403,30,Security questionnaire submitted and reviewed.,EMP0099
ACT1103,Site Visit,2022-10-12,CON0266,OPP0360,90,Legal review of MSA initiated.,EMP0094
ACT1104,Demo,2024-08-19,CON0753,OPP0326,45,Discussed roadmap and budget approval.,EMP0084
ACT1105,Proposal Review,2022-07-08,CON0658,OPP0391,45,Decision maker out of office; rescheduled.,EMP0101
ACT1106,Webinar,2024-04-15,CON0695,OPP0398,60,Decision maker out of office; rescheduled.,EMP0013
ACT1107,Site Visit,2024-10-06,CON0214,OPP0186,120,Decision maker out of office; rescheduled.,EMP0065
ACT1108,Webinar,2023-03-25,CON0261,OPP0170,120,Follow-up on proposal sent last week.,EMP0072
ACT1109,Site Visit,2024-05-28,CON0563,OPP0500,90,Renewal discussion started for next fiscal year.,EMP0108
ACT1110,Webinar,2024-11-18,CON0204,OPP0342,120,Competitive evaluation underway.,EMP0069
ACT1111,Demo,2023-08-31,CON0576,OPP0380,30,Renewal discussion started for next fiscal year.,EMP0091
ACT1112,Site Visit,2022-11-24,CON0427,OPP0427,60,Contract review scheduled for next month.,EMP0112
ACT1113,Site Visit,2023-09-06,CON0531,OPP0161,30,Demo completed - positive reception from technical team.,EMP0008
ACT1114,Proposal Review,2024-08-26,CON0374,OPP0269,60,Discussed roadmap and budget approval.,EMP0131
ACT1115,Follow-up,2023-05-15,CON0163,OPP0396,120,Integration requirements clarified.,EMP0144
ACT1116,Demo,2023-05-31,CON0308,OPP0125,120,Integration requirements clarified.,EMP0087
ACT1117,Call,2023-12-31,CON0025,OPP0391,120,Executive sponsor confirmed budget.,EMP0079
ACT1118,Webinar,2022-05-03,CON0370,OPP0370,15,POC results reviewed - client satisfied.,EMP0045
ACT1119,Follow-up,2024-04-01,CON0475,OPP0085,120,Competitive evaluation underway.,EMP0003
ACT1120,Call,2024-07-26,CON0202,OPP0144,30,Security questionnaire submitted and reviewed.,EMP0051
ACT1121,Call,2024-08-15,CON0458,OPP0117,120,Legal review of MSA initiated.,EMP0037
ACT1122,Webinar,2023-07-07,CON0651,OPP0404,45,Renewal discussion started for next fiscal year.,EMP0002
ACT1123,Demo,2022-02-28,CON0065,OPP0216,30,Pricing negotiation in progress.,EMP0144
ACT1124,Webinar,2022-08-14,CON0363,OPP0020,120,Demo completed - positive reception from technical team.,EMP0002
ACT1125,Follow-up,2023-12-05,CON0024,OPP0337,30,Stakeholder alignment meeting held.,EMP0025
ACT1126,Follow-up,2023-03-06,CON0352,OPP0117,15,Demo completed - positive reception from technical team.,EMP0119
ACT1127,Follow-up,2023-04-22,CON0230,OPP0385,60,POC results reviewed - client satisfied.,EMP0085
ACT1128,Demo,2022-06-11,CON0739,OPP0372,15,Follow-up on proposal sent last week.,EMP0037
ACT1129,Demo,2023-12-24,CON0590,OPP0015,45,Competitive evaluation underway.,EMP0043
ACT1130,Site Visit,2024-01-04,CON0190,OPP0454,60,Competitive evaluation underway.,EMP0068
ACT1131,Meeting,2024-06-08,CON0692,OPP0195,30,Executive sponsor confirmed budget.,EMP0089
ACT1132,Email,2022-04-15,CON0537,OPP0187,60,Contract review scheduled for next month.,EMP0136
ACT1133,Demo,2023-12-18,CON0357,OPP0150,45,Follow-up on proposal sent last week.,EMP0067
ACT1134,Site Visit,2022-03-25,CON0619,OPP0422,120,Follow-up on proposal sent last week.,EMP0150
ACT1135,Demo,2023-10-26,CON0097,OPP0041,60,Renewal discussion started for next fiscal year.,EMP0078
ACT1136,Webinar,2024-01-03,CON0321,OPP0387,120,Contract review scheduled for next month.,EMP0117
ACT1137,Call,2024-05-05,CON0139,OPP0243,30,Stakeholder alignment meeting held.,EMP0028
ACT1138,Site Visit,2024-07-22,CON0205,OPP0127,60,Decision maker out of office; rescheduled.,EMP0099
ACT1139,Email,2022-10-15,CON0089,OPP0342,45,Competitive evaluation underway.,EMP0122
ACT1140,Webinar,2024-05-16,CON0737,OPP0370,120,Demo completed - positive reception from technical team.,EMP0109
ACT1141,Follow-up,2022-07-27,CON0178,OPP0386,60,Discussed roadmap and budget approval.,EMP0132
ACT1142,Follow-up,2024-12-12,CON0122,OPP0262,120,Legal review of MSA initiated.,EMP0101
ACT1143,Meeting,2022-01-29,CON0604,OPP0319,15,Integration requirements clarified.,EMP0147
ACT1144,Demo,2022-06-21,CON0618,OPP0427,60,Contract review scheduled for next month.,EMP0006
ACT1145,Demo,2023-11-20,CON0076,OPP0224,120,Legal review of MSA initiated.,EMP0016
ACT1146,Follow-up,2023-11-19,CON0034,OPP0365,45,New requirements gathered for phase 2.,EMP0139
ACT1147,Meeting,2022-09-14,CON0694,OPP0361,120,Integration requirements clarified.,EMP0113
ACT1148,Demo,2022-07-24,CON0178,OPP0488,30,Decision maker out of office; rescheduled.,EMP0059
ACT1149,Call,2023-09-24,CON0515,OPP0177,15,Renewal discussion started for next fiscal year.,EMP0075
ACT1150,Meeting,2022-04-28,CON0149,OPP0190,90,Competitive evaluation underway.,EMP0063
ACT1151,Site Visit,2023-09-02,CON0376,OPP0024,120,Demo completed - positive reception from technical team.,EMP0142
ACT1152,Meeting,2023-05-02,CON0110,OPP0127,45,Demo completed - positive reception from technical team.,EMP0121
ACT1153,Webinar,2024-01-30,CON0453,OPP0194,60,Demo completed - positive reception from technical team.,EMP0017
ACT1154,Email,2023-11-10,CON0300,OPP0303,15,New requirements gathered for phase 2.,EMP0074
ACT1155,Follow-up,2023-02-02,CON0088,OPP0267,120,Contract review scheduled for next month.,EMP0077
ACT1156,Demo,2024-06-11,CON0630,OPP0191,30,Security questionnaire submitted and reviewed.,EMP0022
ACT1157,Call,2022-11-18,CON0681,OPP0300,60,Legal review of MSA initiated.,EMP0031
ACT1158,Email,2023-10-19,CON0017,OPP0209,30,Renewal discussion started for next fiscal year.,EMP0150
ACT1159,Email,2024-08-15,CON0620,OPP0065,60,Security questionnaire submitted and reviewed.,EMP0087
ACT1160,Email,2024-07-14,CON0219,OPP0439,30,Stakeholder alignment meeting held.,EMP0029
ACT1161,Site Visit,2022-10-17,CON0702,OPP0315,15,New requirements gathered for phase 2.,EMP0014
ACT1162,Proposal Review,2023-04-14,CON0634,OPP0080,30,Follow-up on proposal sent last week.,EMP0141
ACT1163,Demo,2024-03-24,CON0581,OPP0461,15,Executive sponsor confirmed budget.,EMP0083
ACT1164,Proposal Review,2023-03-23,CON0696,OPP0236,60,Executive sponsor confirmed budget.,EMP0124
ACT1165,Email,2022-02-25,CON0368,OPP0071,90,Stakeholder alignment meeting held.,EMP0116
ACT1166,Proposal Review,2022-01-03,CON0453,OPP0330,45,Pricing negotiation in progress.,EMP0021
ACT1167,Webinar,2023-02-07,CON0058,OPP0131,45,Pricing negotiation in progress.,EMP0014
ACT1168,Call,2022-12-30,CON0007,OPP0068,120,Integration requirements clarified.,EMP0134
ACT1169,Demo,2024-10-09,CON0569,OPP0314,15,Security questionnaire submitted and reviewed.,EMP0055
ACT1170,Follow-up,2023-12-11,CON0057,OPP0088,90,Pricing negotiation in progress.,EMP0129
ACT1171,Site Visit,2024-07-15,CON0780,OPP0204,15,Contract review scheduled for next month.,EMP0013
ACT1172,Follow-up,2022-01-18,CON0620,OPP0400,120,Executive sponsor confirmed budget.,EMP0053
ACT1173,Follow-up,2024-04-15,CON0702,OPP0354,60,Renewal discussion started for next fiscal year.,EMP0090
ACT1174,Follow-up,2022-05-21,CON0550,OPP0365,120,Demo completed - positive reception from technical team.,EMP0062
ACT1175,Site Visit,2024-10-31,CON0099,OPP0023,15,Security questionnaire submitted and reviewed.,EMP0063
ACT1176,Meeting,2024-07-03,CON0177,OPP0037,15,Competitive evaluation underway.,EMP0081
ACT1177,Email,2023-05-15,CON0251,OPP0144,60,Discussed roadmap and budget approval.,EMP0026
ACT1178,Follow-up,2022-11-24,CON0153,OPP0002,15,Contract review scheduled for next month.,EMP0138
ACT1179,Meeting,2024-01-11,CON0242,OPP0089,15,Executive sponsor confirmed budget.,EMP0141
ACT1180,Demo,2022-06-07,CON0771,OPP0345,60,Stakeholder alignment meeting held.,EMP0032
ACT1181,Site Visit,2023-04-01,CON0426,OPP0431,15,Contract review scheduled for next month.,EMP0138
ACT1182,Email,2024-09-07,CON0252,OPP0378,60,POC results reviewed - client satisfied.,EMP0004
ACT1183,Proposal Review,2024-11-11,CON0607,OPP0362,45,Renewal discussion started for next fiscal year.,EMP0125
ACT1184,Site Visit,2024-09-14,CON0189,OPP0024,15,Discussed roadmap and budget approval.,EMP0091
ACT1185,Meeting,2022-06-15,CON0264,OPP0358,120,Follow-up on proposal sent last week.,EMP0013
ACT1186,Proposal Review,2022-01-19,CON0468,OPP0059,60,Contract review scheduled for next month.,EMP0069
ACT1187,Webinar,2022-02-26,CON0670,OPP0344,90,Competitive evaluation underway.,EMP0083
ACT1188,Email,2023-01-05,CON0222,OPP0235,15,Stakeholder alignment meeting held.,EMP0096
ACT1189,Email,2022-08-14,CON0800,OPP0300,15,POC results reviewed - client satisfied.,EMP0068
ACT1190,Follow-up,2024-01-11,CON0266,OPP0479,45,Integration requirements clarified.,EMP0121
ACT1191,Meeting,2024-03-20,CON0353,OPP0174,60,Competitive evaluation underway.,EMP0030
ACT1192,Meeting,2024-07-17,CON0439,OPP0256,15,Contract review scheduled for next month.,EMP0113
ACT1193,Proposal Review,2022-08-27,CON0705,OPP0387,120,Stakeholder alignment meeting held.,EMP0129
ACT1194,Site Visit,2022-10-17,CON0436,OPP0124,90,Pricing negotiation in progress.,EMP0103
ACT1195,Email,2022-10-03,CON0760,OPP0206,60,Security questionnaire submitted and reviewed.,EMP0113
ACT1196,Demo,2022-02-21,CON0382,OPP0187,60,Contract review scheduled for next month.,EMP0118
ACT1197,Email,2023-02-05,CON0558,OPP0434,90,Legal review of MSA initiated.,EMP0074
ACT1198,Call,2022-12-06,CON0747,OPP0072,30,Renewal discussion started for next fiscal year.,EMP0074
ACT1199,Site Visit,2022-05-21,CON0310,OPP0153,60,Security questionnaire submitted and reviewed.,EMP0098
ACT1200,Meeting,2024-10-09,CON0435,OPP0105,120,Contract review scheduled for next month.,EMP0001
