  crm_revenue_history  ·  2880 lignes  ·  8 colonnes,Unnamed: 1,Unnamed: 2,Unnamed: 3,Unnamed: 4,Unnamed: 5,Unnamed: 6,Unnamed: 7
revenue_id,account_id,year_month,revenue,recurring_revenue,new_revenue,currency,source
REV000001,ACC0086,2022-01,18217308.52,11605818.38,4732599.26,EUR,Consulting
REV000002,ACC0086,2022-02,19385815.1,10210534.47,5020702.55,EUR,Service
REV000003,ACC0086,2022-03,21877698.21,11103046.09,2360599.92,EUR,Product
REV000004,ACC0086,2022-04,21224245.1,12476511.36,3028357.74,EUR,Product
REV000005,ACC0086,2022-05,20153367.14,15068164.38,1685168.03,EUR,Product
REV000006,ACC0086,2022-06,19312611.33,14228653.22,2811537.19,EUR,Product
REV000007,ACC0086,2022-07,19176544.57,9947080.08,5585602.68,EUR,Consulting
REV000008,ACC0086,2022-08,19489461.96,10035294.43,2923293.84,EUR,Service
REV000009,ACC0086,2022-09,19889594.37,17291765.74,4715635.36,EUR,Maintenance
REV000010,ACC0086,2022-10,23564156.75,19985311.73,3481146.53,EUR,Product
REV000011,ACC0086,2022-11,22984758.27,16325812.49,6547167.88,EUR,Product
REV000012,ACC0086,2022-12,22600645.02,12868483.19,2663355.52,EUR,Product
REV000013,ACC0086,2023-01,25718069.43,21357955.05,5523179.04,EUR,Consulting
REV000014,ACC0086,2023-02,27843406.18,23581657.46,2772001.74,EUR,Service
REV000015,ACC0086,2023-03,28498198.77,14390801.63,8099591.31,EUR,Service
REV000016,ACC0086,2023-04,30071903.77,20271744.95,2535188.51,EUR,Product
REV000017,ACC0086,2023-05,30709409.34,16572538.87,4214605.78,EUR,Consulting
REV000018,ACC0086,2023-06,27249062.66,15767696.23,2579649.11,EUR,Service
REV000019,ACC0086,2023-07,31770261.48,27255830.34,5745325.34,EUR,Service
REV000020,ACC0086,2023-08,22118033.23,11338996.2,5853830.88,EUR,Product
REV000021,ACC0086,2023-09,28674118.81,17216031.08,3529192.54,EUR,Service
REV000022,ACC0086,2023-10,29555958.96,19844661.52,1991047.81,EUR,Service
REV000023,ACC0086,2023-11,31020382.38,19731207.51,5518503.2,EUR,Service
REV000024,ACC0086,2023-12,39086145.89,27272972.1,7968646.79,EUR,Product
REV000025,ACC0086,2024-01,37488540.31,23239592,3587204.55,EUR,Consulting
REV000026,ACC0086,2024-02,40129802.7,25003314.25,9746481.96,EUR,Product
REV000027,ACC0086,2024-03,44949911.34,31396798.47,4708776.23,EUR,Service
REV000028,ACC0086,2024-04,44309083.49,31033783.65,6521423.98,EUR,Product
REV000029,ACC0086,2024-05,36336837.28,26457179.82,10877734.11,EUR,Product
REV000030,ACC0086,2024-06,44397938.56,28764947.1,4721659.69,EUR,Maintenance
REV000031,ACC0086,2024-07,34785090.09,19296200.52,6604052.93,EUR,Product
REV000032,ACC0086,2024-08,36657216.61,25890518.42,8558930.46,EUR,Product
REV000033,ACC0086,2024-09,35866356,27299131.07,10573875.65,EUR,Product
REV000034,ACC0086,2024-10,37638356.9,23896083.3,10215392.42,EUR,Service
REV000035,ACC0086,2024-11,46845401.85,41104151.16,4384508.01,EUR,Service
REV000036,ACC0086,2024-12,47687340.66,35097241.35,2575157.45,EUR,Maintenance
REV000037,ACC0163,2022-01,30275202.61,17806354.43,5552703.16,EUR,Product
REV000038,ACC0163,2022-02,28353217.47,23776213.95,5919379.25,EUR,Maintenance
REV000039,ACC0163,2022-03,32135245.51,19841586.21,5267052.67,EUR,Consulting
REV000040,ACC0163,2022-04,29129258.15,19889881.92,4341565.14,EUR,Service
REV000041,ACC0163,2022-05,29765106.85,21338393.25,4847041.26,EUR,Maintenance
REV000042,ACC0163,2022-06,31239252.72,18823614.28,4795958.19,EUR,Service
REV000043,ACC0163,2022-07,23186247.63,17894557.86,3406636.22,EUR,Product
REV000044,ACC0163,2022-08,21921155.34,19419299.89,1464023.88,EUR,Maintenance
REV000045,ACC0163,2022-09,23988435.92,20459910.16,1721937.43,EUR,Service
REV000046,ACC0163,2022-10,23325146.68,11975672.1,1515029.32,EUR,Service
REV000047,ACC0163,2022-11,27903399.62,24270408.35,2559698.57,EUR,Maintenance
REV000048,ACC0163,2022-12,33972172.74,21531855.28,7622542.84,EUR,Service
REV000049,ACC0163,2023-01,34036014.8,28421814.04,4978267.03,EUR,Product
REV000050,ACC0163,2023-02,36322391.31,30980129.4,2118196.52,EUR,Consulting
REV000051,ACC0163,2023-03,40312067.77,23830779.08,4514736.46,EUR,Product
REV000052,ACC0163,2023-04,33989831.72,19867383.32,5067527.41,EUR,Service
REV000053,ACC0163,2023-05,37426212.09,28681531.3,2079523.56,EUR,Service
REV000054,ACC0163,2023-06,32140816.34,17616288.5,9104014.46,EUR,Product
REV000055,ACC0163,2023-07,26723280.55,15322167.26,4077388.81,EUR,Consulting
REV000056,ACC0163,2023-08,33301934.88,26989240.39,6779511.03,EUR,Maintenance
REV000057,ACC0163,2023-09,28261453.38,19241776.19,5984664.62,EUR,Service
REV000058,ACC0163,2023-10,32101541.75,24734273.61,8092302.42,EUR,Product
REV000059,ACC0163,2023-11,38192182.92,26287346.38,3869309.24,EUR,Service
REV000060,ACC0163,2023-12,35176996.38,27387058.73,7858536.7,EUR,Consulting
REV000061,ACC0163,2024-01,45941732.56,32227482.74,7828217.01,EUR,Service
REV000062,ACC0163,2024-02,42912547.67,38522712.03,5607091.29,EUR,Product
REV000063,ACC0163,2024-03,41392799.1,31802015.95,5201867.35,EUR,Product
REV000064,ACC0163,2024-04,46942854.76,24573320.85,9950848.91,EUR,Service
REV000065,ACC0163,2024-05,38181960.28,30774572,9209892.9,EUR,Service
REV000066,ACC0163,2024-06,36212633.86,18537095.86,5348191,EUR,Product
REV000067,ACC0163,2024-07,40784875.1,21390724.86,2750207.12,EUR,Maintenance
REV000068,ACC0163,2024-08,29690527.97,25490072.87,1594604.28,EUR,Product
REV000069,ACC0163,2024-09,32471646.33,26751239.82,6342965.3,EUR,Maintenance
REV000070,ACC0163,2024-10,33202977.9,25538454.32,6363768.67,EUR,Service
REV000071,ACC0163,2024-11,40021515.36,22567944.47,3201701.56,EUR,Product
REV000072,ACC0163,2024-12,41481917.49,33508502.08,10086483.94,EUR,Product
REV000073,ACC0129,2022-01,31711699.32,25211279.6,8895567.51,EUR,Service
REV000074,ACC0129,2022-02,42221976.36,25542852.11,6388450.39,EUR,Product
REV000075,ACC0129,2022-03,38572407.03,19752266.57,8852013.5,EUR,Service
REV000076,ACC0129,2022-04,37984144.08,33767541.66,2726293.3,EUR,Maintenance
REV000077,ACC0129,2022-05,33242336.45,29354861.63,4175959.6,EUR,Consulting
REV000078,ACC0129,2022-06,33771682.42,20699028.66,8232585.67,EUR,Service
REV000079,ACC0129,2022-07,30885918.31,20613839.96,1751108.45,EUR,Service
REV000080,ACC0129,2022-08,30271319.24,25058913.23,4837275.12,EUR,Product
REV000081,ACC0129,2022-09,30608767.26,18468883.85,6177294.4,EUR,Product
REV000082,ACC0129,2022-10,29695936.05,25686542.6,6997098.61,EUR,Product
REV000083,ACC0129,2022-11,29393623.69,23942278.63,7434551.74,EUR,Maintenance
REV000084,ACC0129,2022-12,32110383.63,26613420.44,2210355.87,EUR,Maintenance
REV000085,ACC0129,2023-01,29182742.59,15894626.4,4898877.65,EUR,Consulting
REV000086,ACC0129,2023-02,38261804.16,33729282.65,4506086.04,EUR,Product
REV000087,ACC0129,2023-03,34604611.93,18878861.36,9369442.57,EUR,Service
REV000088,ACC0129,2023-04,36320745.63,31542948.8,2750898.3,EUR,Maintenance
REV000089,ACC0129,2023-05,28099046.12,16888625.37,6830869.66,EUR,Consulting
REV000090,ACC0129,2023-06,25987126.66,19792304.45,1904555.07,EUR,Product
REV000091,ACC0129,2023-07,22370911.21,19592286.43,5451291.47,EUR,Product
REV000092,ACC0129,2023-08,26702057.48,15018048.02,5546089.18,EUR,Product
REV000093,ACC0129,2023-09,24173669.35,20594375.67,2439045.19,EUR,Service
REV000094,ACC0129,2023-10,21327816.95,18327028.93,6190077.89,EUR,Product
REV000095,ACC0129,2023-11,24067932.09,13567902.28,2107283.68,EUR,Product
REV000096,ACC0129,2023-12,28766017.05,21876924.05,6978594.14,EUR,Maintenance
REV000097,ACC0129,2024-01,26881715.43,22499429.23,3536618.83,EUR,Consulting
REV000098,ACC0129,2024-02,28572810.79,15969974.43,5054832.79,EUR,Service
REV000099,ACC0129,2024-03,28514554.42,18122471.41,5453029.99,EUR,Service
REV000100,ACC0129,2024-04,26222380.91,13900609.66,4850071.24,EUR,Service
REV000101,ACC0129,2024-05,26581352.38,19588716.34,2075560.2,EUR,Service
REV000102,ACC0129,2024-06,27044758.94,15377547.2,4545195.31,EUR,Service
REV000103,ACC0129,2024-07,19782926.19,10014560.29,1152818.43,EUR,Product
REV000104,ACC0129,2024-08,22582150.81,15412674.53,4717426.15,EUR,Maintenance
REV000105,ACC0129,2024-09,19789959.49,17765568.53,3073772.7,EUR,Maintenance
REV000106,ACC0129,2024-10,20677281.15,12144528.4,5185182.97,EUR,Service
REV000107,ACC0129,2024-11,19765742.54,15029560.21,4160318.32,EUR,Service
REV000108,ACC0129,2024-12,18781704.55,13031144.57,966645.88,EUR,Product
REV000109,ACC0092,2022-01,16578779.22,10247244.6,3572411.69,EUR,Maintenance
REV000110,ACC0092,2022-02,17580516.2,11419846.18,2671455.49,EUR,Product
REV000111,ACC0092,2022-03,21112186,11316340.93,5943257.48,EUR,Consulting
REV000112,ACC0092,2022-04,17991218.58,10309972.95,4990191.39,EUR,Service
REV000113,ACC0092,2022-05,18908725.55,12518098.59,4804529.4,EUR,Maintenance
REV000114,ACC0092,2022-06,17738460.32,14269137.23,890333.95,EUR,Consulting
REV000115,ACC0092,2022-07,18110838.82,11182674.89,2605391.89,EUR,Product
REV000116,ACC0092,2022-08,16372611.47,8461553.16,2271126.02,EUR,Maintenance
REV000117,ACC0092,2022-09,14222363.96,9528496.15,2493294.75,EUR,Product
REV000118,ACC0092,2022-10,15548217.81,10057935.21,4437579.6,EUR,Maintenance
REV000119,ACC0092,2022-11,18160859.31,16133361.34,4874846.64,EUR,Maintenance
REV000120,ACC0092,2022-12,20006350.22,14084636.98,1734901.66,EUR,Service
REV000121,ACC0092,2023-01,26191132.63,20605607.65,4267644.97,EUR,Service
REV000122,ACC0092,2023-02,22705781.27,17822223.58,3468954.49,EUR,Consulting
REV000123,ACC0092,2023-03,25103450.38,22198782.46,2703773.92,EUR,Product
REV000124,ACC0092,2023-04,23578157.71,19102672.85,6897530.7,EUR,Service
REV000125,ACC0092,2023-05,26055485.9,19127928.08,2145329.02,EUR,Service
REV000126,ACC0092,2023-06,21632462.38,18702310.99,5881138.19,EUR,Consulting
REV000127,ACC0092,2023-07,21532880.82,11928255.14,1348484.38,EUR,Product
REV000128,ACC0092,2023-08,20205625.87,11442733.38,3085040.25,EUR,Service
REV000129,ACC0092,2023-09,20520614.03,10351251.38,3165062.99,EUR,Product
REV000130,ACC0092,2023-10,18596932.04,13638297.29,1752392.22,EUR,Consulting
REV000131,ACC0092,2023-11,25922536.79,16869923.89,7681280.09,EUR,Consulting
REV000132,ACC0092,2023-12,30275411.64,17006545.6,8437856.77,EUR,Service
REV000133,ACC0092,2024-01,28877128.21,25427457.63,5401189.6,EUR,Product
REV000134,ACC0092,2024-02,32338499.45,27360457.2,4849297.43,EUR,Service
REV000135,ACC0092,2024-03,29279111.24,22956176.65,4764734.77,EUR,Product
REV000136,ACC0092,2024-04,36378388.71,22570722.11,4065822.03,EUR,Service
REV000137,ACC0092,2024-05,31596743.24,16415844.44,9064529.92,EUR,Maintenance
REV000138,ACC0092,2024-06,35092840.93,18889011.44,3510530.48,EUR,Service
REV000139,ACC0092,2024-07,27121248.17,15617492.98,6539175.79,EUR,Product
REV000140,ACC0092,2024-08,31026750.02,15877392.77,8507572.22,EUR,Product
REV000141,ACC0092,2024-09,28583410.9,14859604.59,8424165.26,EUR,Maintenance
REV000142,ACC0092,2024-10,31330858.6,23397129.49,7417525.63,EUR,Product
REV000143,ACC0092,2024-11,32145986.35,26262106.45,7563880.15,EUR,Maintenance
REV000144,ACC0092,2024-12,39826369.32,31559835.88,7607065.5,EUR,Product
REV000145,ACC0189,2022-01,2008443.63,1168211.43,507898.94,EUR,Service
REV000146,ACC0189,2022-02,2549484.94,1829065.81,211859.18,EUR,Service
REV000147,ACC0189,2022-03,2627311.86,1881308.93,554643.52,EUR,Maintenance
REV000148,ACC0189,2022-04,2249471.67,1831883.63,640999.13,EUR,Product
REV000149,ACC0189,2022-05,2258486.37,1950059.08,298970.82,EUR,Consulting
REV000150,ACC0189,2022-06,1978213.95,1133636.44,265492.94,EUR,Product
REV000151,ACC0189,2022-07,1795690.43,1307426.19,307278.22,EUR,Service
REV000152,ACC0189,2022-08,1514495.01,1134287.25,174552.66,EUR,Consulting
REV000153,ACC0189,2022-09,1494691.45,986902.18,416784.88,EUR,Service
REV000154,ACC0189,2022-10,1888369.63,1640024.09,556595.51,EUR,Product
REV000155,ACC0189,2022-11,1707608.82,1528472.03,243343.47,EUR,Service
REV000156,ACC0189,2022-12,1905303.47,1454799.61,212443.67,EUR,Consulting
REV000157,ACC0189,2023-01,1927592.22,1309660.05,293230.72,EUR,Product
REV000158,ACC0189,2023-02,1836940.17,1637206.54,162080.21,EUR,Maintenance
REV000159,ACC0189,2023-03,2021809.57,1751171.7,425568.31,EUR,Maintenance
REV000160,ACC0189,2023-04,2005753.78,1201774.51,571327.19,EUR,Service
REV000161,ACC0189,2023-05,1859345.6,1019305.14,168906.11,EUR,Product
REV000162,ACC0189,2023-06,1801457.77,1376656.84,232274.8,EUR,Service
REV000163,ACC0189,2023-07,1607046.46,811708.07,279706.69,EUR,Service
REV000164,ACC0189,2023-08,1429912.49,1281532.96,196474.21,EUR,Product
REV000165,ACC0189,2023-09,1372097.71,733337.38,266049.31,EUR,Maintenance
REV000166,ACC0189,2023-10,1483554.13,939698.58,304875.47,EUR,Maintenance
REV000167,ACC0189,2023-11,1476921.27,1091515.85,100055.01,EUR,Product
REV000168,ACC0189,2023-12,1504287.44,776401.73,187385.32,EUR,Product
REV000169,ACC0189,2024-01,1697671.59,1048429.83,507733.88,EUR,Product
REV000170,ACC0189,2024-02,1583930.9,792019.57,186481.57,EUR,Service
REV000171,ACC0189,2024-03,1816516.3,1230821.64,526230.69,EUR,Service
REV000172,ACC0189,2024-04,1774341.9,1587287.28,498148.7,EUR,Consulting
REV000173,ACC0189,2024-05,1669324.47,1296616.55,279793.82,EUR,Service
REV000174,ACC0189,2024-06,1499545.84,1221486.61,311108.88,EUR,Consulting
REV000175,ACC0189,2024-07,1198935.17,929443.87,315719.23,EUR,Consulting
REV000176,ACC0189,2024-08,1377874.38,1218599.6,126233.51,EUR,Service
REV000177,ACC0189,2024-09,1282683.94,819436.62,150069.06,EUR,Service
REV000178,ACC0189,2024-10,1242170.52,1025507.69,235498.26,EUR,Service
REV000179,ACC0189,2024-11,1270931.07,636205.53,173582.73,EUR,Maintenance
REV000180,ACC0189,2024-12,1335432.83,839165.13,345599.27,EUR,Product
REV000181,ACC0135,2022-01,30731240.97,22976575.59,6676952.79,EUR,Product
REV000182,ACC0135,2022-02,35110152.63,18213616.5,6073151.73,EUR,Service
REV000183,ACC0135,2022-03,33918526.59,17645481.56,1791813.28,EUR,Product
REV000184,ACC0135,2022-04,40655668.36,25393243.91,11107011.2,EUR,Product
REV000185,ACC0135,2022-05,38894424.57,23745690.76,2123392.36,EUR,Maintenance
REV000186,ACC0135,2022-06,33249071.05,23885224.25,3143791.69,EUR,Maintenance
REV000187,ACC0135,2022-07,32386182.14,16505729.69,3311536.62,EUR,Service
REV000188,ACC0135,2022-08,34648292.15,27558082.12,2078079.65,EUR,Service
REV000189,ACC0135,2022-09,29455596.09,25512535.12,5478653.72,EUR,Service
REV000190,ACC0135,2022-10,39497255.91,30703162.88,2182635.7,EUR,Service
REV000191,ACC0135,2022-11,37428188.12,26805842.23,3289486.39,EUR,Service
REV000192,ACC0135,2022-12,40506243.06,35982929.38,5895040.98,EUR,Maintenance
REV000193,ACC0135,2023-01,45064850.48,35318116.12,4581367.03,EUR,Product
REV000194,ACC0135,2023-02,51318187.91,28371796.99,3277869.34,EUR,Product
REV000195,ACC0135,2023-03,59608391.86,53300718.42,7450766.62,EUR,Consulting
REV000196,ACC0135,2023-04,48092911.37,25074138.95,11645961.95,EUR,Service
REV000197,ACC0135,2023-05,51638975.61,26698827.19,11874824.64,EUR,Service
REV000198,ACC0135,2023-06,38923521.28,28750171.83,2345397.8,EUR,Maintenance
REV000199,ACC0135,2023-07,47646029.8,26062082.32,10711917.6,EUR,Product
REV000200,ACC0135,2023-08,48385378.64,36370350.03,14262576.73,EUR,Consulting
REV000201,ACC0135,2023-09,39172241.75,20821782.1,3914209.45,EUR,Consulting
REV000202,ACC0135,2023-10,49222479.9,26585257.8,6587023.2,EUR,Product
REV000203,ACC0135,2023-11,54266026.93,34480706.39,3351547.09,EUR,Product
REV000204,ACC0135,2023-12,54127785.83,29646976.38,10744360.07,EUR,Service
REV000205,ACC0135,2024-01,63992935.44,39554509.95,10475992.91,EUR,Maintenance
REV000206,ACC0135,2024-02,69786973.18,43645874.18,13968206.3,EUR,Service
REV000207,ACC0135,2024-03,69303532.5,34846105.17,11736675.42,EUR,Product
REV000208,ACC0135,2024-04,68774288.3,54370462.7,19920128.36,EUR,Product
REV000209,ACC0135,2024-05,63618055.14,45342434.91,17363156.38,EUR,Maintenance
REV000210,ACC0135,2024-06,74358828.09,39556762.74,17673513.78,EUR,Product
REV000211,ACC0135,2024-07,56184578.4,44855471.58,14367439.87,EUR,Service
REV000212,ACC0135,2024-08,58175103.78,38889464.62,14437201.6,EUR,Maintenance
REV000213,ACC0135,2024-09,52820099.16,47491653.43,4387640.47,EUR,Service
REV000214,ACC0135,2024-10,61824931.41,45162321.51,17355016.98,EUR,Service
REV000215,ACC0135,2024-11,75521079.51,67250706.79,6379037.06,EUR,Service
REV000216,ACC0135,2024-12,73950705.16,40813094.7,12685537.46,EUR,Service
REV000217,ACC0136,2022-01,21902663.92,12844439.02,3221124.1,EUR,Service
REV000218,ACC0136,2022-02,23094390.04,15181057.82,1394496.76,EUR,Service
REV000219,ACC0136,2022-03,28738925.74,19358226.72,1497037.09,EUR,Product
REV000220,ACC0136,2022-04,24701922.55,13217801.39,5145950.09,EUR,Product
REV000221,ACC0136,2022-05,20140362.12,10134745.33,3751236.41,EUR,Product
REV000222,ACC0136,2022-06,24144718.03,17793355.22,7173616.76,EUR,Product
REV000223,ACC0136,2022-07,19335084.92,15396759.61,4055991.04,EUR,Product
REV000224,ACC0136,2022-08,21393849.64,13597643.43,4752427.42,EUR,Maintenance
REV000225,ACC0136,2022-09,21239801.57,14528602.32,3032127.36,EUR,Service
REV000226,ACC0136,2022-10,19267402.22,10497758.59,4090793.48,EUR,Product
REV000227,ACC0136,2022-11,20930592.44,13750755.85,1305749.72,EUR,Maintenance
REV000228,ACC0136,2022-12,22657244.43,20092517.59,3108669.54,EUR,Maintenance
REV000229,ACC0136,2023-01,25974684.22,18109515.39,3216157.87,EUR,Service
REV000230,ACC0136,2023-02,29293869.97,21566567.13,2468464.06,EUR,Service
REV000231,ACC0136,2023-03,21876636.53,17476515.25,6358686.72,EUR,Product
REV000232,ACC0136,2023-04,26944256.22,19009654.67,2184880.92,EUR,Product
REV000233,ACC0136,2023-05,28054183.98,20323121.97,6441004.02,EUR,Service
REV000234,ACC0136,2023-06,23510629.81,13743010.5,6384987.6,EUR,Maintenance
REV000235,ACC0136,2023-07,24266857.08,19530831.07,3628725.75,EUR,Service
REV000236,ACC0136,2023-08,23236089.71,17992436.18,2029719.25,EUR,Service
REV000237,ACC0136,2023-09,19608661.89,13687172.01,2524111.9,EUR,Service
REV000238,ACC0136,2023-10,26599328.1,17644811.14,6722049.67,EUR,Maintenance
REV000239,ACC0136,2023-11,23893355.13,14905601.25,3721731.68,EUR,Service
REV000240,ACC0136,2023-12,24425530.69,13719951.2,3795723.64,EUR,Consulting
REV000241,ACC0136,2024-01,31948272.46,16179057.96,3168792.05,EUR,Maintenance
REV000242,ACC0136,2024-02,31889282.61,16291254.08,4579769.97,EUR,Product
REV000243,ACC0136,2024-03,31148870.19,15628858.78,4993312.46,EUR,Maintenance
REV000244,ACC0136,2024-04,29046957.96,20298600.11,2134148.34,EUR,Service
REV000245,ACC0136,2024-05,27740078.81,17718820.01,4438674.12,EUR,Product
REV000246,ACC0136,2024-06,27808717.85,14739213.49,3095770.44,EUR,Service
REV000247,ACC0136,2024-07,25954283.07,17569364.03,3019445.28,EUR,Maintenance
REV000248,ACC0136,2024-08,26530098.14,17142336.56,1970349.41,EUR,Maintenance
REV000249,ACC0136,2024-09,22560950.81,17546974.48,6697861.09,EUR,Service
REV000250,ACC0136,2024-10,26740666.26,14687131.7,7578143.23,EUR,Product
REV000251,ACC0136,2024-11,26638376.4,20170427.12,4826293.37,EUR,Service
REV000252,ACC0136,2024-12,23200558.35,20293337.32,6076298.16,EUR,Service
REV000253,ACC0050,2022-01,16004723.02,10115610.56,4341980.16,EUR,Service
REV000254,ACC0050,2022-02,15220327.56,11307322.69,1764961.18,EUR,Maintenance
REV000255,ACC0050,2022-03,16017453.59,10955977.14,2991013.67,EUR,Product
REV000256,ACC0050,2022-04,14508928.86,8332393.22,1606455.39,EUR,Maintenance
REV000257,ACC0050,2022-05,13517842.57,9344985.66,2277918.01,EUR,Maintenance
REV000258,ACC0050,2022-06,12045680.79,6051649.67,2536787.36,EUR,Service
REV000259,ACC0050,2022-07,11558104.68,6536997.73,2321647.57,EUR,Service
REV000260,ACC0050,2022-08,10995257.96,9092549.3,2447003.54,EUR,Service
REV000261,ACC0050,2022-09,11187975.39,7737863.27,2758210.67,EUR,Product
REV000262,ACC0050,2022-10,9237404.49,5686900.26,554055.19,EUR,Consulting
REV000263,ACC0050,2022-11,10686118.75,9282216.56,1394965.98,EUR,Maintenance
REV000264,ACC0050,2022-12,13164458.32,11299157.37,2172758.73,EUR,Service
REV000265,ACC0050,2023-01,10833898.51,7989953.87,1047723.74,EUR,Product
REV000266,ACC0050,2023-02,12852679.84,11223227.61,1154985.68,EUR,Maintenance
REV000267,ACC0050,2023-03,13922662.97,11792307.25,2964502.38,EUR,Product
REV000268,ACC0050,2023-04,13500645.3,9856722.04,1523420.2,EUR,Consulting
REV000269,ACC0050,2023-05,13349173.95,7023046.67,2726059.3,EUR,Product
REV000270,ACC0050,2023-06,12074031.49,7453710.55,1244886.43,EUR,Product
REV000271,ACC0050,2023-07,9786522.46,7476288.21,1968681.22,EUR,Service
REV000272,ACC0050,2023-08,10149834.28,7805904.02,1348404.02,EUR,Service
REV000273,ACC0050,2023-09,9696204.47,5174296.93,2527657.79,EUR,Maintenance
REV000274,ACC0050,2023-10,10474297.56,9070066.08,1682605.75,EUR,Service
REV000275,ACC0050,2023-11,11069629.07,8588819.75,2275737.88,EUR,Product
REV000276,ACC0050,2023-12,11691943.36,5863650.72,3017510.16,EUR,Maintenance
REV000277,ACC0050,2024-01,11875940.14,10615576.66,1227509.31,EUR,Product
REV000278,ACC0050,2024-02,12680604.49,9512567.54,3103839.87,EUR,Consulting
REV000279,ACC0050,2024-03,11590052.37,8079486.4,1933914.45,EUR,Product
REV000280,ACC0050,2024-04,13294384.34,10507756.78,2990716.1,EUR,Product
REV000281,ACC0050,2024-05,11303506.49,7453196.51,3189227.24,EUR,Maintenance
REV000282,ACC0050,2024-06,12300263.69,6167101.34,2332473.46,EUR,Product
REV000283,ACC0050,2024-07,10145402.77,6608521.15,594909.18,EUR,Service
REV000284,ACC0050,2024-08,9663921.42,6008003.85,2005685.28,EUR,Product
REV000285,ACC0050,2024-09,9704436.26,8051155.83,2038691.43,EUR,Maintenance
REV000286,ACC0050,2024-10,9037862.84,7764633.51,1062510.67,EUR,Maintenance
REV000287,ACC0050,2024-11,9859093.12,8354761.75,1659390.94,EUR,Maintenance
REV000288,ACC0050,2024-12,9448575.05,6312585.41,1349375.26,EUR,Consulting
REV000289,ACC0190,2022-01,39398805.26,26471268.12,3544917.65,EUR,Maintenance
REV000290,ACC0190,2022-02,42925931.96,35282544.88,9254398.85,EUR,Service
REV000291,ACC0190,2022-03,48568417.57,40738207.89,12258336.07,EUR,Service
REV000292,ACC0190,2022-04,48197787.01,32034621.42,3265084.02,EUR,Service
REV000293,ACC0190,2022-05,43809044.32,26587985.72,8707185.65,EUR,Service
REV000294,ACC0190,2022-06,43799777.17,25712034.44,8618422.92,EUR,Maintenance
REV000295,ACC0190,2022-07,44570041.53,34397217.2,10569357.59,EUR,Maintenance
REV000296,ACC0190,2022-08,37908231.57,28024144.2,2628810.82,EUR,Service
REV000297,ACC0190,2022-09,33854228.05,26488437.76,5308760.44,EUR,Service
REV000298,ACC0190,2022-10,39810999.77,24899116.14,10617348.91,EUR,Service
REV000299,ACC0190,2022-11,43750193.22,35882783.17,4457457.21,EUR,Maintenance
REV000300,ACC0190,2022-12,51870569.94,30426824.94,4302509.11,EUR,Product
REV000301,ACC0190,2023-01,51901556.3,38209460.76,14184543.44,EUR,Product
REV000302,ACC0190,2023-02,67719303.76,49725575.87,19207909.5,EUR,Service
REV000303,ACC0190,2023-03,69272081.05,52672177.22,14902726.04,EUR,Consulting
REV000304,ACC0190,2023-04,63156573.75,55142904.53,6757412.86,EUR,Product
REV000305,ACC0190,2023-05,67646004.7,52758559.89,6467845.86,EUR,Service
REV000306,ACC0190,2023-06,60503192.65,51444114.38,5104513.23,EUR,Product
REV000307,ACC0190,2023-07,44585331.64,32842953.11,8148577.27,EUR,Consulting
REV000308,ACC0190,2023-08,60189231.63,49998253.21,16990576.76,EUR,Product
REV000309,ACC0190,2023-09,55578207.71,36630300,9185620.92,EUR,Service
REV000310,ACC0190,2023-10,50832266.49,41160944.74,9230574.07,EUR,Consulting
REV000311,ACC0190,2023-11,66426589.35,36634738.7,10798492.78,EUR,Service
REV000312,ACC0190,2023-12,72207609.01,55087603.21,21166417.24,EUR,Product
REV000313,ACC0190,2024-01,79515935.58,52096704.9,4959327.32,EUR,Maintenance
REV000314,ACC0190,2024-02,92776918.66,73232037.41,17987926.46,EUR,Service
REV000315,ACC0190,2024-03,91998079.65,57257667.09,21794193.33,EUR,Service
REV000316,ACC0190,2024-04,78825400.26,47957960.6,4424103.55,EUR,Maintenance
REV000317,ACC0190,2024-05,88345746.36,62383189.51,19584010.85,EUR,Service
REV000318,ACC0190,2024-06,76468946.83,44131689.75,16790109.89,EUR,Product
REV000319,ACC0190,2024-07,78887947.02,39560958.14,16189689.96,EUR,Consulting
REV000320,ACC0190,2024-08,84925313.3,46516318.43,22068069.76,EUR,Product
REV000321,ACC0190,2024-09,87185390.7,74283938.91,13452288.1,EUR,Service
REV000322,ACC0190,2024-10,88389739.9,55602503.63,24326367.13,EUR,Maintenance
REV000323,ACC0190,2024-11,97061418.74,75101615.21,14713347.2,EUR,Product
REV000324,ACC0190,2024-12,86029405.36,75603396.23,11237025.43,EUR,Maintenance
REV000325,ACC0139,2022-01,14519652.37,10126194.08,1088524.2,EUR,Consulting
REV000326,ACC0139,2022-02,15232449.69,7651081.98,960798.63,EUR,Service
REV000327,ACC0139,2022-03,16888119.49,10724486.07,4166706.49,EUR,Service
REV000328,ACC0139,2022-04,14675602.11,11348897.59,2045094,EUR,Service
REV000329,ACC0139,2022-05,14474621.53,9280549.64,1900141.86,EUR,Product
REV000330,ACC0139,2022-06,15279384.24,9228822.07,3704640.38,EUR,Service
REV000331,ACC0139,2022-07,11336350.46,7809881.33,1406008.15,EUR,Product
REV000332,ACC0139,2022-08,12234832.52,8707695.07,3401740.24,EUR,Consulting
REV000333,ACC0139,2022-09,11101194.82,5626034.76,2707391.32,EUR,Maintenance
REV000334,ACC0139,2022-10,12723609.54,10078064.55,2075969.17,EUR,Consulting
REV000335,ACC0139,2022-11,10832318.11,7184900.07,665055.23,EUR,Service
REV000336,ACC0139,2022-12,14039304.16,12165376.96,2501433.86,EUR,Service
REV000337,ACC0139,2023-01,13904386.27,7916370.39,3466758.43,EUR,Service
REV000338,ACC0139,2023-02,17181729.52,12265515.13,989653.86,EUR,Service
REV000339,ACC0139,2023-03,16373735.19,13902285.65,3875284.81,EUR,Product
REV000340,ACC0139,2023-04,15500947.38,12525745.12,3247332.4,EUR,Maintenance
REV000341,ACC0139,2023-05,14699949.6,10146671.92,2516598.06,EUR,Maintenance
REV000342,ACC0139,2023-06,14473604.24,10056136.71,3765668.67,EUR,Service
REV000343,ACC0139,2023-07,11614976.18,6517658.26,1361060.81,EUR,Product
REV000344,ACC0139,2023-08,11494308.45,5807763.79,1487861.15,EUR,Product
REV000345,ACC0139,2023-09,12303342.25,7158793,2932843.07,EUR,Service
REV000346,ACC0139,2023-10,11825028.91,8322168.82,3499232.21,EUR,Service
REV000347,ACC0139,2023-11,12092065.86,8456055.95,2536789.31,EUR,Product
REV000348,ACC0139,2023-12,13969600.43,8866686.32,3591538.96,EUR,Maintenance
REV000349,ACC0139,2024-01,15276444.44,7914159.96,3276266.82,EUR,Service
REV000350,ACC0139,2024-02,16692918.52,10151062.91,3550056.32,EUR,Maintenance
REV000351,ACC0139,2024-03,17699617.5,9163411.13,1917170.72,EUR,Product
REV000352,ACC0139,2024-04,17342533.46,13962170.56,2307092.59,EUR,Product
REV000353,ACC0139,2024-05,14265787.16,11934938.35,775924.14,EUR,Product
REV000354,ACC0139,2024-06,13974111.47,7525724.42,3298245.88,EUR,Maintenance
REV000355,ACC0139,2024-07,13339593.64,9183856.61,2443114.54,EUR,Service
REV000356,ACC0139,2024-08,10407169.67,5676814.61,1323694.59,EUR,Service
REV000357,ACC0139,2024-09,10509273.82,7042729.83,1227758.53,EUR,Consulting
REV000358,ACC0139,2024-10,11765910.79,5900338.57,2123694.64,EUR,Maintenance
REV000359,ACC0139,2024-11,13051632.03,10906460.89,1696712.18,EUR,Service
REV000360,ACC0139,2024-12,15459273.73,12713588.64,1841407.06,EUR,Service
REV000361,ACC0044,2022-01,23265634.86,17651198.28,2441630.07,EUR,Consulting
REV000362,ACC0044,2022-02,23400839.64,15075705.53,4379678.88,EUR,Maintenance
REV000363,ACC0044,2022-03,28222874.51,22654433.71,2580603.33,EUR,Service
REV000364,ACC0044,2022-04,21247900.83,12406963.48,5573890.28,EUR,Service
REV000365,ACC0044,2022-05,25007690.52,19503936.5,3650804.48,EUR,Product
REV000366,ACC0044,2022-06,20294069.6,15360512.64,4471707.71,EUR,Service
REV000367,ACC0044,2022-07,19312732.61,17240291.09,3522792.4,EUR,Consulting
REV000368,ACC0044,2022-08,19339652.53,13542806.21,2392803.58,EUR,Product
REV000369,ACC0044,2022-09,16883358.39,11017977.07,2371326.02,EUR,Service
REV000370,ACC0044,2022-10,17983279.83,13262451.65,1004382.26,EUR,Service
REV000371,ACC0044,2022-11,21802265.94,12233360.86,1817859.63,EUR,Maintenance
REV000372,ACC0044,2022-12,21499436.33,14622282.41,3776305.62,EUR,Service
REV000373,ACC0044,2023-01,24491875.28,21853571.52,6636707.14,EUR,Product
REV000374,ACC0044,2023-02,22341476.66,11491665.29,5655473.33,EUR,Maintenance
REV000375,ACC0044,2023-03,21337269.03,14325102.29,5461925.13,EUR,Consulting
REV000376,ACC0044,2023-04,22334178.48,15169561.59,4863819.13,EUR,Service
REV000377,ACC0044,2023-05,19198975.87,15819340.27,5684964.27,EUR,Service
REV000378,ACC0044,2023-06,19673858.25,16062223.27,3052985.73,EUR,Service
REV000379,ACC0044,2023-07,17636727.99,10247115.66,3195913.2,EUR,Consulting
REV000380,ACC0044,2023-08,18138429.95,13598854.2,1087360.54,EUR,Service
REV000381,ACC0044,2023-09,15214804.65,8886242.81,2716559,EUR,Service
REV000382,ACC0044,2023-10,17980720.92,9408075.17,3510874.59,EUR,Service
REV000383,ACC0044,2023-11,18065849.45,16169413.75,4345313.72,EUR,Service
REV000384,ACC0044,2023-12,20018274.87,11691456.3,2319990.66,EUR,Service
REV000385,ACC0044,2024-01,22406840.14,14887327.89,4061932.29,EUR,Consulting
REV000386,ACC0044,2024-02,23047975.72,15198698.84,2022100.77,EUR,Service
REV000387,ACC0044,2024-03,20131799,15551885.28,1914567.83,EUR,Consulting
REV000388,ACC0044,2024-04,20688720.58,15574757.15,2760597.55,EUR,Product
REV000389,ACC0044,2024-05,16997449.77,14471587.79,3173520.8,EUR,Product
REV000390,ACC0044,2024-06,15245066.89,10811769.4,2237086.1,EUR,Maintenance
REV000391,ACC0044,2024-07,15092500.77,12148967.74,2681724.42,EUR,Product
REV000392,ACC0044,2024-08,15528443.07,10798195.62,4330138.87,EUR,Service
REV000393,ACC0044,2024-09,12855605.96,10338093.26,3746522.23,EUR,Product
REV000394,ACC0044,2024-10,15545474.64,8593259.62,2646802.19,EUR,Product
REV000395,ACC0044,2024-11,16274644.26,11749231.69,2390835.7,EUR,Service
REV000396,ACC0044,2024-12,16555720.24,12956110,3570876.89,EUR,Maintenance
REV000397,ACC0083,2022-01,24748581.77,18387918.5,4047144.35,EUR,Product
REV000398,ACC0083,2022-02,24801273.55,17269918.41,4093708.53,EUR,Service
REV000399,ACC0083,2022-03,25272628.72,21352866.27,6210373.17,EUR,Consulting
REV000400,ACC0083,2022-04,27277840.99,17504880.55,4405992.27,EUR,Maintenance
REV000401,ACC0083,2022-05,25124810.7,17007076.69,5902666.47,EUR,Maintenance
REV000402,ACC0083,2022-06,25355480.27,21601372.74,1902612.13,EUR,Service
REV000403,ACC0083,2022-07,20275318.02,15264278.17,4467390.37,EUR,Maintenance
REV000404,ACC0083,2022-08,18100822.06,11638657.71,3817949.63,EUR,Service
REV000405,ACC0083,2022-09,22875763.83,17091556.58,5006943.44,EUR,Maintenance
REV000406,ACC0083,2022-10,19629454.97,12014456.73,1200893.15,EUR,Service
REV000407,ACC0083,2022-11,24009607.77,16894128.37,2456402.43,EUR,Consulting
REV000408,ACC0083,2022-12,26125487.71,18114339.68,1642027.8,EUR,Consulting
REV000409,ACC0083,2023-01,31269457.8,16915560.04,2754717.16,EUR,Product
REV000410,ACC0083,2023-02,30178578.27,15683439.73,4531285.97,EUR,Consulting
REV000411,ACC0083,2023-03,30845951.73,16827464.07,6383455.67,EUR,Service
REV000412,ACC0083,2023-04,35725985.84,18929739.17,2121002.55,EUR,Service
REV000413,ACC0083,2023-05,30522511.51,25984930.48,4962458.64,EUR,Service
REV000414,ACC0083,2023-06,34857461.44,20665186.96,10226505.85,EUR,Maintenance
REV000415,ACC0083,2023-07,29984339.25,22518995.12,4176522.34,EUR,Service
REV000416,ACC0083,2023-08,26769933.93,19536751.08,3302368.86,EUR,Consulting
REV000417,ACC0083,2023-09,33092183.84,29646304.82,8433566.01,EUR,Service
REV000418,ACC0083,2023-10,31837935.63,26290538.64,2120356,EUR,Product
REV000419,ACC0083,2023-11,25949566.41,14373076.2,3368889.5,EUR,Product
REV000420,ACC0083,2023-12,29893082.62,25332642.27,4148167.68,EUR,Consulting
REV000421,ACC0083,2024-01,37181701.82,24035017.75,8425545.38,EUR,Product
REV000422,ACC0083,2024-02,43809566.97,33515131.57,4748096.48,EUR,Service
REV000423,ACC0083,2024-03,38679813.09,34219750.83,9418758.79,EUR,Product
REV000424,ACC0083,2024-04,45543782.17,24388298.88,8644330.39,EUR,Consulting
REV000425,ACC0083,2024-05,41128773.42,31453456.43,8663086.81,EUR,Consulting
REV000426,ACC0083,2024-06,38363625.86,20570119.43,10113960.33,EUR,Maintenance
REV000427,ACC0083,2024-07,37689454.4,19884542.6,5153651.06,EUR,Maintenance
REV000428,ACC0083,2024-08,30912729.46,25312541.93,1730850.03,EUR,Service
REV000429,ACC0083,2024-09,33475877.8,19513811.59,4114494.68,EUR,Service
REV000430,ACC0083,2024-10,33667092.36,19212947.46,2712992.94,EUR,Maintenance
REV000431,ACC0083,2024-11,39270706.01,28625232.82,7311904.54,EUR,Maintenance
REV000432,ACC0083,2024-12,46300540.27,36868632.7,13002911.66,EUR,Service
REV000433,ACC0180,2022-01,40040441.95,27098625.57,5372127.08,EUR,Consulting
REV000434,ACC0180,2022-02,45384148.69,34753445.04,6858560.24,EUR,Service
REV000435,ACC0180,2022-03,44415197.35,33676143.27,12689332.23,EUR,Consulting
REV000436,ACC0180,2022-04,49861405.16,30911117.27,5901812.97,EUR,Service
REV000437,ACC0180,2022-05,46305896.6,36101011.96,2993370.87,EUR,Service
REV000438,ACC0180,2022-06,40915680.52,28425815.6,6646225.39,EUR,Product
REV000439,ACC0180,2022-07,35398533.34,31805211.45,7004408.08,EUR,Maintenance
REV000440,ACC0180,2022-08,37237596.59,28515626.74,11142612.61,EUR,Consulting
REV000441,ACC0180,2022-09,36586342.94,29571285.38,2091566.22,EUR,Product
REV000442,ACC0180,2022-10,39523520.24,35084940.7,9377956,EUR,Service
REV000443,ACC0180,2022-11,37025162.5,28077064.1,5410031.82,EUR,Maintenance
REV000444,ACC0180,2022-12,46541182.78,31007897.72,7591098.31,EUR,Product
REV000445,ACC0180,2023-01,49742886.45,39719792.06,14797858.08,EUR,Service
REV000446,ACC0180,2023-02,47449080.33,42654481.54,11228889.97,EUR,Consulting
REV000447,ACC0180,2023-03,48293232.18,29514598.97,12209829.73,EUR,Consulting
REV000448,ACC0180,2023-04,52705397.57,29051340.32,11595838.01,EUR,Consulting
REV000449,ACC0180,2023-05,51014409.13,30989516.43,10054724.47,EUR,Product
REV000450,ACC0180,2023-06,44633510.36,30131513.73,6955872.83,EUR,Product
REV000451,ACC0180,2023-07,38471253.51,25713816.89,5367542.22,EUR,Maintenance
REV000452,ACC0180,2023-08,42597208.09,31765047.91,5616418.8,EUR,Service
REV000453,ACC0180,2023-09,40214305.31,24548069.51,6068392.91,EUR,Product
REV000454,ACC0180,2023-10,39808613.96,23810538.9,10532830.1,EUR,Product
REV000455,ACC0180,2023-11,40960848.97,25462008.43,6097564.01,EUR,Service
REV000456,ACC0180,2023-12,45597982.1,37554569.59,11554028.46,EUR,Product
REV000457,ACC0180,2024-01,46321315.26,30270610.81,7985983.02,EUR,Product
REV000458,ACC0180,2024-02,51492932.66,41859527.57,7166582.82,EUR,Consulting
REV000459,ACC0180,2024-03,56876411.02,37115093.04,11550753.78,EUR,Service
REV000460,ACC0180,2024-04,48932297.97,28042272.05,10830052.17,EUR,Service
REV000461,ACC0180,2024-05,47661114.08,40622494.96,12056984.64,EUR,Product
REV000462,ACC0180,2024-06,48089827.08,40555401.48,11936049.07,EUR,Maintenance
REV000463,ACC0180,2024-07,43111072.29,27131977.01,12640195.9,EUR,Maintenance
REV000464,ACC0180,2024-08,39559589.19,31204705.03,4037909.27,EUR,Consulting
REV000465,ACC0180,2024-09,40422529.64,35871661.96,9898341.15,EUR,Consulting
REV000466,ACC0180,2024-10,40440590.62,28002862.77,3847598.06,EUR,Consulting
REV000467,ACC0180,2024-11,47767710.49,28253527.27,2397862.92,EUR,Service
REV000468,ACC0180,2024-12,47315384.46,28440159.83,6638315.38,EUR,Service
REV000469,ACC0112,2022-01,40555556.65,21635449.34,8989521.78,EUR,Product
REV000470,ACC0112,2022-02,42158242.76,22643950.91,4855727.01,EUR,Maintenance
REV000471,ACC0112,2022-03,41301842.39,28217227.7,7403960.55,EUR,Service
REV000472,ACC0112,2022-04,42782350.79,36362406.79,2225508.25,EUR,Product
REV000473,ACC0112,2022-05,43309276.44,27236868.94,4805816.22,EUR,Service
REV000474,ACC0112,2022-06,38885296.8,22465111.9,8733298.06,EUR,Maintenance
REV000475,ACC0112,2022-07,38630307.57,27072868.29,2508792.61,EUR,Maintenance
REV000476,ACC0112,2022-08,29293194.47,15651636.23,2974214.39,EUR,Product
REV000477,ACC0112,2022-09,35027037.6,18803903.82,2319866.23,EUR,Product
REV000478,ACC0112,2022-10,35356675.8,26606709.4,10123399.14,EUR,Product
REV000479,ACC0112,2022-11,42343503.5,34695111.81,2938811.07,EUR,Service
REV000480,ACC0112,2022-12,51763199.24,38943769.8,6730296.49,EUR,Service
REV000481,ACC0112,2023-01,52857106.82,33419825.18,8644007.03,EUR,Product
REV000482,ACC0112,2023-02,51056044.56,25574985.53,13577395.78,EUR,Maintenance
REV000483,ACC0112,2023-03,52204554.73,39812147.74,5799810.14,EUR,Maintenance
REV000484,ACC0112,2023-04,67693458.47,38699154.88,15959510.97,EUR,Product
REV000485,ACC0112,2023-05,61010547.38,31316478.98,5867478.68,EUR,Product
REV000486,ACC0112,2023-06,58063479.42,36817834.73,12295405.16,EUR,Consulting
REV000487,ACC0112,2023-07,49731958.56,42967489.45,2721169.74,EUR,Service
REV000488,ACC0112,2023-08,50139518.34,39929115.7,3708289.1,EUR,Maintenance
REV000489,ACC0112,2023-09,46936138.93,23980771.63,7144356.95,EUR,Product
REV000490,ACC0112,2023-10,50137860.89,39880363.33,9606286.3,EUR,Product
REV000491,ACC0112,2023-11,59127762.77,52815375.76,8895703,EUR,Consulting
REV000492,ACC0112,2023-12,64209135.78,35716961.56,5388485.99,EUR,Product
REV000493,ACC0112,2024-01,76868073.15,39582699.39,22891577.4,EUR,Product
REV000494,ACC0112,2024-02,76555792.9,58636814.27,4730986.1,EUR,Service
REV000495,ACC0112,2024-03,76145233.99,58023126.52,5627243.02,EUR,Maintenance
REV000496,ACC0112,2024-04,75664868.78,40118289.74,18124851.11,EUR,Product
REV000497,ACC0112,2024-05,73921829.46,46031043.05,7828823.7,EUR,Product
REV000498,ACC0112,2024-06,72088586.91,41278947.48,10431803.11,EUR,Consulting
REV000499,ACC0112,2024-07,71164639.86,58258422.06,6374997.17,EUR,Maintenance
REV000500,ACC0112,2024-08,65106112.29,43275262.96,7866580.02,EUR,Product
REV000501,ACC0112,2024-09,75295748.82,46812248.8,13187999.6,EUR,Product
REV000502,ACC0112,2024-10,71095749.21,47725063.35,3643239.94,EUR,Product
REV000503,ACC0112,2024-11,66963825.75,47196073,10536737.38,EUR,Product
REV000504,ACC0112,2024-12,82399884.09,60426908.59,11466134.26,EUR,Service
REV000505,ACC0182,2022-01,13192323.69,10131815.18,2721254.41,EUR,Consulting
REV000506,ACC0182,2022-02,16130204.84,11614692.49,3327203.76,EUR,Product
REV000507,ACC0182,2022-03,18379743.85,12659215.56,1985257.44,EUR,Service
REV000508,ACC0182,2022-04,16453417.26,9395320.13,2400752.4,EUR,Consulting
REV000509,ACC0182,2022-05,14482192.16,9389826.53,1927998.4,EUR,Maintenance
REV000510,ACC0182,2022-06,14393836.74,9442856.22,1287190.64,EUR,Maintenance
REV000511,ACC0182,2022-07,15453455.82,13118979.16,2746453.89,EUR,Service
REV000512,ACC0182,2022-08,12143631.38,7366817.58,2983557.49,EUR,Service
REV000513,ACC0182,2022-09,13120896.22,7868410.39,3440941.97,EUR,Maintenance
REV000514,ACC0182,2022-10,14244871.35,11552332.53,4091740.39,EUR,Consulting
REV000515,ACC0182,2022-11,15947869.58,10486085.85,3666730.9,EUR,Maintenance
REV000516,ACC0182,2022-12,14434027.07,11251278.56,3246608.61,EUR,Service
REV000517,ACC0182,2023-01,17963369.08,14456124.17,4853235.8,EUR,Service
REV000518,ACC0182,2023-02,19262611.45,10818622.06,1938531.3,EUR,Consulting
REV000519,ACC0182,2023-03,16390981.77,13145424.56,2410528.54,EUR,Consulting
REV000520,ACC0182,2023-04,18130278.27,12508594.38,1616560.1,EUR,Service
REV000521,ACC0182,2023-05,17518584.6,13278115.2,4966570.18,EUR,Consulting
REV000522,ACC0182,2023-06,15880244.67,9366838.76,1871699.03,EUR,Consulting
REV000523,ACC0182,2023-07,13349167.96,8205035.1,2498059.05,EUR,Service
REV000524,ACC0182,2023-08,12553311.46,6407884.05,3090600.97,EUR,Service
REV000525,ACC0182,2023-09,14545739.21,10405439.45,1803799.3,EUR,Service
REV000526,ACC0182,2023-10,13252126.41,10612571.88,3176922.3,EUR,Maintenance
REV000527,ACC0182,2023-11,13981404.57,7422246.5,1035258.37,EUR,Consulting
REV000528,ACC0182,2023-12,15912919.96,8602563.42,4363868.51,EUR,Service
REV000529,ACC0182,2024-01,16505597.08,9551684.73,2731282.82,EUR,Product
REV000530,ACC0182,2024-02,21803722.61,15035705.85,3159030.1,EUR,Service
REV000531,ACC0182,2024-03,19958126.25,11304651.3,5139704.74,EUR,Product
REV000532,ACC0182,2024-04,20929189.99,14010939.82,3568288.54,EUR,Service
REV000533,ACC0182,2024-05,19575636.32,15359658.96,3699462.22,EUR,Product
REV000534,ACC0182,2024-06,17163680.59,9390762.02,5059905.27,EUR,Consulting
REV000535,ACC0182,2024-07,14502889.63,9561650.09,1437451.41,EUR,Maintenance
REV000536,ACC0182,2024-08,15605139.52,8950755.57,3286615.12,EUR,Maintenance
REV000537,ACC0182,2024-09,13810730.16,11041210.61,4113854.13,EUR,Service
REV000538,ACC0182,2024-10,14072715.23,8975423.96,2130114.74,EUR,Consulting
REV000539,ACC0182,2024-11,17992566.95,10372750.24,1389407.44,EUR,Product
REV000540,ACC0182,2024-12,20748385.04,15259451.01,5702062.28,EUR,Product
REV000541,ACC0123,2022-01,23271120.01,16966111.99,4105183.29,EUR,Maintenance
REV000542,ACC0123,2022-02,27326651.68,20681150.25,6165684.25,EUR,Service
REV000543,ACC0123,2022-03,26837302.69,16554661.41,4429259.2,EUR,Service
REV000544,ACC0123,2022-04,23486913.42,15611224.43,6394352.05,EUR,Product
REV000545,ACC0123,2022-05,26221912.22,16557947.78,5244922.26,EUR,Product
REV000546,ACC0123,2022-06,24503088.91,15681039.41,5962565.52,EUR,Product
REV000547,ACC0123,2022-07,21715840.67,14344199.69,4986040.12,EUR,Service
REV000548,ACC0123,2022-08,20414564.67,16424894.11,1435673.76,EUR,Product
REV000549,ACC0123,2022-09,22450902.47,13669684.32,2648627.53,EUR,Service
REV000550,ACC0123,2022-10,19279884.31,14705087.52,1952659.45,EUR,Maintenance
REV000551,ACC0123,2022-11,19361052,13812012.64,1453970.81,EUR,Product
REV000552,ACC0123,2022-12,20985421.96,12719702.4,4870561.14,EUR,Consulting
REV000553,ACC0123,2023-01,24634042.99,20840156.24,4271689.66,EUR,Product
REV000554,ACC0123,2023-02,29008842.69,20821431.97,2202710.24,EUR,Product
REV000555,ACC0123,2023-03,28871921.36,17703404.96,6167423.56,EUR,Service
REV000556,ACC0123,2023-04,25629416.51,13302288.9,3277685.37,EUR,Consulting
REV000557,ACC0123,2023-05,23424999.68,13226219.54,6511280.19,EUR,Product
REV000558,ACC0123,2023-06,20933472.56,17611044.05,5891880.83,EUR,Service
REV000559,ACC0123,2023-07,21509351.08,15437616.11,1252814.2,EUR,Consulting
REV000560,ACC0123,2023-08,23340518.92,13971147.31,2009498.83,EUR,Consulting
REV000561,ACC0123,2023-09,19623106.61,15853180.63,2245947.75,EUR,Consulting
REV000562,ACC0123,2023-10,23184078.61,14013691.74,2063014.01,EUR,Product
REV000563,ACC0123,2023-11,22657458.47,14222100.16,1555928.08,EUR,Product
REV000564,ACC0123,2023-12,19496505.13,10498231.38,5056094.15,EUR,Consulting
REV000565,ACC0123,2024-01,28133015.24,15188332.27,7882735.13,EUR,Service
REV000566,ACC0123,2024-02,32317642.91,17437075.25,7286740.51,EUR,Product
REV000567,ACC0123,2024-03,31377322.47,21907802.14,3163447.34,EUR,Product
REV000568,ACC0123,2024-04,28134800.2,17549780.19,7368475.17,EUR,Product
REV000569,ACC0123,2024-05,24862600.14,13777448.37,6875828.03,EUR,Maintenance
REV000570,ACC0123,2024-06,31331655.38,22192268.25,7856445.97,EUR,Product
REV000571,ACC0123,2024-07,24130708.67,12953515.37,2005985.88,EUR,Service
REV000572,ACC0123,2024-08,23559061.81,13067904.73,4032009.02,EUR,Maintenance
REV000573,ACC0123,2024-09,21005991.9,16994746.99,4240962.64,EUR,Consulting
REV000574,ACC0123,2024-10,20664607.15,14389671.04,2554992.85,EUR,Service
REV000575,ACC0123,2024-11,24695464.23,18325973.6,2709352.46,EUR,Maintenance
REV000576,ACC0123,2024-12,30572004.87,21392051.5,6226494.77,EUR,Product
REV000577,ACC0035,2022-01,1799245.97,987508.4,349771.32,EUR,Product
REV000578,ACC0035,2022-02,1810009.06,1157211.98,487335.24,EUR,Product
REV000579,ACC0035,2022-03,2001905.34,1191108.53,560574.16,EUR,Product
REV000580,ACC0035,2022-04,2154064.33,1450411.19,464141.41,EUR,Service
REV000581,ACC0035,2022-05,1998189.43,1324016.26,226430.28,EUR,Service
REV000582,ACC0035,2022-06,1933252.93,1552525.77,336795.91,EUR,Service
REV000583,ACC0035,2022-07,1905323.36,1009860.85,161443.14,EUR,Service
REV000584,ACC0035,2022-08,1500350.31,1310848.4,250012.63,EUR,Service
REV000585,ACC0035,2022-09,1803220.27,1409964.37,214545.9,EUR,Service
REV000586,ACC0035,2022-10,2029614.51,1505575.37,358573.81,EUR,Consulting
REV000587,ACC0035,2022-11,1998599.18,1477272.01,590167.18,EUR,Product
REV000588,ACC0035,2022-12,2802667.77,2186928.6,378873.82,EUR,Service
REV000589,ACC0035,2023-01,3022731.89,2646800.88,844108.86,EUR,Product
REV000590,ACC0035,2023-02,2690479.63,2299297.56,707419.77,EUR,Product
REV000591,ACC0035,2023-03,3251663.36,2455853.26,232837,EUR,Product
REV000592,ACC0035,2023-04,2752950.36,1774689.77,390202.03,EUR,Product
REV000593,ACC0035,2023-05,3297746.46,2801718.89,557657.95,EUR,Maintenance
REV000594,ACC0035,2023-06,3367613.44,2564652.49,399444.74,EUR,Maintenance
REV000595,ACC0035,2023-07,3070752.59,1541632.82,781822.65,EUR,Service
REV000596,ACC0035,2023-08,3005809.75,1719362.4,180743.29,EUR,Maintenance
REV000597,ACC0035,2023-09,2759372.83,1870942.76,695380.37,EUR,Consulting
REV000598,ACC0035,2023-10,3346817.42,2761433.37,509701.95,EUR,Service
REV000599,ACC0035,2023-11,3326974.16,2558198.02,988340.44,EUR,Maintenance
REV000600,ACC0035,2023-12,3858466.98,2146416.71,647945.01,EUR,Product
REV000601,ACC0035,2024-01,4270918.83,2992209.49,332406.33,EUR,Service
REV000602,ACC0035,2024-02,4606332.11,2725785,866237.1,EUR,Product
REV000603,ACC0035,2024-03,4591090.62,3316725.79,555416.95,EUR,Service
REV000604,ACC0035,2024-04,4136863.3,2938842.31,577005.41,EUR,Service
REV000605,ACC0035,2024-05,4997555.69,3689186.56,289795.49,EUR,Product
REV000606,ACC0035,2024-06,5302383.59,3219557.65,1067554.8,EUR,Product
REV000607,ACC0035,2024-07,4658651.62,3024444.55,1143413.99,EUR,Maintenance
REV000608,ACC0035,2024-08,4710662.48,2411296.27,1240074.76,EUR,Maintenance
REV000609,ACC0035,2024-09,4348260.51,2511972.56,1268802.95,EUR,Consulting
REV000610,ACC0035,2024-10,4968400.73,3762328.42,983803.8,EUR,Consulting
REV000611,ACC0035,2024-11,5150888.9,2591218.1,1454457.68,EUR,Product
REV000612,ACC0035,2024-12,5201973.04,3348789.31,896527.64,EUR,Consulting
REV000613,ACC0104,2022-01,34633566.65,23749778.01,3811978.91,EUR,Product
REV000614,ACC0104,2022-02,36678899.7,18687600.63,4585797.19,EUR,Service
REV000615,ACC0104,2022-03,42927570.53,37089996.44,9790652.42,EUR,Service
REV000616,ACC0104,2022-04,43043758.18,36528431.48,3510731.4,EUR,Maintenance
REV000617,ACC0104,2022-05,47619082.19,38303845.96,3519132.67,EUR,Maintenance
REV000618,ACC0104,2022-06,39761385.12,32602227.6,4849269.12,EUR,Consulting
REV000619,ACC0104,2022-07,42076683.73,23207695.1,2486865.08,EUR,Product
REV000620,ACC0104,2022-08,32866963.67,24456217.72,1828823.18,EUR,Product
REV000621,ACC0104,2022-09,36080160.75,23009803.21,10655723.44,EUR,Service
REV000622,ACC0104,2022-10,37594208.76,33765415.64,6246833.72,EUR,Service
REV000623,ACC0104,2022-11,40073079.12,21886452.25,3465409.35,EUR,Product
REV000624,ACC0104,2022-12,41725780.37,32858627.81,4700211.07,EUR,Consulting
REV000625,ACC0104,2023-01,43592973.22,25973579.09,10031795.8,EUR,Service
REV000626,ACC0104,2023-02,59876659.25,43172259.17,17331622.95,EUR,Consulting
REV000627,ACC0104,2023-03,54696214.38,44506262.4,10834725.04,EUR,Service
REV000628,ACC0104,2023-04,54529774.65,33334211.7,10577584.32,EUR,Maintenance
REV000629,ACC0104,2023-05,46915291.28,39110755.71,9415228.49,EUR,Service
REV000630,ACC0104,2023-06,45338198.94,29184853.46,4003659.85,EUR,Service
REV000631,ACC0104,2023-07,41970875.01,30105236.54,2253549.31,EUR,Product
REV000632,ACC0104,2023-08,47255490.73,32317042.42,5121647.23,EUR,Maintenance
REV000633,ACC0104,2023-09,44837759.16,29077370.19,12259538.93,EUR,Product
REV000634,ACC0104,2023-10,43998266.27,23639976.69,4649194.58,EUR,Maintenance
REV000635,ACC0104,2023-11,53185457.45,28063032.54,10474156.37,EUR,Service
REV000636,ACC0104,2023-12,56091314.5,28505509.25,6735906.18,EUR,Service
REV000637,ACC0104,2024-01,61702738.04,40686002.28,12553122.97,EUR,Service
REV000638,ACC0104,2024-02,65605789.78,40709546.7,15972910.45,EUR,Service
REV000639,ACC0104,2024-03,61733480.19,53322860.13,8073329.24,EUR,Consulting
REV000640,ACC0104,2024-04,69407666.99,39817393.4,16379283.43,EUR,Consulting
REV000641,ACC0104,2024-05,63227484.89,36017129.63,7926854.03,EUR,Product
REV000642,ACC0104,2024-06,61436391.17,48152320.8,7799568.13,EUR,Maintenance
REV000643,ACC0104,2024-07,56306636.58,35856246.61,16079723.25,EUR,Service
REV000644,ACC0104,2024-08,57577669.72,36051112.93,6935066.56,EUR,Consulting
REV000645,ACC0104,2024-09,56352809.39,49098321.68,8229943.44,EUR,Maintenance
REV000646,ACC0104,2024-10,51203422.35,28922796.54,4666452.36,EUR,Service
REV000647,ACC0104,2024-11,57796298.2,34427216.57,13912853.43,EUR,Product
REV000648,ACC0104,2024-12,71190476.49,54835362.21,8740707.22,EUR,Product
REV000649,ACC0045,2022-01,32632196.41,17393833.79,6853054.44,EUR,Consulting
REV000650,ACC0045,2022-02,32187152.84,16686980.52,1772351.8,EUR,Maintenance
REV000651,ACC0045,2022-03,32852240.54,24377687.95,4864677.55,EUR,Consulting
REV000652,ACC0045,2022-04,29024594.24,19651065.05,2171103.27,EUR,Product
REV000653,ACC0045,2022-05,25688382.98,14457157.99,2176027.97,EUR,Product
REV000654,ACC0045,2022-06,25702580.51,18419231.07,6227083.91,EUR,Consulting
REV000655,ACC0045,2022-07,26133067.04,16821150.72,2879458.45,EUR,Product
REV000656,ACC0045,2022-08,20611039.07,14220290.11,6134452,EUR,Product
REV000657,ACC0045,2022-09,23323321.07,13726154.99,1902027.93,EUR,Service
REV000658,ACC0045,2022-10,23580428.23,19703820.2,4635732,EUR,Service
REV000659,ACC0045,2022-11,23884562.26,14828208.4,5853121.1,EUR,Maintenance
REV000660,ACC0045,2022-12,26518327.17,17692888.38,5777179.54,EUR,Product
REV000661,ACC0045,2023-01,27137245.42,19825974.61,5719085.97,EUR,Product
REV000662,ACC0045,2023-02,26348437.87,18309145.5,5294078.41,EUR,Product
REV000663,ACC0045,2023-03,26779744.41,20311125.52,2569564.18,EUR,Service
REV000664,ACC0045,2023-04,27339819.64,15269014.72,7119879.22,EUR,Service
REV000665,ACC0045,2023-05,27173189.27,21390100.09,3266033.71,EUR,Service
REV000666,ACC0045,2023-06,22499458.08,19977965.91,2863643.01,EUR,Maintenance
REV000667,ACC0045,2023-07,22231185.48,16267599.87,4566558.26,EUR,Consulting
REV000668,ACC0045,2023-08,21112864.98,17140572.82,4892675.87,EUR,Consulting
REV000669,ACC0045,2023-09,21612918.17,11988395.5,2346799.9,EUR,Consulting
REV000670,ACC0045,2023-10,19553552.31,16941581.16,3590397,EUR,Product
REV000671,ACC0045,2023-11,20199747.51,12778341.34,2472576.89,EUR,Maintenance
REV000672,ACC0045,2023-12,24466184.79,19889749.04,1946711.51,EUR,Product
REV000673,ACC0045,2024-01,23145757.68,18580830.92,2290340.47,EUR,Service
REV000674,ACC0045,2024-02,30090117.49,23110173.23,8831712.31,EUR,Service
REV000675,ACC0045,2024-03,23898469.17,15971061.82,3752125.98,EUR,Product
REV000676,ACC0045,2024-04,26776118.47,22988162.65,4137515.97,EUR,Product
REV000677,ACC0045,2024-05,26298308.79,21393711.14,2367643.15,EUR,Product
REV000678,ACC0045,2024-06,21995509.67,15814243.37,3336605.86,EUR,Product
REV000679,ACC0045,2024-07,19272969.49,15197593.89,1252136.42,EUR,Product
REV000680,ACC0045,2024-08,19990081.32,13820825.81,3733619.8,EUR,Consulting
REV000681,ACC0045,2024-09,19040613.4,9703404.37,3947116.9,EUR,Service
REV000682,ACC0045,2024-10,17808179.22,9869173.83,1773794.84,EUR,Service
REV000683,ACC0045,2024-11,20750983.56,14850657.82,4076394.36,EUR,Product
REV000684,ACC0045,2024-12,23662937.47,16723229.55,2866077.97,EUR,Service
REV000685,ACC0005,2022-01,28797754.94,24899861.76,2043114.65,EUR,Product
REV000686,ACC0005,2022-02,28422208.39,14456370.2,1626588.81,EUR,Maintenance
REV000687,ACC0005,2022-03,29533028.29,20124465.52,3962240.07,EUR,Consulting
REV000688,ACC0005,2022-04,25114830.12,21677753.71,2188146.24,EUR,Product
REV000689,ACC0005,2022-05,25271050.87,19684040.21,2572460.8,EUR,Product
REV000690,ACC0005,2022-06,23043029.77,16150443.4,3341808.57,EUR,Service
REV000691,ACC0005,2022-07,25151677.75,13851632.12,4267911.29,EUR,Consulting
REV000692,ACC0005,2022-08,21484008.31,16406141.78,2157560.75,EUR,Maintenance
REV000693,ACC0005,2022-09,20495760.44,13631603.53,3946072.77,EUR,Consulting
REV000694,ACC0005,2022-10,21228223.1,15061788.58,1280296,EUR,Product
REV000695,ACC0005,2022-11,24452387.23,14913910.97,6545893.02,EUR,Maintenance
REV000696,ACC0005,2022-12,25791458.65,17310920.5,3177747.02,EUR,Service
REV000697,ACC0005,2023-01,26187485.16,22162978.23,7049830.52,EUR,Consulting
REV000698,ACC0005,2023-02,26117991.87,18155679.21,7792454.38,EUR,Service
REV000699,ACC0005,2023-03,32771394.22,20913736.62,9522024.33,EUR,Consulting
REV000700,ACC0005,2023-04,24819944.57,19087939.41,3189458.22,EUR,Maintenance
REV000701,ACC0005,2023-05,28253015.81,21060872.24,8316471.76,EUR,Product
REV000702,ACC0005,2023-06,24509937.07,16430094.04,2234612.18,EUR,Maintenance
REV000703,ACC0005,2023-07,24876726.2,18187437.39,5647998.21,EUR,Maintenance
REV000704,ACC0005,2023-08,24821262.58,13781656.5,1277138.16,EUR,Service
REV000705,ACC0005,2023-09,22789981.82,12576549.99,4372728.76,EUR,Service
REV000706,ACC0005,2023-10,21550356.17,11722162.05,5486846.93,EUR,Product
REV000707,ACC0005,2023-11,24390036.33,16309143.37,1990064.41,EUR,Service
REV000708,ACC0005,2023-12,24725040.48,18269599.88,2666688.62,EUR,Service
REV000709,ACC0005,2024-01,30397905.21,15463838.81,4870121.79,EUR,Maintenance
REV000710,ACC0005,2024-02,30461115.08,25788047.93,2078584.43,EUR,Service
REV000711,ACC0005,2024-03,36531398.33,22666443.5,9760061.97,EUR,Maintenance
REV000712,ACC0005,2024-04,32286234.12,26312274.76,3976916.72,EUR,Service
REV000713,ACC0005,2024-05,28743995.22,20696870.76,7595821.79,EUR,Consulting
REV000714,ACC0005,2024-06,26572060.99,13352485.87,7378448.98,EUR,Consulting
REV000715,ACC0005,2024-07,22578986.21,17819693.18,3746085.55,EUR,Consulting
REV000716,ACC0005,2024-08,21607537.71,13321537.2,4620983.97,EUR,Service
REV000717,ACC0005,2024-09,26608820.02,15471557.83,5652578.57,EUR,Service
REV000718,ACC0005,2024-10,26364551.67,20360123.06,7558942.52,EUR,Consulting
REV000719,ACC0005,2024-11,27524984.82,15348132.75,3048498.57,EUR,Service
REV000720,ACC0005,2024-12,28354158.18,14813349.64,5439646.21,EUR,Maintenance
REV000721,ACC0131,2022-01,22530249.9,17733719.55,3349727.22,EUR,Service
REV000722,ACC0131,2022-02,24766590.53,14336194.06,5139935.43,EUR,Maintenance
REV000723,ACC0131,2022-03,24913299.51,20914240.22,6127571.3,EUR,Maintenance
REV000724,ACC0131,2022-04,24590151.12,12957668.12,2079824.48,EUR,Maintenance
REV000725,ACC0131,2022-05,23607457.81,13234800.57,6029970.65,EUR,Maintenance
REV000726,ACC0131,2022-06,24031189.44,16994783.7,4225763.25,EUR,Product
REV000727,ACC0131,2022-07,18578099.14,12170128.21,2104560.86,EUR,Consulting
REV000728,ACC0131,2022-08,17996865.99,14417203.45,2802380.22,EUR,Service
REV000729,ACC0131,2022-09,18261463.27,13340051.53,1017807.05,EUR,Maintenance
REV000730,ACC0131,2022-10,21041198.62,15067664.16,3184962.46,EUR,Maintenance
REV000731,ACC0131,2022-11,23957406.81,18093950.83,5374316.35,EUR,Service
REV000732,ACC0131,2022-12,23218693.55,13960885.67,6485878,EUR,Consulting
REV000733,ACC0131,2023-01,21199669.09,18034203.04,4236721.88,EUR,Product
REV000734,ACC0131,2023-02,28867398.88,17666059.87,6604805.2,EUR,Product
REV000735,ACC0131,2023-03,24511394.28,20757101.24,2117608.83,EUR,Service
REV000736,ACC0131,2023-04,24533909.16,17801072.54,2546306.8,EUR,Product
REV000737,ACC0131,2023-05,22426608.59,17071886.88,6111244.91,EUR,Product
REV000738,ACC0131,2023-06,22810914.78,14977687.13,3850445.02,EUR,Maintenance
REV000739,ACC0131,2023-07,20866315.32,14861793.78,4647570.67,EUR,Maintenance
REV000740,ACC0131,2023-08,21621334.71,12685125.82,3913043.56,EUR,Service
REV000741,ACC0131,2023-09,19414483.21,14668980.36,4505388.67,EUR,Product
REV000742,ACC0131,2023-10,18704164.34,11460756.18,2206807.36,EUR,Product
REV000743,ACC0131,2023-11,20481635.71,13564306.38,5599806.27,EUR,Service
REV000744,ACC0131,2023-12,20222387.31,11655635.46,4217911.77,EUR,Product
REV000745,ACC0131,2024-01,19837526.67,14005703.22,2069259.77,EUR,Service
REV000746,ACC0131,2024-02,23240732.49,13452526.09,4790294.97,EUR,Product
REV000747,ACC0131,2024-03,26739785.3,23233390.81,4788558.24,EUR,Service
REV000748,ACC0131,2024-04,23982359.19,20056878.04,3901947.65,EUR,Product
REV000749,ACC0131,2024-05,23839864.49,12789710.48,6717724.58,EUR,Product
REV000750,ACC0131,2024-06,23654954.83,18044547.93,3576619.99,EUR,Service
REV000751,ACC0131,2024-07,17928613.41,13940679.14,3791175.82,EUR,Product
REV000752,ACC0131,2024-08,18062354.01,9802100.6,3232966.71,EUR,Service
REV000753,ACC0131,2024-09,16612089.29,14824313.64,2979208.33,EUR,Service
REV000754,ACC0131,2024-10,20156019.17,16742409.81,2949733.17,EUR,Service
REV000755,ACC0131,2024-11,20690283.58,16435063.23,3731059.5,EUR,Maintenance
REV000756,ACC0131,2024-12,21554439.63,18276312.25,4954380.4,EUR,Consulting
REV000757,ACC0069,2022-01,13539601.96,12072129.94,1378938.62,EUR,Product
REV000758,ACC0069,2022-02,13027303.45,9577998.93,2025687.11,EUR,Service
REV000759,ACC0069,2022-03,15235264.05,8531450.3,2169568.32,EUR,Service
REV000760,ACC0069,2022-04,13940067.31,10628652.26,3382082.41,EUR,Service
REV000761,ACC0069,2022-05,14004444.95,8583540.9,2058290.4,EUR,Maintenance
REV000762,ACC0069,2022-06,14058620.87,10967968.5,1880871.56,EUR,Product
REV000763,ACC0069,2022-07,12467881.55,9631784.84,2304768.5,EUR,Product
REV000764,ACC0069,2022-08,9729204.02,7218105.59,992421.35,EUR,Maintenance
REV000765,ACC0069,2022-09,10919491.01,8850762.05,563609.72,EUR,Maintenance
REV000766,ACC0069,2022-10,10419012.61,8650830.36,986601.08,EUR,Maintenance
REV000767,ACC0069,2022-11,11811954.84,7937621.84,2244790.02,EUR,Service
REV000768,ACC0069,2022-12,12273380.08,7957938.49,2880109.3,EUR,Product
REV000769,ACC0069,2023-01,13607416.61,8545104.91,3656271.38,EUR,Service
REV000770,ACC0069,2023-02,13718004.66,8167991.71,3442505.16,EUR,Service
REV000771,ACC0069,2023-03,14636997.05,8433506.43,4081037.02,EUR,Service
REV000772,ACC0069,2023-04,12725766.94,10872900.8,3316239.76,EUR,Service
REV000773,ACC0069,2023-05,12735371.36,10267387.45,1349186.14,EUR,Consulting
REV000774,ACC0069,2023-06,13630715.52,11140973.38,2280223.48,EUR,Consulting
REV000775,ACC0069,2023-07,9517523.19,8375901.73,751773.99,EUR,Consulting
REV000776,ACC0069,2023-08,10216870.41,5632649.2,2381776.66,EUR,Maintenance
REV000777,ACC0069,2023-09,10436008.33,9064890.94,1039477.39,EUR,Maintenance
REV000778,ACC0069,2023-10,11542320.02,6154107.34,788292.44,EUR,Maintenance
REV000779,ACC0069,2023-11,11730299.15,9226246.2,1403700.57,EUR,Product
REV000780,ACC0069,2023-12,11764968.15,10063508.93,3424523.32,EUR,Service
REV000781,ACC0069,2024-01,12110846.61,9246131.65,3175361.91,EUR,Maintenance
REV000782,ACC0069,2024-02,12693776.41,10192550.39,3282035.1,EUR,Maintenance
REV000783,ACC0069,2024-03,14537377.16,12521281.69,4123801.7,EUR,Maintenance
REV000784,ACC0069,2024-04,12780695.66,8313577.77,2906894.72,EUR,Service
REV000785,ACC0069,2024-05,12605821.02,10194986.66,1899180,EUR,Service
REV000786,ACC0069,2024-06,11895927.8,9390309.54,1717854.26,EUR,Consulting
REV000787,ACC0069,2024-07,12548130.72,7251671.99,3071088.13,EUR,Product
REV000788,ACC0069,2024-08,10070260.97,5685576.21,2578289.08,EUR,Product
REV000789,ACC0069,2024-09,9908284.58,5502703.24,2166110.03,EUR,Maintenance
REV000790,ACC0069,2024-10,9701704.06,7272952.29,2806673.81,EUR,Product
REV000791,ACC0069,2024-11,12545641.43,10477058.74,2444692.03,EUR,Maintenance
REV000792,ACC0069,2024-12,12329299.76,6230168.73,681968.08,EUR,Maintenance
REV000793,ACC0102,2022-01,17907493.86,10696122.18,1119526.58,EUR,Product
REV000794,ACC0102,2022-02,15124634.75,8253751.52,4189043.24,EUR,Service
REV000795,ACC0102,2022-03,17621977.53,14063900.28,1304831.34,EUR,Product
REV000796,ACC0102,2022-04,16595878.81,11079800.41,957291.8,EUR,Product
REV000797,ACC0102,2022-05,13847611.09,9146766.5,2632863.78,EUR,Maintenance
REV000798,ACC0102,2022-06,14474704.58,12504610.81,2887245.31,EUR,Consulting
REV000799,ACC0102,2022-07,12627278.18,10952971.04,1273170.87,EUR,Service
REV000800,ACC0102,2022-08,12100735.66,7783951.32,3310854.75,EUR,Service
REV000801,ACC0102,2022-09,13566679.11,7368318.23,2613129.02,EUR,Service
REV000802,ACC0102,2022-10,14815213.76,8844481.01,4060281.61,EUR,Service
REV000803,ACC0102,2022-11,15612992.87,10386809.62,3253631.79,EUR,Consulting
REV000804,ACC0102,2022-12,16057557.78,9029269.63,4321877.2,EUR,Product
REV000805,ACC0102,2023-01,16915324.1,15189382.85,2938425.14,EUR,Product
REV000806,ACC0102,2023-02,18072408.62,10093459.71,3246019.99,EUR,Service
REV000807,ACC0102,2023-03,18086977.47,12941059.1,2097499.91,EUR,Consulting
REV000808,ACC0102,2023-04,23033550.93,16105611.41,1891835.89,EUR,Product
REV000809,ACC0102,2023-05,15937280.23,13137699.36,3542881.7,EUR,Maintenance
REV000810,ACC0102,2023-06,17203108.27,11292966.47,1073600.81,EUR,Service
REV000811,ACC0102,2023-07,15974295.73,12755685.8,3953281.73,EUR,Service
REV000812,ACC0102,2023-08,14034464.79,8914245.34,1433169.69,EUR,Product
REV000813,ACC0102,2023-09,14318454.94,12184499.05,2150074.91,EUR,Maintenance
REV000814,ACC0102,2023-10,15307929.39,11916145.35,1523703.33,EUR,Product
REV000815,ACC0102,2023-11,14032395.28,12060004.27,3666018.51,EUR,Consulting
REV000816,ACC0102,2023-12,16586376.16,13817154.57,1661840.55,EUR,Product
REV000817,ACC0102,2024-01,21525618.31,18572944.98,1382291.38,EUR,Product
REV000818,ACC0102,2024-02,23970882.85,17629570.68,1593862.94,EUR,Service
REV000819,ACC0102,2024-03,22615552.12,12338665.83,1150857.41,EUR,Consulting
REV000820,ACC0102,2024-04,22664633.44,11738964.49,4117752.14,EUR,Consulting
REV000821,ACC0102,2024-05,18916228.09,11203256.89,4251518.31,EUR,Product
REV000822,ACC0102,2024-06,17639863.81,13054463.58,1674510.59,EUR,Maintenance
REV000823,ACC0102,2024-07,20520656.43,15362892.34,2206561.21,EUR,Consulting
REV000824,ACC0102,2024-08,16525833.62,11020477.31,1192010.29,EUR,Maintenance
REV000825,ACC0102,2024-09,14968405.04,9842672.96,2745914.95,EUR,Service
REV000826,ACC0102,2024-10,14822385.41,8243205.99,1249176.5,EUR,Service
REV000827,ACC0102,2024-11,18400859.05,13027166.46,2524552.43,EUR,Consulting
REV000828,ACC0102,2024-12,20381491.75,13931678.48,4572626.26,EUR,Product
REV000829,ACC0124,2022-01,40435568.07,20278370.79,5534442.47,EUR,Maintenance
REV000830,ACC0124,2022-02,52105936.82,46850852.58,3078625.48,EUR,Service
REV000831,ACC0124,2022-03,50258011.38,36155214.24,5177717.84,EUR,Maintenance
REV000832,ACC0124,2022-04,46879978.4,31553045.59,13242053.66,EUR,Service
REV000833,ACC0124,2022-05,51801548.96,38721323.66,6348485.95,EUR,Product
REV000834,ACC0124,2022-06,32614020.3,26052027.75,2771627.66,EUR,Service
REV000835,ACC0124,2022-07,35755244.76,21206872.16,10714936.89,EUR,Maintenance
REV000836,ACC0124,2022-08,36547763.6,28923509.44,5532747.07,EUR,Service
REV000837,ACC0124,2022-09,36959020.21,25559915.3,9856729.91,EUR,Service
REV000838,ACC0124,2022-10,31534879.42,17347529.95,5761188.9,EUR,Maintenance
REV000839,ACC0124,2022-11,41078664.26,24100753.51,11572239.15,EUR,Service
REV000840,ACC0124,2022-12,38686521.05,24875975.3,2783317.15,EUR,Maintenance
REV000841,ACC0124,2023-01,46524079.96,39621727.12,11425346.35,EUR,Product
REV000842,ACC0124,2023-02,52425291.41,29545118.18,8192948.76,EUR,Service
REV000843,ACC0124,2023-03,50348173.11,35540236.47,11216690.11,EUR,Product
REV000844,ACC0124,2023-04,50143504.1,37980321.95,3580563.04,EUR,Service
REV000845,ACC0124,2023-05,46427380.1,38386582.44,4283019.57,EUR,Service
REV000846,ACC0124,2023-06,42316684.77,33246115.06,12350716.36,EUR,Product
REV000847,ACC0124,2023-07,38716102.11,23871325.33,7585762.43,EUR,Maintenance
REV000848,ACC0124,2023-08,39044957.41,24574253.44,8028491.35,EUR,Service
REV000849,ACC0124,2023-09,39206561.81,21991649.36,5123475,EUR,Service
REV000850,ACC0124,2023-10,38303954.61,27564209.43,3715109.89,EUR,Service
REV000851,ACC0124,2023-11,44048383.68,38931582.44,8063068.63,EUR,Service
REV000852,ACC0124,2023-12,55521739.9,48663481.03,6814027.77,EUR,Maintenance
REV000853,ACC0124,2024-01,47616923.19,25891424.82,13656825.62,EUR,Service
REV000854,ACC0124,2024-02,49153730.46,35816498.14,14173446.04,EUR,Product
REV000855,ACC0124,2024-03,56965860.76,50295526.16,15138282.04,EUR,Consulting
REV000856,ACC0124,2024-04,54588320.48,38929700.87,3824987.29,EUR,Product
REV000857,ACC0124,2024-05,54962461.74,48960464.45,9969944.92,EUR,Product
REV000858,ACC0124,2024-06,52734024.58,27286417.09,12107723.09,EUR,Product
REV000859,ACC0124,2024-07,44145900.03,26836640.68,9977039.69,EUR,Product
REV000860,ACC0124,2024-08,48534234.64,41525767.24,6668370.51,EUR,Service
REV000861,ACC0124,2024-09,42097738.19,21887278.86,4556180.84,EUR,Product
REV000862,ACC0124,2024-10,46395971.98,25489783.53,10799664.66,EUR,Product
REV000863,ACC0124,2024-11,50060033.8,37717634.17,3301557.56,EUR,Service
REV000864,ACC0124,2024-12,52958225.19,32309538.81,10215915.22,EUR,Consulting
REV000865,ACC0033,2022-01,22237930.1,16839699.03,3027858.46,EUR,Consulting
REV000866,ACC0033,2022-02,25874547.35,17160768.89,2657449.36,EUR,Product
REV000867,ACC0033,2022-03,27687161.35,20054292.36,4045383.46,EUR,Consulting
REV000868,ACC0033,2022-04,28850745.96,21798915.67,1585441.99,EUR,Product
REV000869,ACC0033,2022-05,23422273.99,14162786.05,2182728.05,EUR,Service
REV000870,ACC0033,2022-06,21283213.16,16615796.15,4119460.22,EUR,Service
REV000871,ACC0033,2022-07,19134247.39,13161098.17,4748187.53,EUR,Service
REV000872,ACC0033,2022-08,21205124.57,13373067.43,5747275.71,EUR,Maintenance
REV000873,ACC0033,2022-09,18427896.18,15160701.07,4434858.29,EUR,Service
REV000874,ACC0033,2022-10,22684384.27,14676602.38,3448064.68,EUR,Maintenance
REV000875,ACC0033,2022-11,18933933.19,13223745.26,1181949.36,EUR,Service
REV000876,ACC0033,2022-12,24600868.07,15861527.9,3099272,EUR,Consulting
REV000877,ACC0033,2023-01,21879160.83,12855055.5,2900664.52,EUR,Product
REV000878,ACC0033,2023-02,23557172.11,16951487.42,4337223.93,EUR,Maintenance
REV000879,ACC0033,2023-03,27146989.42,17416811.6,7288955.85,EUR,Product
REV000880,ACC0033,2023-04,25296671.08,14654858.84,3141046.8,EUR,Maintenance
REV000881,ACC0033,2023-05,22662227.2,13403718.38,6457480.96,EUR,Service
REV000882,ACC0033,2023-06,20763463.07,11710768.62,3200121.61,EUR,Service
REV000883,ACC0033,2023-07,20467295.49,13788215.94,3027302.5,EUR,Product
REV000884,ACC0033,2023-08,19465105.53,16433817.73,4921771.62,EUR,Service
REV000885,ACC0033,2023-09,20271718.35,14389067.72,1036773.84,EUR,Service
REV000886,ACC0033,2023-10,19056832.93,15421853.08,4051694.1,EUR,Maintenance
REV000887,ACC0033,2023-11,20523808.92,15270403.63,2147011.37,EUR,Maintenance
REV000888,ACC0033,2023-12,23138218,20596686.13,3647876.4,EUR,Service
REV000889,ACC0033,2024-01,26487268.31,16816411.51,4870822.94,EUR,Service
REV000890,ACC0033,2024-02,26684407.07,16748492.3,1731640.47,EUR,Consulting
REV000891,ACC0033,2024-03,23155885.8,11873236.86,2170102.82,EUR,Product
REV000892,ACC0033,2024-04,23226728.48,11689460.12,3820132.78,EUR,Product
REV000893,ACC0033,2024-05,26154828.61,22679019.02,6265116.44,EUR,Maintenance
REV000894,ACC0033,2024-06,21052110.2,14288796.31,5866582.74,EUR,Service
REV000895,ACC0033,2024-07,20922739.68,11648764.54,6130935.76,EUR,Service
REV000896,ACC0033,2024-08,18325902.07,14051966.75,5358007.16,EUR,Product
REV000897,ACC0033,2024-09,17650253.9,12794514.68,1008612.07,EUR,Service
REV000898,ACC0033,2024-10,18298473.47,9953920.77,1090824.84,EUR,Product
REV000899,ACC0033,2024-11,27245441.68,21220950.62,1395413.21,EUR,Consulting
REV000900,ACC0033,2024-12,25547504.13,18520172.36,3267857.13,EUR,Service
REV000901,ACC0169,2022-01,45040640.88,25029429.55,7476692.51,EUR,Product
REV000902,ACC0169,2022-02,46202127.12,27398607.41,4895079.76,EUR,Service
REV000903,ACC0169,2022-03,45465321.53,38344951.97,10893859.8,EUR,Product
REV000904,ACC0169,2022-04,53769886.56,29048006.16,4600500.88,EUR,Maintenance
REV000905,ACC0169,2022-05,44669377.38,32628379.61,5301933.79,EUR,Consulting
REV000906,ACC0169,2022-06,46905718.83,32097003.5,5443319.76,EUR,Service
REV000907,ACC0169,2022-07,48158631.45,40270108.44,6986663.69,EUR,Product
REV000908,ACC0169,2022-08,44575816.01,23199261.61,6279365.95,EUR,Product
REV000909,ACC0169,2022-09,44317510.76,25570119.75,10136659.75,EUR,Service
REV000910,ACC0169,2022-10,45954007.01,27747839.41,10989889.09,EUR,Consulting
REV000911,ACC0169,2022-11,63489554.69,52015375.18,16250106.42,EUR,Service
REV000912,ACC0169,2022-12,55862074.93,29682703.92,12088025.28,EUR,Consulting
REV000913,ACC0169,2023-01,63700187.62,40615750,8877881.37,EUR,Maintenance
REV000914,ACC0169,2023-02,72929834.72,37376558.75,17591930.51,EUR,Product
REV000915,ACC0169,2023-03,81954179.38,47090116.83,21414648.81,EUR,Service
REV000916,ACC0169,2023-04,78623083.57,51428027.09,23541471,EUR,Product
REV000917,ACC0169,2023-05,81444037.22,43552001.95,10536018.33,EUR,Service
REV000918,ACC0169,2023-06,81301610.57,65447682.21,19251480.98,EUR,Maintenance
REV000919,ACC0169,2023-07,67100659.48,40457084.42,5057773.3,EUR,Maintenance
REV000920,ACC0169,2023-08,71240887.58,38998067.96,20939599.77,EUR,Maintenance
REV000921,ACC0169,2023-09,68533031.48,45019484.89,3668497.89,EUR,Service
REV000922,ACC0169,2023-10,78629422.04,41951509.98,20291464.03,EUR,Product
REV000923,ACC0169,2023-11,81701751.06,66671884.26,8882438.14,EUR,Service
REV000924,ACC0169,2023-12,86504972.11,69021681.65,24676082.11,EUR,Service
REV000925,ACC0169,2024-01,100264647.93,51435207.27,13283314.72,EUR,Service
REV000926,ACC0169,2024-02,102051620.58,84535030.97,28431059.36,EUR,Maintenance
REV000927,ACC0169,2024-03,108823069.08,72640400.05,11632207.21,EUR,Maintenance
REV000928,ACC0169,2024-04,134288284.64,78709749.94,32955843.09,EUR,Maintenance
REV000929,ACC0169,2024-05,104129183.96,74182287.11,19681806.77,EUR,Consulting
REV000930,ACC0169,2024-06,104057098.72,90977536.69,22309079.54,EUR,Maintenance
REV000931,ACC0169,2024-07,109140027.33,57066452.52,15533281.75,EUR,Maintenance
REV000932,ACC0169,2024-08,93097379.41,78537731.78,8023894.1,EUR,Product
REV000933,ACC0169,2024-09,104638956.85,82553933.59,8032791.81,EUR,Product
REV000934,ACC0169,2024-10,91695641.65,62043597.11,15280121.93,EUR,Service
REV000935,ACC0169,2024-11,119180955.86,62637857.49,27362026.91,EUR,Product
REV000936,ACC0169,2024-12,138352695.83,83496449.42,37884431.11,EUR,Service
REV000937,ACC0150,2022-01,43863605.05,33281891.98,4920746.35,EUR,Consulting
REV000938,ACC0150,2022-02,40898253.29,21832410.76,2434823.84,EUR,Maintenance
REV000939,ACC0150,2022-03,54769319.32,30819422.14,16175055.29,EUR,Service
REV000940,ACC0150,2022-04,52903171.07,33237861.42,8041285.07,EUR,Maintenance
REV000941,ACC0150,2022-05,51157046.06,27925450.59,11166900.27,EUR,Service
REV000942,ACC0150,2022-06,50607171.05,44735617.92,12764366.56,EUR,Consulting
REV000943,ACC0150,2022-07,47960694.8,28078674.49,4337129.99,EUR,Product
REV000944,ACC0150,2022-08,36575272.11,19507512.47,2318645.42,EUR,Service
REV000945,ACC0150,2022-09,43209155.3,25555415.64,8842247.2,EUR,Product
REV000946,ACC0150,2022-10,40774938.84,29638489.32,2808537.15,EUR,Service
REV000947,ACC0150,2022-11,45095673.91,26477134.72,7446529.22,EUR,Maintenance
REV000948,ACC0150,2022-12,52295310.88,29011535.03,9332683.55,EUR,Service
REV000949,ACC0150,2023-01,57374401.22,28709664.37,12098386.81,EUR,Service
REV000950,ACC0150,2023-02,55310478.94,43783679.25,7925440.02,EUR,Product
REV000951,ACC0150,2023-03,59432088.61,35761370.27,7693424.77,EUR,Product
REV000952,ACC0150,2023-04,64226220.32,52051850.75,9269187.97,EUR,Maintenance
REV000953,ACC0150,2023-05,61899778.34,36992194.3,10745294.77,EUR,Service
REV000954,ACC0150,2023-06,64819338.09,40438933.51,8851406.54,EUR,Product
REV000955,ACC0150,2023-07,50915547.61,37564377.71,8948393.76,EUR,Service
REV000956,ACC0150,2023-08,51068785.56,41449702.15,6028677.98,EUR,Service
REV000957,ACC0150,2023-09,55429206.36,43652198.15,5622121.24,EUR,Service
REV000958,ACC0150,2023-10,53517957.43,33129701.62,3596505.81,EUR,Maintenance
REV000959,ACC0150,2023-11,54058427.37,30190456.5,13363347.02,EUR,Service
REV000960,ACC0150,2023-12,69054307.39,41255444.29,12938369.8,EUR,Product
REV000961,ACC0150,2024-01,75303141.27,42848184.88,4677608.74,EUR,Maintenance
REV000962,ACC0150,2024-02,83342836.09,54182742.95,6262173.28,EUR,Service
REV000963,ACC0150,2024-03,85637297.6,47919112.15,6391541.03,EUR,Service
REV000964,ACC0150,2024-04,77071297.79,45812594.61,4461007.73,EUR,Service
REV000965,ACC0150,2024-05,79054722.91,45756458.08,18404020.09,EUR,Consulting
REV000966,ACC0150,2024-06,73364321.15,57918632.05,15354692.05,EUR,Product
REV000967,ACC0150,2024-07,66464375.58,55593358.91,7270521.84,EUR,Service
REV000968,ACC0150,2024-08,68755518.35,60186148.3,11669257.32,EUR,Product
REV000969,ACC0150,2024-09,67789031.99,44208633.84,3603501.6,EUR,Maintenance
REV000970,ACC0150,2024-10,68922920.41,47862610.77,11753817.32,EUR,Product
REV000971,ACC0150,2024-11,76474320.69,38944846.46,6297689.95,EUR,Product
REV000972,ACC0150,2024-12,85330241.22,75654597.34,23750067.07,EUR,Service
REV000973,ACC0192,2022-01,5010713.08,3044497.75,707993.53,EUR,Maintenance
REV000974,ACC0192,2022-02,6336989.02,5292526.16,824824.08,EUR,Product
REV000975,ACC0192,2022-03,5561257.71,3801181.49,1013659.24,EUR,Product
REV000976,ACC0192,2022-04,6875929.76,5510300.95,1413374.49,EUR,Maintenance
REV000977,ACC0192,2022-05,6471867.06,4022737.03,743523.22,EUR,Service
REV000978,ACC0192,2022-06,5367841.84,3532958.66,722553.83,EUR,Maintenance
REV000979,ACC0192,2022-07,5034710.74,3725766.14,822570.44,EUR,Service
REV000980,ACC0192,2022-08,4934276.3,3817857.47,390213.7,EUR,Maintenance
REV000981,ACC0192,2022-09,5230480.36,3663482.47,804544.23,EUR,Product
REV000982,ACC0192,2022-10,4487531.75,2963192.61,375238.44,EUR,Service
REV000983,ACC0192,2022-11,5554586.84,4619596.89,1560375.94,EUR,Service
REV000984,ACC0192,2022-12,5786124.91,3734264.15,589422.75,EUR,Product
REV000985,ACC0192,2023-01,6346207.08,4555232.83,1669167.54,EUR,Service
REV000986,ACC0192,2023-02,6217094.31,3521047.05,528126.4,EUR,Maintenance
REV000987,ACC0192,2023-03,8402212.39,7318761.65,2019523.88,EUR,Product
REV000988,ACC0192,2023-04,6525459.96,4038266.2,964107.84,EUR,Service
REV000989,ACC0192,2023-05,6518524.68,4547946.18,659664.15,EUR,Product
REV000990,ACC0192,2023-06,5767809.86,3049137.4,947476.4,EUR,Maintenance
REV000991,ACC0192,2023-07,6205087.45,4800746.62,580355.3,EUR,Maintenance
REV000992,ACC0192,2023-08,5015038.66,2962411.86,1004218.22,EUR,Consulting
REV000993,ACC0192,2023-09,5418582.92,4306954.06,551623.86,EUR,Consulting
REV000994,ACC0192,2023-10,5319715.8,3192365.56,682511.19,EUR,Service
REV000995,ACC0192,2023-11,5804239.84,4214752.43,1150915.81,EUR,Consulting
REV000996,ACC0192,2023-12,6506947.98,4688142.75,1593241.99,EUR,Product
REV000997,ACC0192,2024-01,6535526.41,3341763.18,1211169.8,EUR,Service
REV000998,ACC0192,2024-02,6440047.57,4254461.73,687496.29,EUR,Maintenance
REV000999,ACC0192,2024-03,6753326.14,5444552.7,1311247.98,EUR,Product
REV001000,ACC0192,2024-04,8124394.72,6359603.53,2331782.57,EUR,Product
REV001001,ACC0192,2024-05,6581144.23,4985477.57,1122997,EUR,Product
REV001002,ACC0192,2024-06,6248260.6,3285120.3,1730522.69,EUR,Product
REV001003,ACC0192,2024-07,6275725.16,5002573.31,1389431.81,EUR,Service
REV001004,ACC0192,2024-08,6088624.07,3356737.54,543224.28,EUR,Service
REV001005,ACC0192,2024-09,5799601.3,4102855.76,319590.29,EUR,Service
REV001006,ACC0192,2024-10,5153201.65,4615004.21,773596.77,EUR,Product
REV001007,ACC0192,2024-11,6337513.98,5266178.43,847113.01,EUR,Service
REV001008,ACC0192,2024-12,5944904.49,4701655.92,1272460.57,EUR,Maintenance
REV001009,ACC0093,2022-01,15726821.59,9655384.41,3201589.35,EUR,Service
REV001010,ACC0093,2022-02,19178278.08,16249745.8,1469322.49,EUR,Product
REV001011,ACC0093,2022-03,19162812.73,11721197.69,5047807.32,EUR,Maintenance
REV001012,ACC0093,2022-04,20078066.25,15964226.01,3779153.59,EUR,Service
REV001013,ACC0093,2022-05,17823224.06,9638838.65,5081783.54,EUR,Consulting
REV001014,ACC0093,2022-06,15390029.87,11584645.28,3403933.53,EUR,Consulting
REV001015,ACC0093,2022-07,16292041.11,12750580.61,2469801.27,EUR,Product
REV001016,ACC0093,2022-08,15682842.26,8431838.61,3122366.39,EUR,Consulting
REV001017,ACC0093,2022-09,14635510.93,9463458.09,2021160.76,EUR,Maintenance
REV001018,ACC0093,2022-10,15079922.37,8163399.84,3003481.29,EUR,Service
REV001019,ACC0093,2022-11,14067593.88,8260033.09,3917318.29,EUR,Service
REV001020,ACC0093,2022-12,20006979.42,11694152.72,5266565.24,EUR,Maintenance
REV001021,ACC0093,2023-01,20753453.38,15758265.29,5640059.43,EUR,Product
REV001022,ACC0093,2023-02,16470517.89,12831847.06,1292230.1,EUR,Product
REV001023,ACC0093,2023-03,20124776.79,16689865.29,3519778.6,EUR,Service
REV001024,ACC0093,2023-04,19637855.62,15186093.51,1825046.76,EUR,Service
REV001025,ACC0093,2023-05,19911845.41,16347431.76,4435627.98,EUR,Service
REV001026,ACC0093,2023-06,20711046.3,10992443.66,4214284.91,EUR,Service
REV001027,ACC0093,2023-07,19217663.36,11667127.04,1136873.55,EUR,Maintenance
REV001028,ACC0093,2023-08,15838816.63,8275986.51,2677637.58,EUR,Product
REV001029,ACC0093,2023-09,17901481.55,11508913.67,2219128.23,EUR,Service
REV001030,ACC0093,2023-10,16312260.67,12689924.78,4501390.22,EUR,Maintenance
REV001031,ACC0093,2023-11,18894484.47,11218940.36,3768041.78,EUR,Service
REV001032,ACC0093,2023-12,19673406.4,13628391.01,2353193.48,EUR,Maintenance
REV001033,ACC0093,2024-01,20410908.09,15134742.57,1807014.19,EUR,Consulting
REV001034,ACC0093,2024-02,23212163.71,12588804.96,5853654.91,EUR,Product
REV001035,ACC0093,2024-03,19311384.4,14291960.75,4537048.83,EUR,Service
REV001036,ACC0093,2024-04,23454825.95,18661165.88,6927704.37,EUR,Consulting
REV001037,ACC0093,2024-05,21581625.57,12984030.71,3741881.73,EUR,Service
REV001038,ACC0093,2024-06,22325401.34,18475613.47,6649942.89,EUR,Maintenance
REV001039,ACC0093,2024-07,22542259.48,14930334.19,1337447.22,EUR,Maintenance
REV001040,ACC0093,2024-08,16788136.14,10147556.33,1923114.57,EUR,Maintenance
REV001041,ACC0093,2024-09,19175508.41,15135826.21,3618699.95,EUR,Service
REV001042,ACC0093,2024-10,19841524.27,16079419.42,3983720.45,EUR,Product
REV001043,ACC0093,2024-11,20838678.34,16852759.87,3492006.94,EUR,Service
REV001044,ACC0093,2024-12,20926630.12,18481840.25,1287727.81,EUR,Service
REV001045,ACC0079,2022-01,17892420.29,11135196.37,4839583.37,EUR,Service
REV001046,ACC0079,2022-02,18225321.94,15780697.17,1057571.92,EUR,Consulting
REV001047,ACC0079,2022-03,21822156.8,16246848.49,5816934.05,EUR,Maintenance
REV001048,ACC0079,2022-04,19019819.11,16296449.68,2513573.9,EUR,Consulting
REV001049,ACC0079,2022-05,21356822.46,18586665.61,3302496.47,EUR,Service
REV001050,ACC0079,2022-06,20733821.21,18353504.73,3475343.7,EUR,Consulting
REV001051,ACC0079,2022-07,19080418.34,12996216.82,3235175.81,EUR,Product
REV001052,ACC0079,2022-08,16922839.73,10449746.99,893547.79,EUR,Consulting
REV001053,ACC0079,2022-09,18045063.6,11228576.27,3836634.25,EUR,Service
REV001054,ACC0079,2022-10,18390635.83,9887229.67,3755043.13,EUR,Consulting
REV001055,ACC0079,2022-11,16441936.56,13742077.82,1765593.21,EUR,Maintenance
REV001056,ACC0079,2022-12,19100440.68,10962335,2075685.38,EUR,Service
REV001057,ACC0079,2023-01,26978048.87,23220410.42,1983861.53,EUR,Service
REV001058,ACC0079,2023-02,25424855.7,15442604.55,3156056.53,EUR,Consulting
REV001059,ACC0079,2023-03,26039244.74,22108518.23,3064501.15,EUR,Maintenance
REV001060,ACC0079,2023-04,27037966.39,16541942.36,6817013.79,EUR,Maintenance
REV001061,ACC0079,2023-05,25806535.58,12978858.93,5167261.81,EUR,Service
REV001062,ACC0079,2023-06,22997634.79,12334655.73,4992255.61,EUR,Service
REV001063,ACC0079,2023-07,27467956.32,20956622.44,8102186.85,EUR,Service
REV001064,ACC0079,2023-08,22842834.64,16684023.89,1730631.13,EUR,Service
REV001065,ACC0079,2023-09,25709334.98,14833314.59,4750774.68,EUR,Maintenance
REV001066,ACC0079,2023-10,25987281.8,16319170.9,6697039.62,EUR,Product
REV001067,ACC0079,2023-11,24915388.82,20817013.71,7413064.93,EUR,Maintenance
REV001068,ACC0079,2023-12,27114192.6,22501004.06,3969134.82,EUR,Product
REV001069,ACC0079,2024-01,29819799.24,25666710.95,7305116.71,EUR,Product
REV001070,ACC0079,2024-02,35157917.92,26248942.27,3350888.83,EUR,Service
REV001071,ACC0079,2024-03,38355615.2,34367806.02,2255623.21,EUR,Consulting
REV001072,ACC0079,2024-04,35970356.43,23475760.68,7041970.8,EUR,Consulting
REV001073,ACC0079,2024-05,37557882.97,25140143.2,3504798.93,EUR,Product
REV001074,ACC0079,2024-06,32001267.36,20912487.27,6149692.65,EUR,Product
REV001075,ACC0079,2024-07,32775054.74,17245250.53,8379927.12,EUR,Maintenance
REV001076,ACC0079,2024-08,31359087.23,26163195.67,7785281.77,EUR,Maintenance
REV001077,ACC0079,2024-09,33382817.87,20771373.5,4009632.7,EUR,Service
REV001078,ACC0079,2024-10,31488779.75,21092946.23,2973128.62,EUR,Maintenance
REV001079,ACC0079,2024-11,34241848.07,20821220.11,3349841.06,EUR,Maintenance
REV001080,ACC0079,2024-12,35950982.74,21284019.51,3937800.86,EUR,Product
REV001081,ACC0056,2022-01,13749678.95,12039608.56,3222847.87,EUR,Service
REV001082,ACC0056,2022-02,16688888.86,8593325.78,2647933.14,EUR,Maintenance
REV001083,ACC0056,2022-03,15639657.02,12899184.87,1469063.75,EUR,Product
REV001084,ACC0056,2022-04,14801196.75,11072610.5,1234237.69,EUR,Service
REV001085,ACC0056,2022-05,14766921.52,7506460.69,1731379.34,EUR,Service
REV001086,ACC0056,2022-06,14933535.02,9541908.37,4383295.74,EUR,Consulting
REV001087,ACC0056,2022-07,11958433.36,9009969.57,3396035.97,EUR,Maintenance
REV001088,ACC0056,2022-08,13760307.09,11719036.76,3856887.65,EUR,Maintenance
REV001089,ACC0056,2022-09,12050587.37,10197827.92,1351891.15,EUR,Service
REV001090,ACC0056,2022-10,14132152.05,9451297.45,1861060.14,EUR,Service
REV001091,ACC0056,2022-11,12054333.61,6490661.38,3200085.3,EUR,Service
REV001092,ACC0056,2022-12,15608603.06,12815086.18,2821386.43,EUR,Product
REV001093,ACC0056,2023-01,15880139.07,12780476.43,3962768.44,EUR,Service
REV001094,ACC0056,2023-02,17346951.54,11832905.69,4920295.68,EUR,Consulting
REV001095,ACC0056,2023-03,17855709.7,14210087.24,3618105.2,EUR,Service
REV001096,ACC0056,2023-04,13985883.71,9396832.66,2758865.4,EUR,Service
REV001097,ACC0056,2023-05,17876888.98,10784870.44,967144.68,EUR,Maintenance
REV001098,ACC0056,2023-06,12376048.55,9368558.72,3317345.93,EUR,Consulting
REV001099,ACC0056,2023-07,14076003.99,9477262.4,884994.46,EUR,Maintenance
REV001100,ACC0056,2023-08,11131746.71,5925622.8,3237596.06,EUR,Product
REV001101,ACC0056,2023-09,10972331.87,7784208.8,2732433.58,EUR,Consulting
REV001102,ACC0056,2023-10,13818848.71,8770670.42,2350705.19,EUR,Service
REV001103,ACC0056,2023-11,13149582.33,8847749.69,1728487.52,EUR,Maintenance
REV001104,ACC0056,2023-12,16470691.2,11018085.33,905899.56,EUR,Product
REV001105,ACC0056,2024-01,16874997.48,11754413.05,2077865.57,EUR,Service
REV001106,ACC0056,2024-02,16632786.07,10206453.68,1694411.74,EUR,Consulting
REV001107,ACC0056,2024-03,16259556.57,12101638.46,3413129.88,EUR,Service
REV001108,ACC0056,2024-04,16590481.45,14774851.71,4671679.18,EUR,Service
REV001109,ACC0056,2024-05,16041108.44,13855225.67,3391543.53,EUR,Maintenance
REV001110,ACC0056,2024-06,13403546.19,10942589.76,1438623.21,EUR,Service
REV001111,ACC0056,2024-07,14835222.57,7687975.17,3800873.07,EUR,Maintenance
REV001112,ACC0056,2024-08,13034608.89,9442218.94,886682.51,EUR,Maintenance
REV001113,ACC0056,2024-09,13459313.07,9621036.74,1237646.54,EUR,Service
REV001114,ACC0056,2024-10,12313969.65,6320970.07,1016065.87,EUR,Product
REV001115,ACC0056,2024-11,14331267.19,12108225.91,3795152.79,EUR,Service
REV001116,ACC0056,2024-12,18300153.99,12281837.77,1703880.05,EUR,Service
REV001117,ACC0164,2022-01,11121219.89,7847854.49,2751349.53,EUR,Service
REV001118,ACC0164,2022-02,15396600.79,11681863.12,2975278.54,EUR,Maintenance
REV001119,ACC0164,2022-03,15101729.28,10010657.84,2866639.22,EUR,Product
REV001120,ACC0164,2022-04,15400211.5,9861026.22,842951.11,EUR,Maintenance
REV001121,ACC0164,2022-05,16678659.32,8484338.37,1165281.13,EUR,Maintenance
REV001122,ACC0164,2022-06,13777418.83,10201253.78,978400.52,EUR,Maintenance
REV001123,ACC0164,2022-07,15112345.37,11476448.95,761412.06,EUR,Product
REV001124,ACC0164,2022-08,16050129.92,8971571.56,4286294.68,EUR,Maintenance
REV001125,ACC0164,2022-09,13099525.24,8958327.56,2371606.37,EUR,Maintenance
REV001126,ACC0164,2022-10,15737748.05,9930820.58,1363994.51,EUR,Consulting
REV001127,ACC0164,2022-11,16634898.74,13290338.72,1728498.85,EUR,Service
REV001128,ACC0164,2022-12,17813383.62,10746208.51,3155952.81,EUR,Service
REV001129,ACC0164,2023-01,22391928.94,17888539.69,5143038.83,EUR,Product
REV001130,ACC0164,2023-02,19282767.58,10802508.86,2036020.75,EUR,Service
REV001131,ACC0164,2023-03,22243178.77,14873381.32,3763422.34,EUR,Maintenance
REV001132,ACC0164,2023-04,24800352.78,14581028.6,2009026.22,EUR,Service
REV001133,ACC0164,2023-05,21540772.59,13182439.58,3001319.17,EUR,Service
REV001134,ACC0164,2023-06,19384968,16595022.84,2850192.09,EUR,Consulting
REV001135,ACC0164,2023-07,21785664.69,14766290.31,2794892.3,EUR,Product
REV001136,ACC0164,2023-08,17404295.62,15070937.33,3504587.78,EUR,Maintenance
REV001137,ACC0164,2023-09,17847497.29,10815341.44,3104551.02,EUR,Maintenance
REV001138,ACC0164,2023-10,20312186.14,12486748.44,2231430.79,EUR,Product
REV001139,ACC0164,2023-11,24340499.45,17062061.22,3251174.43,EUR,Service
REV001140,ACC0164,2023-12,27231907.01,18623310.81,3089118.86,EUR,Maintenance
REV001141,ACC0164,2024-01,26667569.6,13627089.32,6355131.34,EUR,Product
REV001142,ACC0164,2024-02,29076419.23,20066448.69,1635709.87,EUR,Consulting
REV001143,ACC0164,2024-03,34306404.98,17462335.98,9147600.35,EUR,Service
REV001144,ACC0164,2024-04,31567073.04,21404396.8,3154507.47,EUR,Product
REV001145,ACC0164,2024-05,34039455.18,21337156.68,5711689.1,EUR,Product
REV001146,ACC0164,2024-06,31075296.84,22851039.99,7681551.99,EUR,Service
REV001147,ACC0164,2024-07,28650728.65,14858397.34,7528736.79,EUR,Maintenance
REV001148,ACC0164,2024-08,29174899.49,18754422.95,5151124.9,EUR,Product
REV001149,ACC0164,2024-09,26590680.5,16385227.7,3080474.21,EUR,Product
REV001150,ACC0164,2024-10,34596148.55,26358032.42,5385465.1,EUR,Product
REV001151,ACC0164,2024-11,32641264.53,28774333.57,9088862.97,EUR,Consulting
REV001152,ACC0164,2024-12,38979542.25,34829832.15,8100902.17,EUR,Consulting
REV001153,ACC0082,2022-01,10906885.6,5512247.33,3157483.14,EUR,Product
REV001154,ACC0082,2022-02,14436260.56,11473145.96,974951.34,EUR,Maintenance
REV001155,ACC0082,2022-03,12105799.77,9999064.97,2375503.87,EUR,Maintenance
REV001156,ACC0082,2022-04,10864391.66,5774052.25,2415792.21,EUR,Service
REV001157,ACC0082,2022-05,11860760.68,8623705.88,2774226.81,EUR,Maintenance
REV001158,ACC0082,2022-06,10940913.63,5915980.96,2972458.77,EUR,Service
REV001159,ACC0082,2022-07,9971734.84,7972903.65,1614977.33,EUR,Consulting
REV001160,ACC0082,2022-08,9333590.18,7392824.06,1564271.99,EUR,Service
REV001161,ACC0082,2022-09,9727838.7,5225831.56,2049743.66,EUR,Service
REV001162,ACC0082,2022-10,8791718.28,5382867.15,1454058.49,EUR,Service
REV001163,ACC0082,2022-11,10729926.45,7081302.03,2282519.6,EUR,Maintenance
REV001164,ACC0082,2022-12,10456633.54,8190345.57,564194.76,EUR,Service
REV001165,ACC0082,2023-01,14547064.77,8048409.33,2197028.89,EUR,Consulting
REV001166,ACC0082,2023-02,13859500.4,10488336.96,927891.49,EUR,Maintenance
REV001167,ACC0082,2023-03,14465160.9,11290831.32,3224484.81,EUR,Product
REV001168,ACC0082,2023-04,15383223.15,10745978.8,4262184.03,EUR,Consulting
REV001169,ACC0082,2023-05,15788032.35,9886754.71,4097688.69,EUR,Maintenance
REV001170,ACC0082,2023-06,12653862.13,10956350.44,844915.25,EUR,Product
REV001171,ACC0082,2023-07,11959617.07,6301439.54,3216152.11,EUR,Service
REV001172,ACC0082,2023-08,11595515.55,7224137.58,3094886.18,EUR,Product
REV001173,ACC0082,2023-09,12737711.67,9378933.92,924403.37,EUR,Service
REV001174,ACC0082,2023-10,12636639.39,7638343.83,1577154.58,EUR,Service
REV001175,ACC0082,2023-11,12763796.2,7036437.18,1238016.75,EUR,Service
REV001176,ACC0082,2023-12,15138330.41,13001957.3,4063738.4,EUR,Product
REV001177,ACC0082,2024-01,16891827.27,13324320.85,4151551.05,EUR,Service
REV001178,ACC0082,2024-02,18062224.85,9624179.97,5038352.33,EUR,Maintenance
REV001179,ACC0082,2024-03,19922278.88,15975931.96,3019655.95,EUR,Service
REV001180,ACC0082,2024-04,19758319.74,12269492.44,1994538.05,EUR,Consulting
REV001181,ACC0082,2024-05,16789313.14,14564213.72,1159952.09,EUR,Maintenance
REV001182,ACC0082,2024-06,18407063.64,11956404.25,2151490.05,EUR,Consulting
REV001183,ACC0082,2024-07,16227746.36,10829801.45,2102627.92,EUR,Maintenance
REV001184,ACC0082,2024-08,13731617.79,12005086.52,3349897.5,EUR,Service
REV001185,ACC0082,2024-09,17923984.92,10164960.96,1429112.38,EUR,Service
REV001186,ACC0082,2024-10,14903367.28,12260887.96,960841.87,EUR,Service
REV001187,ACC0082,2024-11,20043167.17,12455534.08,5442685.5,EUR,Maintenance
REV001188,ACC0082,2024-12,20156044.56,18123985.61,5942032.76,EUR,Service
REV001189,ACC0096,2022-01,43701047.7,36525391.83,12815346.28,EUR,Product
REV001190,ACC0096,2022-02,40164323.77,22938881.91,7410688.62,EUR,Consulting
REV001191,ACC0096,2022-03,49952924.72,26916651.55,5249293.71,EUR,Service
REV001192,ACC0096,2022-04,50513272.06,43270246.81,12191749.11,EUR,Maintenance
REV001193,ACC0096,2022-05,47344344.06,42472658.99,13735983.01,EUR,Product
REV001194,ACC0096,2022-06,45560448.38,27502395.39,10291848.17,EUR,Consulting
REV001195,ACC0096,2022-07,46949070.73,26724338.63,13083859.73,EUR,Product
REV001196,ACC0096,2022-08,39584589.17,27128273.49,10303711.18,EUR,Consulting
REV001197,ACC0096,2022-09,40253625.93,33764607.36,10470134.03,EUR,Maintenance
REV001198,ACC0096,2022-10,45566712.63,28513731.37,7657279.88,EUR,Product
REV001199,ACC0096,2022-11,49528810.49,26560872.84,3555624.14,EUR,Maintenance
REV001200,ACC0096,2022-12,56925791.72,36030386.33,11970260.43,EUR,Service
REV001201,ACC0096,2023-01,61758718.26,51851999.4,17790678.1,EUR,Service
REV001202,ACC0096,2023-02,66447918.11,41392051.72,3492880.31,EUR,Service
REV001203,ACC0096,2023-03,68181035.96,36489151.31,15548856.34,EUR,Consulting
REV001204,ACC0096,2023-04,59918841.81,39720609.99,12192156.8,EUR,Service
REV001205,ACC0096,2023-05,59462066.76,47999062.09,7726600.17,EUR,Service
REV001206,ACC0096,2023-06,66966449.47,53554740.31,8461659.21,EUR,Consulting
REV001207,ACC0096,2023-07,56554060.08,35144408.32,13899368.47,EUR,Maintenance
REV001208,ACC0096,2023-08,61507716.31,34231727.62,17510625.03,EUR,Consulting
REV001209,ACC0096,2023-09,65031207.26,48069797.01,8799424.7,EUR,Product
REV001210,ACC0096,2023-10,61640462.3,46060802.17,14389080.93,EUR,Product
REV001211,ACC0096,2023-11,70297953.61,46940783.98,5353919.36,EUR,Maintenance
REV001212,ACC0096,2023-12,69393100.47,53849648.87,5087961.89,EUR,Product
REV001213,ACC0096,2024-01,90273616.56,72354498.56,23475703.89,EUR,Maintenance
REV001214,ACC0096,2024-02,86792041.66,66453326.59,7247083.79,EUR,Maintenance
REV001215,ACC0096,2024-03,94169225.18,62321111.99,8037234.04,EUR,Maintenance
REV001216,ACC0096,2024-04,99754915.52,53217997.59,25201887.67,EUR,Service
REV001217,ACC0096,2024-05,91816563.28,69341212.67,8504491.22,EUR,Maintenance
REV001218,ACC0096,2024-06,94480396.17,61656339.51,8172804.65,EUR,Service
REV001219,ACC0096,2024-07,77743677.45,58507627.54,13538465.66,EUR,Maintenance
REV001220,ACC0096,2024-08,79739451.26,40224484.23,15323990.14,EUR,Product
REV001221,ACC0096,2024-09,72341771.05,59310210.31,15071547.24,EUR,Consulting
REV001222,ACC0096,2024-10,81894673.98,65845393.62,15381216.43,EUR,Service
REV001223,ACC0096,2024-11,88864576.31,69437329.3,7951172.35,EUR,Product
REV001224,ACC0096,2024-12,118264440.84,102316197.05,13817170.67,EUR,Service
REV001225,ACC0021,2022-01,15435105.48,8512879.77,3878307.44,EUR,Service
REV001226,ACC0021,2022-02,17571403.65,11243225.38,2175522.43,EUR,Product
REV001227,ACC0021,2022-03,17047059.97,13414116.05,1042836.46,EUR,Maintenance
REV001228,ACC0021,2022-04,14069603.6,10650798.81,3188513.51,EUR,Product
REV001229,ACC0021,2022-05,16296334.98,12266265.78,2917078.35,EUR,Product
REV001230,ACC0021,2022-06,14766833.86,7552821.55,3659571.84,EUR,Maintenance
REV001231,ACC0021,2022-07,15140821.84,9158061.78,2341183.78,EUR,Service
REV001232,ACC0021,2022-08,13367653.64,9096181.32,3357432.01,EUR,Maintenance
REV001233,ACC0021,2022-09,14744131.53,10951865.28,1994384.8,EUR,Maintenance
REV001234,ACC0021,2022-10,16268331.86,12263487.12,4766834.17,EUR,Service
REV001235,ACC0021,2022-11,15406866.18,9740109.97,2280765.34,EUR,Maintenance
REV001236,ACC0021,2022-12,16593744.57,10878386.08,3430777.38,EUR,Service
REV001237,ACC0021,2023-01,18437022.79,15157143.84,1938457.43,EUR,Service
REV001238,ACC0021,2023-02,15524567.69,10511979.81,4191918.42,EUR,Service
REV001239,ACC0021,2023-03,18757137.09,14609986.3,5211307.59,EUR,Service
REV001240,ACC0021,2023-04,19575866.11,12836700.57,5672017.1,EUR,Service
REV001241,ACC0021,2023-05,18014473.89,9929411.88,5077732.1,EUR,Maintenance
REV001242,ACC0021,2023-06,17989506.56,9697689.04,4168690.36,EUR,Product
REV001243,ACC0021,2023-07,16327916.97,10660108.8,4580408.96,EUR,Service
REV001244,ACC0021,2023-08,13882122.96,9424387.35,3755832.97,EUR,Maintenance
REV001245,ACC0021,2023-09,14261181.41,10641115.61,1477169.8,EUR,Product
REV001246,ACC0021,2023-10,14712042.99,11653563.91,3887061.12,EUR,Service
REV001247,ACC0021,2023-11,18884451.53,15467415.2,4557274.37,EUR,Maintenance
REV001248,ACC0021,2023-12,15062458.01,10962684.76,1913081.7,EUR,Service
REV001249,ACC0021,2024-01,18548463.92,14864632.19,2131290.31,EUR,Maintenance
REV001250,ACC0021,2024-02,20714097.29,12290572.4,3316843.59,EUR,Service
REV001251,ACC0021,2024-03,17458570.56,12839200.09,4725620.26,EUR,Consulting
REV001252,ACC0021,2024-04,20616748.56,10772625.96,3939857.72,EUR,Maintenance
REV001253,ACC0021,2024-05,21402115.81,11780534.2,4976814.41,EUR,Service
REV001254,ACC0021,2024-06,19937859.77,14040503.22,3574199.65,EUR,Maintenance
REV001255,ACC0021,2024-07,17173813.06,12218965.57,4165605.9,EUR,Maintenance
REV001256,ACC0021,2024-08,16265282.71,9103676.92,4436026.1,EUR,Service
REV001257,ACC0021,2024-09,18883989.62,14454053.47,4071519.27,EUR,Maintenance
REV001258,ACC0021,2024-10,18216286.88,15711425.13,4175647.24,EUR,Consulting
REV001259,ACC0021,2024-11,18292010.64,14707775.72,1421211.76,EUR,Product
REV001260,ACC0021,2024-12,20694921.18,13963191.08,3673106.6,EUR,Service
REV001261,ACC0174,2022-01,5835933.13,3613670.61,1666336.51,EUR,Service
REV001262,ACC0174,2022-02,6445296.1,4517847.89,1306480.6,EUR,Service
REV001263,ACC0174,2022-03,5679354.42,3575602.89,1067241.66,EUR,Service
REV001264,ACC0174,2022-04,5982687.45,3770179.04,1158908.58,EUR,Service
REV001265,ACC0174,2022-05,6179744.1,3286015.68,861169.3,EUR,Product
REV001266,ACC0174,2022-06,5822240.67,3713688.09,1437062.34,EUR,Service
REV001267,ACC0174,2022-07,4979086.42,3741301.93,1398831.73,EUR,Maintenance
REV001268,ACC0174,2022-08,4388893.44,2997357.91,522754.63,EUR,Consulting
REV001269,ACC0174,2022-09,4851122.41,2550467.93,1014022.25,EUR,Consulting
REV001270,ACC0174,2022-10,4361877.59,3801018.05,685406.2,EUR,Service
REV001271,ACC0174,2022-11,5959769.08,3266669.43,1412751.19,EUR,Product
REV001272,ACC0174,2022-12,5468979.39,3297076.79,579738.81,EUR,Service
REV001273,ACC0174,2023-01,5992198.57,3848412.14,776429.47,EUR,Maintenance
REV001274,ACC0174,2023-02,6904280.09,5901006.95,1400494.1,EUR,Service
REV001275,ACC0174,2023-03,6414930.87,4744102.49,701765.93,EUR,Maintenance
REV001276,ACC0174,2023-04,7118265.8,6279487.39,980474.23,EUR,Service
REV001277,ACC0174,2023-05,6618853.23,3795741.47,1712744.5,EUR,Service
REV001278,ACC0174,2023-06,6365299.73,5114138.79,839075.43,EUR,Service
REV001279,ACC0174,2023-07,6034576.69,4560453.69,562048.33,EUR,Product
REV001280,ACC0174,2023-08,5885148.14,4217179.87,1390524.48,EUR,Service
REV001281,ACC0174,2023-09,5822872.12,4455239.03,534820.6,EUR,Service
REV001282,ACC0174,2023-10,5201624.81,3682542.33,590436.13,EUR,Maintenance
REV001283,ACC0174,2023-11,5992654.24,3114537.52,423699.63,EUR,Service
REV001284,ACC0174,2023-12,6646311.59,3344707.56,671246.36,EUR,Consulting
REV001285,ACC0174,2024-01,7379674.67,5323841.29,501798.45,EUR,Consulting
REV001286,ACC0174,2024-02,8320676.49,4965815.74,2068854.09,EUR,Service
REV001287,ACC0174,2024-03,7587649.12,5008592.4,1796130.88,EUR,Product
REV001288,ACC0174,2024-04,7764316.24,5176714.59,418831.51,EUR,Product
REV001289,ACC0174,2024-05,8147418.2,4576375.67,1207754.81,EUR,Service
REV001290,ACC0174,2024-06,6235487.1,5440824.12,1597368.75,EUR,Service
REV001291,ACC0174,2024-07,7243160.91,5651158.02,1259898.24,EUR,Product
REV001292,ACC0174,2024-08,6327754.51,5505599.03,1665094.85,EUR,Product
REV001293,ACC0174,2024-09,6733568.42,4911156.63,516945.36,EUR,Maintenance
REV001294,ACC0174,2024-10,6419654.26,4106072.92,1034282.51,EUR,Service
REV001295,ACC0174,2024-11,6136775.8,4744465.01,1538826.55,EUR,Service
REV001296,ACC0174,2024-12,9548115.59,8133004.39,2743296.71,EUR,Consulting
REV001297,ACC0101,2022-01,32777207.51,27530120.63,6957027.58,EUR,Maintenance
REV001298,ACC0101,2022-02,28322927.18,21792539.52,4630718.87,EUR,Consulting
REV001299,ACC0101,2022-03,32723435.33,23548079.12,2367056.34,EUR,Product
REV001300,ACC0101,2022-04,35737434.3,31340200.88,5099557.73,EUR,Service
REV001301,ACC0101,2022-05,35845741.79,25264057.29,4378300.73,EUR,Service
REV001302,ACC0101,2022-06,28957628.43,24118177.77,7465200.72,EUR,Maintenance
REV001303,ACC0101,2022-07,31693273.93,16888535.32,7774967.06,EUR,Service
REV001304,ACC0101,2022-08,28450669.92,19970918.55,4666513.23,EUR,Service
REV001305,ACC0101,2022-09,28964902.19,15276340.59,5594474,EUR,Maintenance
REV001306,ACC0101,2022-10,29495857.09,21874308.36,2693055.52,EUR,Product
REV001307,ACC0101,2022-11,38072519.14,20563885.2,10637965,EUR,Service
REV001308,ACC0101,2022-12,39291019.95,31589256.38,7046345.91,EUR,Service
REV001309,ACC0101,2023-01,45764664.75,35018454.92,7732726.5,EUR,Service
REV001310,ACC0101,2023-02,40755324.05,25581942.24,11186220.25,EUR,Service
REV001311,ACC0101,2023-03,47153092.11,30397613.29,5929411.5,EUR,Service
REV001312,ACC0101,2023-04,42538639.17,32136190,5380261.64,EUR,Consulting
REV001313,ACC0101,2023-05,40240415.23,27072292.71,6747820.87,EUR,Service
REV001314,ACC0101,2023-06,40801348.49,29600191.78,11738032.19,EUR,Maintenance
REV001315,ACC0101,2023-07,43176448.63,35923987.06,5026078.5,EUR,Service
REV001316,ACC0101,2023-08,41697535.51,36637272.17,9318706.93,EUR,Product
REV001317,ACC0101,2023-09,36663945.16,19982631.8,3762720.39,EUR,Service
REV001318,ACC0101,2023-10,30466275.56,23324860.69,2359535.61,EUR,Consulting
REV001319,ACC0101,2023-11,46598543.23,35292786.09,7716062.41,EUR,Consulting
REV001320,ACC0101,2023-12,49500968.04,29954632.45,10682461.39,EUR,Maintenance
REV001321,ACC0101,2024-01,47925286.33,36600794.27,10714109.8,EUR,Service
REV001322,ACC0101,2024-02,63067827.66,43347739.45,11044461.92,EUR,Service
REV001323,ACC0101,2024-03,70529961.6,38195145,9567544.4,EUR,Service
REV001324,ACC0101,2024-04,59989614.92,32279948.17,11007602.97,EUR,Consulting
REV001325,ACC0101,2024-05,53624252.94,34836300.09,5550065.61,EUR,Maintenance
REV001326,ACC0101,2024-06,61387501.99,43865217.36,17905785.73,EUR,Service
REV001327,ACC0101,2024-07,60101998.52,30475390.29,14653573.29,EUR,Maintenance
REV001328,ACC0101,2024-08,52961439.05,36776093.07,10563220.62,EUR,Maintenance
REV001329,ACC0101,2024-09,43606408.79,28119599.23,7648401.8,EUR,Maintenance
REV001330,ACC0101,2024-10,51604462.78,44337031.74,9429464.77,EUR,Consulting
REV001331,ACC0101,2024-11,59922640.22,45015561.28,4757225.33,EUR,Product
REV001332,ACC0101,2024-12,66338045.01,52700589.2,16370549.34,EUR,Service
REV001333,ACC0173,2022-01,18197620.69,11286768.6,3025418.22,EUR,Product
REV001334,ACC0173,2022-02,20125637.7,13641868.32,4610367.41,EUR,Product
REV001335,ACC0173,2022-03,13999433.67,12482301.21,3042920.29,EUR,Service
REV001336,ACC0173,2022-04,19619682.86,11736940.82,2407561.66,EUR,Service
REV001337,ACC0173,2022-05,15365521.66,12068968.42,2965183.17,EUR,Consulting
REV001338,ACC0173,2022-06,15766145.33,13803765.26,2257961.53,EUR,Maintenance
REV001339,ACC0173,2022-07,15444920.65,7951536.98,2554124.54,EUR,Product
REV001340,ACC0173,2022-08,14963917.96,7947834.12,2049812.13,EUR,Maintenance
REV001341,ACC0173,2022-09,13998093.59,10689243.76,837483.8,EUR,Product
REV001342,ACC0173,2022-10,14909534.95,10198192.99,3692262.93,EUR,Product
REV001343,ACC0173,2022-11,12931274.77,6638624.56,2401971.45,EUR,Maintenance
REV001344,ACC0173,2022-12,18114441.49,11331061.76,1348922.64,EUR,Consulting
REV001345,ACC0173,2023-01,20456935.01,11505764.07,4854743.24,EUR,Service
REV001346,ACC0173,2023-02,20321048.31,14628531.34,5036882.5,EUR,Service
REV001347,ACC0173,2023-03,19264373.41,13062552.25,4223019.95,EUR,Service
REV001348,ACC0173,2023-04,20701028.36,18629742.93,2939620.68,EUR,Maintenance
REV001349,ACC0173,2023-05,20847842.16,13393036.07,3790076.02,EUR,Service
REV001350,ACC0173,2023-06,16485875.53,9118927.39,3043007.73,EUR,Product
REV001351,ACC0173,2023-07,16931289.49,9043846.59,1750827.36,EUR,Maintenance
REV001352,ACC0173,2023-08,16847061.82,12548309.98,1155753.32,EUR,Product
REV001353,ACC0173,2023-09,13774693.66,10213114.49,3825148.3,EUR,Service
REV001354,ACC0173,2023-10,15036916.62,11214451.23,2376634.54,EUR,Consulting
REV001355,ACC0173,2023-11,17337100.04,15068603.46,2226292.71,EUR,Maintenance
REV001356,ACC0173,2023-12,18583997.06,15005652.28,5038302.48,EUR,Consulting
REV001357,ACC0173,2024-01,18684968.1,11345737.79,5433894.73,EUR,Product
REV001358,ACC0173,2024-02,22045762.59,16909634.03,4762948.95,EUR,Consulting
REV001359,ACC0173,2024-03,17337118.72,13339487.14,1856490.36,EUR,Service
REV001360,ACC0173,2024-04,19501169.26,14124461.62,1722770.55,EUR,Maintenance
REV001361,ACC0173,2024-05,18565527.5,13097357.05,5450418.5,EUR,Service
REV001362,ACC0173,2024-06,21776992.52,12955434.11,5060209.55,EUR,Maintenance
REV001363,ACC0173,2024-07,17532431.51,15400317.84,3977854.46,EUR,Maintenance
REV001364,ACC0173,2024-08,18287149.18,14729108.7,2698909.92,EUR,Consulting
REV001365,ACC0173,2024-09,18219425.54,9865354.18,4601533.96,EUR,Maintenance
REV001366,ACC0173,2024-10,19889134.81,11267170.97,2306414.14,EUR,Maintenance
REV001367,ACC0173,2024-11,17995359.88,11317435.37,1615383.61,EUR,Service
REV001368,ACC0173,2024-12,22276934.6,18175466.72,4157734.92,EUR,Maintenance
REV001369,ACC0143,2022-01,1707847.28,1081509.11,349552.05,EUR,Service
REV001370,ACC0143,2022-02,2116072.23,1440202.95,245520.42,EUR,Service
REV001371,ACC0143,2022-03,1841912,1199115.94,263532.26,EUR,Product
REV001372,ACC0143,2022-04,1634673.77,1000527.6,459561.69,EUR,Product
REV001373,ACC0143,2022-05,1897017.64,1022534.8,461196,EUR,Service
REV001374,ACC0143,2022-06,1740679.54,1108888.66,180085.99,EUR,Consulting
REV001375,ACC0143,2022-07,1241765.89,714055.24,362089.97,EUR,Maintenance
REV001376,ACC0143,2022-08,1388696.91,1152912.55,292830.44,EUR,Product
REV001377,ACC0143,2022-09,1353556.18,997902.26,218111.76,EUR,Consulting
REV001378,ACC0143,2022-10,1233605.81,666007.49,301799.91,EUR,Product
REV001379,ACC0143,2022-11,1421480.8,993134.67,99600.03,EUR,Service
REV001380,ACC0143,2022-12,1494960.76,792030.69,322117.64,EUR,Product
REV001381,ACC0143,2023-01,1591631.83,950480.55,185808.28,EUR,Product
REV001382,ACC0143,2023-02,1699175.82,964441.3,172916.13,EUR,Service
REV001383,ACC0143,2023-03,1689599.76,976990.83,299125.99,EUR,Consulting
REV001384,ACC0143,2023-04,1511081.73,1304328.06,93010.81,EUR,Service
REV001385,ACC0143,2023-05,1561245.74,1399740.85,336214.37,EUR,Service
REV001386,ACC0143,2023-06,1487283.7,1204985.12,214621.15,EUR,Maintenance
REV001387,ACC0143,2023-07,1341727.46,871144.21,229161.3,EUR,Maintenance
REV001388,ACC0143,2023-08,1160969.73,773686.94,336234.58,EUR,Service
REV001389,ACC0143,2023-09,1102938.55,569908.93,205587.79,EUR,Maintenance
REV001390,ACC0143,2023-10,1124720.4,697238.63,197108.34,EUR,Maintenance
REV001391,ACC0143,2023-11,1225388.84,721690.47,130561.57,EUR,Maintenance
REV001392,ACC0143,2023-12,1394560.67,1062287.81,347191.66,EUR,Product
REV001393,ACC0143,2024-01,1551065.42,1041943.54,193305.64,EUR,Service
REV001394,ACC0143,2024-02,1451967.56,1142944.75,321133.96,EUR,Product
REV001395,ACC0143,2024-03,1449711.68,1120181.06,212710.28,EUR,Consulting
REV001396,ACC0143,2024-04,1434426.15,1271048.52,329673.49,EUR,Maintenance
REV001397,ACC0143,2024-05,1180207.32,894678.78,126715.34,EUR,Product
REV001398,ACC0143,2024-06,1339537.48,1047608.09,266629.26,EUR,Maintenance
REV001399,ACC0143,2024-07,816138.43,448348.2,54916.18,EUR,Consulting
REV001400,ACC0143,2024-08,990454.27,652553.29,184429.81,EUR,Service
REV001401,ACC0143,2024-09,977560.43,670429.27,51511.24,EUR,Product
REV001402,ACC0143,2024-10,1055921.09,632117.81,210751.58,EUR,Service
REV001403,ACC0143,2024-11,1105182.03,728524.12,93539.07,EUR,Consulting
REV001404,ACC0143,2024-12,1214088.7,608718.47,113587.78,EUR,Service
REV001405,ACC0041,2022-01,16870020.66,13541439.06,3164828.29,EUR,Service
REV001406,ACC0041,2022-02,17799576.33,8974293.88,4738422.89,EUR,Consulting
REV001407,ACC0041,2022-03,20314653.64,12041754.84,4940029.16,EUR,Service
REV001408,ACC0041,2022-04,19731089.19,12217826.03,4352890.2,EUR,Service
REV001409,ACC0041,2022-05,20794386.35,11084929.18,3162065.23,EUR,Service
REV001410,ACC0041,2022-06,19075824.67,10182377.85,2439313.44,EUR,Consulting
REV001411,ACC0041,2022-07,16349251.47,10642589.61,1707156.79,EUR,Maintenance
REV001412,ACC0041,2022-08,16353419.86,9242458.23,1150820.67,EUR,Product
REV001413,ACC0041,2022-09,16782476.17,13814039.95,1210130.35,EUR,Consulting
REV001414,ACC0041,2022-10,17350479.03,10968411.04,3093708.5,EUR,Service
REV001415,ACC0041,2022-11,19510543.29,15269214.21,3737543.91,EUR,Product
REV001416,ACC0041,2022-12,21447785.08,18121858.72,3505617.91,EUR,Service
REV001417,ACC0041,2023-01,26282369.92,18323481.88,6945249.63,EUR,Maintenance
REV001418,ACC0041,2023-02,25401099.22,17783990.57,7033276.57,EUR,Consulting
REV001419,ACC0041,2023-03,27577810.15,17136462.69,2272201.09,EUR,Consulting
REV001420,ACC0041,2023-04,25896716.91,13914022.89,3833752.63,EUR,Service
REV001421,ACC0041,2023-05,25106608.11,14881781.77,5238446.15,EUR,Service
REV001422,ACC0041,2023-06,23484488.42,15360591.95,2694067.84,EUR,Maintenance
REV001423,ACC0041,2023-07,24045919.08,16385327.13,6208225.5,EUR,Service
REV001424,ACC0041,2023-08,23239956.84,12183696.23,3414959,EUR,Product
REV001425,ACC0041,2023-09,20592817.61,12970158.85,5941896.87,EUR,Maintenance
REV001426,ACC0041,2023-10,26063688.34,17775920.41,5440940.8,EUR,Maintenance
REV001427,ACC0041,2023-11,23601303.8,19756732.07,4950684.74,EUR,Service
REV001428,ACC0041,2023-12,27935473.17,15946094.12,5448423.79,EUR,Service
REV001429,ACC0041,2024-01,32356659.91,26904138.29,7484859.17,EUR,Service
REV001430,ACC0041,2024-02,33037659.12,29469911.12,9866241.49,EUR,Service
REV001431,ACC0041,2024-03,31103416.22,25249524.52,3904992.49,EUR,Product
REV001432,ACC0041,2024-04,33745027.73,20968763.01,9054178.06,EUR,Service
REV001433,ACC0041,2024-05,33495360.02,27492895.21,8739754.17,EUR,Service
REV001434,ACC0041,2024-06,34601732.3,29154668.84,9040788.31,EUR,Product
REV001435,ACC0041,2024-07,30239051.15,15742019.03,6005108.84,EUR,Maintenance
REV001436,ACC0041,2024-08,30975699.93,22670760.37,8439107.54,EUR,Maintenance
REV001437,ACC0041,2024-09,27876699.81,18549786.65,2211786.2,EUR,Product
REV001438,ACC0041,2024-10,22968663.78,15826846.9,2909402.87,EUR,Service
REV001439,ACC0041,2024-11,34255060.55,21100158.24,8077169.66,EUR,Service
REV001440,ACC0041,2024-12,33553350.99,27382874.43,2950184.12,EUR,Service
REV001441,ACC0186,2022-01,11112103.1,6871916.97,1494170.47,EUR,Consulting
REV001442,ACC0186,2022-02,10921029.57,7994062.64,2208382.54,EUR,Product
REV001443,ACC0186,2022-03,10501040.26,8128986.09,1912304.36,EUR,Service
REV001444,ACC0186,2022-04,10333410.1,6733068.57,2041191.45,EUR,Service
REV001445,ACC0186,2022-05,12393868.43,10768630.42,3575190.51,EUR,Maintenance
REV001446,ACC0186,2022-06,10352783.72,5723916.55,1578196.68,EUR,Service
REV001447,ACC0186,2022-07,10508970.31,5396440.39,2541935.31,EUR,Service
REV001448,ACC0186,2022-08,8929787.1,6594266.97,1492139.25,EUR,Maintenance
REV001449,ACC0186,2022-09,9954060.09,5793743.18,1903716.02,EUR,Maintenance
REV001450,ACC0186,2022-10,10366842.63,7125901.64,994536.9,EUR,Maintenance
REV001451,ACC0186,2022-11,11286940.62,9069279.29,1817308.19,EUR,Maintenance
REV001452,ACC0186,2022-12,13820907.05,11108080.73,4106039.42,EUR,Product
REV001453,ACC0186,2023-01,14203331.03,10248547.79,2199538.43,EUR,Product
REV001454,ACC0186,2023-02,14083854.52,12488637.05,3003938.48,EUR,Product
REV001455,ACC0186,2023-03,13111506.84,7613674.95,1415479.87,EUR,Maintenance
REV001456,ACC0186,2023-04,14249539.71,7940399.42,2909694.01,EUR,Consulting
REV001457,ACC0186,2023-05,13343357.89,8017923.24,1931735.34,EUR,Maintenance
REV001458,ACC0186,2023-06,13781207.44,11490872.57,3968756.15,EUR,Service
REV001459,ACC0186,2023-07,10258662.22,9170877.48,1176130.08,EUR,Product
REV001460,ACC0186,2023-08,12388717.66,7898004.91,1023663.46,EUR,Service
REV001461,ACC0186,2023-09,11015057.76,7876584.66,1629644.18,EUR,Maintenance
REV001462,ACC0186,2023-10,11581055.87,8133830.97,1280980.88,EUR,Maintenance
REV001463,ACC0186,2023-11,12595325.42,6542315.07,3103078.45,EUR,Consulting
REV001464,ACC0186,2023-12,13971046.57,11612890.37,1873278.96,EUR,Service
REV001465,ACC0186,2024-01,16887228.86,13711567.77,2282489.28,EUR,Product
REV001466,ACC0186,2024-02,18202724.14,14668983.39,3277774.31,EUR,Product
REV001467,ACC0186,2024-03,16481754.89,9340003.42,2266501.76,EUR,Service
REV001468,ACC0186,2024-04,18395631.09,11581767.76,5401079.31,EUR,Service
REV001469,ACC0186,2024-05,18135403.83,16273680.47,5307430.09,EUR,Service
REV001470,ACC0186,2024-06,15822421.44,13351844.24,4553679.35,EUR,Service
REV001471,ACC0186,2024-07,13182188.69,9952772.01,2131000.1,EUR,Service
REV001472,ACC0186,2024-08,13637320.94,10757700.88,3923986.94,EUR,Product
REV001473,ACC0186,2024-09,13366815.59,8015311.71,919505.75,EUR,Service
REV001474,ACC0186,2024-10,14591571.3,12950538.05,4025694.07,EUR,Service
REV001475,ACC0186,2024-11,14984868.32,13273345.01,4205142.32,EUR,Consulting
REV001476,ACC0186,2024-12,17096675.35,12240847.43,2872136.05,EUR,Service
REV001477,ACC0047,2022-01,38948331.4,33802252.84,7004804.7,EUR,Product
REV001478,ACC0047,2022-02,47181433.72,38715928.99,11861008.67,EUR,Service
REV001479,ACC0047,2022-03,46542121.57,38112478.63,4347978.31,EUR,Maintenance
REV001480,ACC0047,2022-04,42024954.05,27607063.7,5257500.98,EUR,Service
REV001481,ACC0047,2022-05,46573374.65,27654427.49,11180424.24,EUR,Service
REV001482,ACC0047,2022-06,39016902.18,19811005.9,2717340.85,EUR,Product
REV001483,ACC0047,2022-07,39878799.68,28346984.13,5106674.29,EUR,Maintenance
REV001484,ACC0047,2022-08,38361919.39,29632367.17,8925116.6,EUR,Maintenance
REV001485,ACC0047,2022-09,37952320.42,19031213.11,8759001.8,EUR,Service
REV001486,ACC0047,2022-10,36473504.95,19211663.58,4335120.25,EUR,Service
REV001487,ACC0047,2022-11,49187640.62,27298925.65,13094836.49,EUR,Product
REV001488,ACC0047,2022-12,47207383.29,31441107.16,12680447.8,EUR,Service
REV001489,ACC0047,2023-01,46812398.77,37257453.53,11468089.04,EUR,Service
REV001490,ACC0047,2023-02,46852500.68,31809408.7,5572811.36,EUR,Maintenance
REV001491,ACC0047,2023-03,57087598.19,33791560.44,13148852.17,EUR,Product
REV001492,ACC0047,2023-04,45950487.21,28348779.03,8533613.35,EUR,Consulting
REV001493,ACC0047,2023-05,49403112.47,28429303.8,2635616.85,EUR,Consulting
REV001494,ACC0047,2023-06,43324871.76,37295554.95,9626726.75,EUR,Product
REV001495,ACC0047,2023-07,44392645.88,31694728.11,9369779.66,EUR,Service
REV001496,ACC0047,2023-08,44239871.99,28058218.33,13026687.42,EUR,Product
REV001497,ACC0047,2023-09,35321877.39,19562416.59,6052638.23,EUR,Product
REV001498,ACC0047,2023-10,41465681.74,32404514.94,8510424.8,EUR,Service
REV001499,ACC0047,2023-11,43329329.6,23322510.51,2646174.27,EUR,Product
REV001500,ACC0047,2023-12,45390684.26,38074129.28,7754854.42,EUR,Product
REV001501,ACC0047,2024-01,57177234.06,42709682.35,7867552.49,EUR,Service
REV001502,ACC0047,2024-02,66651984.63,37451414.49,15393652.17,EUR,Service
REV001503,ACC0047,2024-03,62231350.44,37046943.58,14080340.42,EUR,Consulting
REV001504,ACC0047,2024-04,58678880.34,35645131.4,12431784.1,EUR,Product
REV001505,ACC0047,2024-05,56828012.38,39248089.93,7678399.97,EUR,Product
REV001506,ACC0047,2024-06,56519821.99,50069022.88,11750934.62,EUR,Service
REV001507,ACC0047,2024-07,47716082.44,30017499.06,3875654.7,EUR,Service
REV001508,ACC0047,2024-08,48399897,32788640.83,5837298.77,EUR,Product
REV001509,ACC0047,2024-09,51394146.7,26095835.71,12688676.05,EUR,Service
REV001510,ACC0047,2024-10,51014562.2,43040198.33,15239567.7,EUR,Consulting
REV001511,ACC0047,2024-11,50138838.4,43415025.54,6255155.07,EUR,Maintenance
REV001512,ACC0047,2024-12,58936269.8,33203546.84,4866456.91,EUR,Service
REV001513,ACC0090,2022-01,30304863.29,21763905.48,6766323.08,EUR,Product
REV001514,ACC0090,2022-02,31522661.92,27964967.86,8786419.81,EUR,Maintenance
REV001515,ACC0090,2022-03,30641364.02,18208746.23,8610255.99,EUR,Service
REV001516,ACC0090,2022-04,37136933.19,31668423.25,4251092.38,EUR,Product
REV001517,ACC0090,2022-05,31839563,19813334.75,6604039.39,EUR,Service
REV001518,ACC0090,2022-06,30985169.04,21923767.44,2825777.06,EUR,Consulting
REV001519,ACC0090,2022-07,35667041.25,23203432.64,6032660.29,EUR,Service
REV001520,ACC0090,2022-08,26163899.9,16298908.04,7157966.37,EUR,Consulting
REV001521,ACC0090,2022-09,30889133.33,23445957.35,7991928.71,EUR,Service
REV001522,ACC0090,2022-10,26219181.62,15483941.34,7394437.06,EUR,Service
REV001523,ACC0090,2022-11,30219325.88,22854361.38,2458047.95,EUR,Service
REV001524,ACC0090,2022-12,39795200.22,29870026.03,9162794.98,EUR,Service
REV001525,ACC0090,2023-01,32284585.58,16264764.58,2145435.97,EUR,Maintenance
REV001526,ACC0090,2023-02,36857369.93,20307597,9942101.66,EUR,Service
REV001527,ACC0090,2023-03,42115986.68,32758198.98,12308454.94,EUR,Maintenance
REV001528,ACC0090,2023-04,43247291.66,24284041.39,2519727.34,EUR,Service
REV001529,ACC0090,2023-05,41619246.63,30791506.09,2632951.55,EUR,Maintenance
REV001530,ACC0090,2023-06,37005741.49,30791503.56,10866203.13,EUR,Consulting
REV001531,ACC0090,2023-07,32880847.17,25367835.47,2863169.49,EUR,Product
REV001532,ACC0090,2023-08,34566269.29,23644915.8,8810875.17,EUR,Service
REV001533,ACC0090,2023-09,32480886.96,28082229.98,3724133.95,EUR,Consulting
REV001534,ACC0090,2023-10,32399422.26,26411484.27,8738140.46,EUR,Service
REV001535,ACC0090,2023-11,39987847.82,28338641.69,3257747.2,EUR,Service
REV001536,ACC0090,2023-12,41545462.67,30923441.72,12308387.61,EUR,Product
REV001537,ACC0090,2024-01,53035396.63,43512941.11,4820704.16,EUR,Service
REV001538,ACC0090,2024-02,41677224.71,36889798.28,8829119.2,EUR,Service
REV001539,ACC0090,2024-03,42094062.5,28072636.37,6476576.7,EUR,Maintenance
REV001540,ACC0090,2024-04,48837228.02,26028679.28,6750668.57,EUR,Consulting
REV001541,ACC0090,2024-05,39141853.21,19882168.32,3608983.83,EUR,Service
REV001542,ACC0090,2024-06,47557836.97,32624168.36,11644208.54,EUR,Service
REV001543,ACC0090,2024-07,37241178.49,18778458.67,8562705.04,EUR,Product
REV001544,ACC0090,2024-08,34352833.08,26838783.03,7181072.92,EUR,Service
REV001545,ACC0090,2024-09,36046974.75,30170263.41,5466336.58,EUR,Consulting
REV001546,ACC0090,2024-10,37254113.46,25356790.29,6416001.36,EUR,Maintenance
REV001547,ACC0090,2024-11,39542165.42,30932489.96,5121688,EUR,Maintenance
REV001548,ACC0090,2024-12,53450430.96,30488897.84,5994256.06,EUR,Service
REV001549,ACC0003,2022-01,33111193.4,18457612.98,7494134.72,EUR,Product
REV001550,ACC0003,2022-02,27258553.02,22476582.78,3186793.79,EUR,Service
REV001551,ACC0003,2022-03,36848035.93,27591408.52,4659222.46,EUR,Product
REV001552,ACC0003,2022-04,30620608.73,18705230.93,8066016.77,EUR,Maintenance
REV001553,ACC0003,2022-05,30935892.68,23781891.21,8237659.19,EUR,Maintenance
REV001554,ACC0003,2022-06,29953559.54,20593789.51,6693970.68,EUR,Service
REV001555,ACC0003,2022-07,27191673.47,15750809.67,6983062.94,EUR,Maintenance
REV001556,ACC0003,2022-08,28312507.87,14379286.52,4823049.11,EUR,Product
REV001557,ACC0003,2022-09,27570474.19,16526316.92,7569102.94,EUR,Maintenance
REV001558,ACC0003,2022-10,33700203.56,22553532.22,2539907.37,EUR,Product
REV001559,ACC0003,2022-11,31760758.52,19604268.02,5364813.83,EUR,Product
REV001560,ACC0003,2022-12,30164804.13,17385514.07,7683969.59,EUR,Product
REV001561,ACC0003,2023-01,32472500.74,19376049.17,4439321.64,EUR,Service
REV001562,ACC0003,2023-02,38052781.15,22809417.14,3159037.33,EUR,Product
REV001563,ACC0003,2023-03,38660481.98,19768454.74,8782712.15,EUR,Service
REV001564,ACC0003,2023-04,35600940.55,24901523.53,8935585.24,EUR,Consulting
REV001565,ACC0003,2023-05,39256169.5,23817081.5,11753953.86,EUR,Product
REV001566,ACC0003,2023-06,37574623.17,31079017.8,8220422.56,EUR,Consulting
REV001567,ACC0003,2023-07,36380098.99,23912933.95,2466629.11,EUR,Service
REV001568,ACC0003,2023-08,32809070.35,27636404.5,2719838.34,EUR,Product
REV001569,ACC0003,2023-09,33567978.09,27536274.13,1977097.88,EUR,Service
REV001570,ACC0003,2023-10,27654434.77,23168669.84,7067751.32,EUR,Maintenance
REV001571,ACC0003,2023-11,32815484.77,28036579.28,9052304.56,EUR,Service
REV001572,ACC0003,2023-12,36014653.02,22474013.3,10453235.04,EUR,Consulting
REV001573,ACC0003,2024-01,34233295.5,30455398,6987618.07,EUR,Consulting
REV001574,ACC0003,2024-02,45659629.58,38506071.64,5867935.45,EUR,Service
REV001575,ACC0003,2024-03,46219216.6,25351729.9,13077961.97,EUR,Service
REV001576,ACC0003,2024-04,43560232.14,32788720.91,3609628.73,EUR,Product
REV001577,ACC0003,2024-05,49027089.63,29338425.56,12745763.11,EUR,Service
REV001578,ACC0003,2024-06,38299587.71,32203429.04,8343096.07,EUR,Consulting
REV001579,ACC0003,2024-07,34277448.04,26148662.67,9355834.97,EUR,Maintenance
REV001580,ACC0003,2024-08,34124557.48,28992234.97,1712846.93,EUR,Service
REV001581,ACC0003,2024-09,34963004.12,18504625.17,2111202.05,EUR,Product
REV001582,ACC0003,2024-10,33260917.72,21758125.6,8387369.76,EUR,Maintenance
REV001583,ACC0003,2024-11,40721533.7,27202422.84,6570343.95,EUR,Consulting
REV001584,ACC0003,2024-12,38899468.23,30228471.62,6053323.33,EUR,Consulting
REV001585,ACC0028,2022-01,4137580.54,3302058.89,820131.22,EUR,Product
REV001586,ACC0028,2022-02,4170445.37,3343546.65,972479.22,EUR,Maintenance
REV001587,ACC0028,2022-03,4180596.64,3315513.38,836010.34,EUR,Service
REV001588,ACC0028,2022-04,3646700.97,1966539.22,723776.06,EUR,Product
REV001589,ACC0028,2022-05,3838048.01,3146045.94,1051463.2,EUR,Maintenance
REV001590,ACC0028,2022-06,3472396.78,2462627.58,527484.66,EUR,Service
REV001591,ACC0028,2022-07,3531327.71,2765342.53,824440.63,EUR,Product
REV001592,ACC0028,2022-08,3328238.32,2223881.03,662223.34,EUR,Consulting
REV001593,ACC0028,2022-09,2970146.17,2230829.87,639203.94,EUR,Service
REV001594,ACC0028,2022-10,3740495.09,2672662.78,336936.46,EUR,Service
REV001595,ACC0028,2022-11,3520115.02,2497881.23,186593.84,EUR,Consulting
REV001596,ACC0028,2022-12,3826953.76,1916198,802051.57,EUR,Service
REV001597,ACC0028,2023-01,4008492.24,3083700.32,1146067.63,EUR,Product
REV001598,ACC0028,2023-02,4591928.33,2683115.77,711720.15,EUR,Product
REV001599,ACC0028,2023-03,4784094.89,3379034.98,1108895.48,EUR,Maintenance
REV001600,ACC0028,2023-04,4994551.23,2596601,749610.08,EUR,Service
REV001601,ACC0028,2023-05,4453377.77,3801951.81,1069072.36,EUR,Service
REV001602,ACC0028,2023-06,4428446.24,3350639.01,605235.14,EUR,Product
REV001603,ACC0028,2023-07,3822021.02,2749752.58,584440.62,EUR,Consulting
REV001604,ACC0028,2023-08,3630845.27,2634975.07,1038257.75,EUR,Service
REV001605,ACC0028,2023-09,3934236.12,2777731.47,607698.16,EUR,Service
REV001606,ACC0028,2023-10,3911315.39,2724502.55,294303.26,EUR,Service
REV001607,ACC0028,2023-11,3790168.58,2432262.49,232558.88,EUR,Maintenance
REV001608,ACC0028,2023-12,4556840.1,2656142.4,573786.15,EUR,Consulting
REV001609,ACC0028,2024-01,4073741.29,2182555.5,253401.5,EUR,Service
REV001610,ACC0028,2024-02,4545317.43,2539104.57,1045149.34,EUR,Product
REV001611,ACC0028,2024-03,5393735,3838734.1,1565969.62,EUR,Service
REV001612,ACC0028,2024-04,5163624.74,4173304.24,1166341.3,EUR,Service
REV001613,ACC0028,2024-05,4674531.16,2789674.56,1024899,EUR,Product
REV001614,ACC0028,2024-06,4176320.85,2269020.8,1026085.22,EUR,Maintenance
REV001615,ACC0028,2024-07,4360157.99,2367969,526675.81,EUR,Service
REV001616,ACC0028,2024-08,4498258.6,2507468.46,972508.16,EUR,Product
REV001617,ACC0028,2024-09,4601412.91,2990823.63,1171133.8,EUR,Service
REV001618,ACC0028,2024-10,4331469.48,2758455.65,855307.11,EUR,Product
REV001619,ACC0028,2024-11,4547247.84,4080750.9,1045777.42,EUR,Maintenance
REV001620,ACC0028,2024-12,4517397.98,2635957.47,1182017.71,EUR,Service
REV001621,ACC0137,2022-01,21671653.42,15347244.22,3675026.81,EUR,Service
REV001622,ACC0137,2022-02,25313220.67,14703922.21,6287515.31,EUR,Product
REV001623,ACC0137,2022-03,25619658.22,18201761.97,6228439.96,EUR,Product
REV001624,ACC0137,2022-04,25361658.85,14947163.8,2265991.2,EUR,Service
REV001625,ACC0137,2022-05,23700005.87,20731233.21,7026552.91,EUR,Service
REV001626,ACC0137,2022-06,23483488.75,15853073,4509645.1,EUR,Consulting
REV001627,ACC0137,2022-07,20355852.56,13538893.94,6057747.16,EUR,Service
REV001628,ACC0137,2022-08,18077850.18,12629408.58,1783612.31,EUR,Product
REV001629,ACC0137,2022-09,20385436.15,15131175.11,2943616.77,EUR,Product
REV001630,ACC0137,2022-10,21333096.03,16058158.48,1363647.73,EUR,Product
REV001631,ACC0137,2022-11,23634113.8,14178688.18,1947683.05,EUR,Consulting
REV001632,ACC0137,2022-12,22678714.04,18084533.33,3694407.37,EUR,Maintenance
REV001633,ACC0137,2023-01,26885552.93,23696430.41,2584052.5,EUR,Product
REV001634,ACC0137,2023-02,24625743.07,12741161.43,2846702.15,EUR,Consulting
REV001635,ACC0137,2023-03,29206393.83,24543191.3,2672397.98,EUR,Consulting
REV001636,ACC0137,2023-04,27126322.37,14316727.53,4086220.62,EUR,Product
REV001637,ACC0137,2023-05,25549727,18316752.24,2010498.28,EUR,Product
REV001638,ACC0137,2023-06,22182899,16001192.85,5386696.19,EUR,Service
REV001639,ACC0137,2023-07,21510329.51,16039920.24,4214428.61,EUR,Service
REV001640,ACC0137,2023-08,21572216.43,11998769.37,3186799.14,EUR,Service
REV001641,ACC0137,2023-09,21645253.2,15598914.18,5476346.94,EUR,Consulting
REV001642,ACC0137,2023-10,21319849.63,11894323.84,5325936.85,EUR,Product
REV001643,ACC0137,2023-11,24204638.6,17478860.78,2729448.82,EUR,Service
REV001644,ACC0137,2023-12,22717929.75,13579109.71,3756917.79,EUR,Service
REV001645,ACC0137,2024-01,29540035.36,18317225.48,1783866.42,EUR,Consulting
REV001646,ACC0137,2024-02,31418181.52,27188035.01,1818847,EUR,Product
REV001647,ACC0137,2024-03,25597178.86,19751192.33,5319723.77,EUR,Maintenance
REV001648,ACC0137,2024-04,33030211.21,24498940.74,3703812.93,EUR,Service
REV001649,ACC0137,2024-05,26269132.6,13201827.02,1873447.36,EUR,Product
REV001650,ACC0137,2024-06,29784333.98,25297115.94,5717556.43,EUR,Maintenance
REV001651,ACC0137,2024-07,23149707.49,19268143,5871823.24,EUR,Maintenance
REV001652,ACC0137,2024-08,21056751.89,17662394.28,3044622.52,EUR,Maintenance
REV001653,ACC0137,2024-09,20972945,15513666.2,5706690.39,EUR,Maintenance
REV001654,ACC0137,2024-10,21655613.46,17558914.14,2649921.79,EUR,Consulting
REV001655,ACC0137,2024-11,26747847.51,15732489.57,1862265.16,EUR,Product
REV001656,ACC0137,2024-12,27714605.88,15086327.46,7329580.25,EUR,Consulting
REV001657,ACC0159,2022-01,29097702.43,18180831.89,8356695.25,EUR,Service
REV001658,ACC0159,2022-02,38139557.53,21458419.19,7972892.25,EUR,Service
REV001659,ACC0159,2022-03,37985570.56,27915540.78,1920421.79,EUR,Service
REV001660,ACC0159,2022-04,38328383.04,19185096.81,9053548.84,EUR,Maintenance
REV001661,ACC0159,2022-05,35208422.33,28964872.74,9706389.36,EUR,Service
REV001662,ACC0159,2022-06,31372242.25,21443194.87,3236675.27,EUR,Product
REV001663,ACC0159,2022-07,35198761.48,19071624.75,8881740.6,EUR,Service
REV001664,ACC0159,2022-08,31119686.49,21457661.87,8918637.13,EUR,Product
REV001665,ACC0159,2022-09,28367725.99,17907095.89,8345194.13,EUR,Service
REV001666,ACC0159,2022-10,31281655.72,18990831.07,3304000.65,EUR,Consulting
REV001667,ACC0159,2022-11,30293699.25,26505279.47,3525615.88,EUR,Service
REV001668,ACC0159,2022-12,30702338.81,21801888.15,1563593.06,EUR,Consulting
REV001669,ACC0159,2023-01,36398597.37,21794493.17,2789430.37,EUR,Product
REV001670,ACC0159,2023-02,42505760.71,26165365.37,4099915.76,EUR,Service
REV001671,ACC0159,2023-03,31182662.16,27608777.18,2111131.5,EUR,Maintenance
REV001672,ACC0159,2023-04,46364134.57,37259656.57,7544838.85,EUR,Product
REV001673,ACC0159,2023-05,43060383.04,22656093.58,9106235.09,EUR,Product
REV001674,ACC0159,2023-06,32697178.36,19506298.07,7237889.08,EUR,Product
REV001675,ACC0159,2023-07,38719256.82,19774113.79,7103196.91,EUR,Service
REV001676,ACC0159,2023-08,35102742.24,18879955.06,4581953.6,EUR,Service
REV001677,ACC0159,2023-09,38966761.67,25538775.37,4759988.86,EUR,Product
REV001678,ACC0159,2023-10,30981276.09,20447712.97,6191972.86,EUR,Consulting
REV001679,ACC0159,2023-11,43954313.32,28633088.43,9181810.09,EUR,Service
REV001680,ACC0159,2023-12,42298702.02,25418569.63,2848144.83,EUR,Product
REV001681,ACC0159,2024-01,49044014.11,37266219.92,7421432.3,EUR,Product
REV001682,ACC0159,2024-02,62387649.89,42573205.08,10427086.74,EUR,Maintenance
REV001683,ACC0159,2024-03,54053824.31,36638023.38,15536206.67,EUR,Maintenance
REV001684,ACC0159,2024-04,55676667.51,40624413.88,7097972.21,EUR,Product
REV001685,ACC0159,2024-05,57856016.08,33602517.7,17215497.55,EUR,Product
REV001686,ACC0159,2024-06,48341384.92,41282907.49,7763019.1,EUR,Service
REV001687,ACC0159,2024-07,47008008.71,37773560.98,12129798.29,EUR,Consulting
REV001688,ACC0159,2024-08,45180422.46,39251190.31,5286668.82,EUR,Product
REV001689,ACC0159,2024-09,45846200.2,40249537.72,11577927.31,EUR,Service
REV001690,ACC0159,2024-10,43536068.68,25728939.25,4715974.07,EUR,Maintenance
REV001691,ACC0159,2024-11,48409966.82,30073008.63,9254105.32,EUR,Service
REV001692,ACC0159,2024-12,54706417.57,47925517.43,5864689.21,EUR,Consulting
REV001693,ACC0091,2022-01,30260694.83,23357698.02,7705458.64,EUR,Maintenance
REV001694,ACC0091,2022-02,30657437.52,26076407.98,7335798.1,EUR,Service
REV001695,ACC0091,2022-03,40170729.02,31248517.43,7890199.88,EUR,Product
REV001696,ACC0091,2022-04,29605796.55,17342392.8,4336633.59,EUR,Product
REV001697,ACC0091,2022-05,28314174.17,22534675.76,4796580.57,EUR,Maintenance
REV001698,ACC0091,2022-06,32368177.16,18986601.93,6214083.21,EUR,Service
REV001699,ACC0091,2022-07,37080690.17,24882209.85,10318060.05,EUR,Product
REV001700,ACC0091,2022-08,24411925.77,21278356.84,2417245.23,EUR,Maintenance
REV001701,ACC0091,2022-09,27696519.74,20054025.16,3801319.52,EUR,Service
REV001702,ACC0091,2022-10,32272670.66,19281001.51,6629888.73,EUR,Consulting
REV001703,ACC0091,2022-11,25519667.05,19485317.97,3751520.5,EUR,Service
REV001704,ACC0091,2022-12,36790622.93,32979599.4,10659704.86,EUR,Product
REV001705,ACC0091,2023-01,38608631.92,22404715.78,3130850.86,EUR,Maintenance
REV001706,ACC0091,2023-02,40970646.5,35844818.55,6457189.92,EUR,Service
REV001707,ACC0091,2023-03,37792893.45,27350188.66,2846448.74,EUR,Consulting
REV001708,ACC0091,2023-04,40572694.25,22319775.81,10963110.39,EUR,Product
REV001709,ACC0091,2023-05,34455322.34,19105441.62,1933784.43,EUR,Maintenance
REV001710,ACC0091,2023-06,31826536.37,27809553.61,4543193.76,EUR,Product
REV001711,ACC0091,2023-07,30892126.43,19181040.63,3155830.89,EUR,Service
REV001712,ACC0091,2023-08,30167945.86,16310291.78,3740603.84,EUR,Consulting
REV001713,ACC0091,2023-09,28143616.41,21342859.98,3944463.08,EUR,Product
REV001714,ACC0091,2023-10,34058540.35,20262611.33,7334608.79,EUR,Service
REV001715,ACC0091,2023-11,31332285.55,26192888.08,2342529.18,EUR,Service
REV001716,ACC0091,2023-12,31216151.03,22890069.54,2738557.28,EUR,Service
REV001717,ACC0091,2024-01,45025785.96,33397187.75,11844535.1,EUR,Product
REV001718,ACC0091,2024-02,50214814.72,32929472.35,3183568.54,EUR,Product
REV001719,ACC0091,2024-03,44894988.34,23887803.67,13001813.26,EUR,Maintenance
REV001720,ACC0091,2024-04,40456625.87,21574129.97,5327156.03,EUR,Product
REV001721,ACC0091,2024-05,36776214.53,19423919.55,7221191.97,EUR,Product
REV001722,ACC0091,2024-06,38902710.51,31453869.37,8008965.26,EUR,Service
REV001723,ACC0091,2024-07,38631322.02,21468431.12,2778751.26,EUR,Product
REV001724,ACC0091,2024-08,38893463.27,27412016.29,8314922.32,EUR,Product
REV001725,ACC0091,2024-09,35349466.77,29745790.59,7653242.79,EUR,Service
REV001726,ACC0091,2024-10,34345397.61,26520131.43,9875261.75,EUR,Consulting
REV001727,ACC0091,2024-11,37278460.05,30865350.9,9810734.47,EUR,Service
REV001728,ACC0091,2024-12,43639272.5,23103963.93,5058839.73,EUR,Product
REV001729,ACC0183,2022-01,32558231.6,25086365.3,9311129.41,EUR,Service
REV001730,ACC0183,2022-02,26510983.91,17631839.73,7297444.56,EUR,Service
REV001731,ACC0183,2022-03,26555523.32,16645107.59,4109407.04,EUR,Service
REV001732,ACC0183,2022-04,28645898.34,25681792.27,5349265.89,EUR,Consulting
REV001733,ACC0183,2022-05,26923508.74,13687817.73,2782025.57,EUR,Product
REV001734,ACC0183,2022-06,23920725.98,14710547.87,4070663.23,EUR,Product
REV001735,ACC0183,2022-07,20341454.53,15294276.77,5974018.21,EUR,Product
REV001736,ACC0183,2022-08,21578987.28,13049231.72,1706727.8,EUR,Service
REV001737,ACC0183,2022-09,19993116.12,14855290.72,3116729.69,EUR,Product
REV001738,ACC0183,2022-10,21898126.56,11528204,5735210.76,EUR,Service
REV001739,ACC0183,2022-11,19820523.1,10028792.52,2199177.27,EUR,Product
REV001740,ACC0183,2022-12,21844105.1,15916184.42,2337952.58,EUR,Product
REV001741,ACC0183,2023-01,23486020.61,14968011.13,5803360.26,EUR,Service
REV001742,ACC0183,2023-02,26835453.82,17736289.18,4389032.19,EUR,Product
REV001743,ACC0183,2023-03,22988208.64,14993225.12,4612026.36,EUR,Service
REV001744,ACC0183,2023-04,23873375.18,17357571.6,6240856.06,EUR,Product
REV001745,ACC0183,2023-05,26146309.05,15023669.96,2516641.67,EUR,Service
REV001746,ACC0183,2023-06,20899993.01,16166513.58,2499749.5,EUR,Consulting
REV001747,ACC0183,2023-07,17833241.51,14633492.99,4221987.9,EUR,Service
REV001748,ACC0183,2023-08,17144682.41,12051310.15,4595238.58,EUR,Consulting
REV001749,ACC0183,2023-09,15399294.61,8157841.07,3784968.27,EUR,Product
REV001750,ACC0183,2023-10,18232545.21,13528547.09,3280660.46,EUR,Service
REV001751,ACC0183,2023-11,18392102.34,12872133.24,1311232.28,EUR,Service
REV001752,ACC0183,2023-12,18683358.7,14273533.54,4176907.34,EUR,Maintenance
REV001753,ACC0183,2024-01,18378279.14,15877703.18,4128682.4,EUR,Product
REV001754,ACC0183,2024-02,19328565.53,14378518.6,1796254.02,EUR,Service
REV001755,ACC0183,2024-03,21591128.16,11641668.13,1899717.31,EUR,Maintenance
REV001756,ACC0183,2024-04,20558547.15,12214906.54,1892922.31,EUR,Service
REV001757,ACC0183,2024-05,21016013.38,17958809.46,6129455.61,EUR,Service
REV001758,ACC0183,2024-06,18684788.93,11763949.72,2321382.85,EUR,Service
REV001759,ACC0183,2024-07,16444112.67,8266215.23,3381274.47,EUR,Service
REV001760,ACC0183,2024-08,14026895.68,9761069.11,3399985.84,EUR,Maintenance
REV001761,ACC0183,2024-09,13609322.33,12086010.95,3390951.4,EUR,Product
REV001762,ACC0183,2024-10,16376186.17,13773780.42,2111902.21,EUR,Service
REV001763,ACC0183,2024-11,12556733.59,9112798.44,2647897.26,EUR,Product
REV001764,ACC0183,2024-12,16389940.2,8754446.65,1083336.54,EUR,Maintenance
REV001765,ACC0199,2022-01,41924460.9,37114472.97,6876131.52,EUR,Product
REV001766,ACC0199,2022-02,46654697.14,29955046.9,13504689.24,EUR,Service
REV001767,ACC0199,2022-03,51249996.78,34462315.61,3887441.33,EUR,Service
REV001768,ACC0199,2022-04,46327216.85,26135364.51,4725309.9,EUR,Maintenance
REV001769,ACC0199,2022-05,49840301.99,35746271.25,6996254.48,EUR,Consulting
REV001770,ACC0199,2022-06,60019953.57,46801767.38,11674428.68,EUR,Product
REV001771,ACC0199,2022-07,50353774.5,30267576,10542743.78,EUR,Product
REV001772,ACC0199,2022-08,37920452.11,31679662.89,3519810.08,EUR,Product
REV001773,ACC0199,2022-09,50166310.94,42901748.3,11073610.02,EUR,Service
REV001774,ACC0199,2022-10,51910054.25,35119783.64,11890894.69,EUR,Consulting
REV001775,ACC0199,2022-11,59194607.86,47651581.06,7260337.38,EUR,Service
REV001776,ACC0199,2022-12,65840602.47,33093685.81,13450950.78,EUR,Maintenance
REV001777,ACC0199,2023-01,76838687.63,55336554.56,6487619.93,EUR,Service
REV001778,ACC0199,2023-02,78648911.73,60776053.52,7081661.42,EUR,Service
REV001779,ACC0199,2023-03,79815040.52,53631938.87,21710157.35,EUR,Service
REV001780,ACC0199,2023-04,81922851.92,64927757.29,10798206.87,EUR,Service
REV001781,ACC0199,2023-05,86221362.35,66715718.42,4731056.36,EUR,Consulting
REV001782,ACC0199,2023-06,81265710.37,44365338.89,10230836.53,EUR,Service
REV001783,ACC0199,2023-07,75893560.95,45716241.95,6240309.17,EUR,Service
REV001784,ACC0199,2023-08,79500271.39,40159241.04,12289580.95,EUR,Consulting
REV001785,ACC0199,2023-09,84634475.17,46875324.55,9323061.1,EUR,Product
REV001786,ACC0199,2023-10,81024129.37,40603478.19,22371057.92,EUR,Maintenance
REV001787,ACC0199,2023-11,80942732.16,62578537.35,21796973.74,EUR,Service
REV001788,ACC0199,2023-12,103723426.88,85338598.13,20078668.06,EUR,Consulting
REV001789,ACC0199,2024-01,122075049.29,98515544.64,10423555.58,EUR,Consulting
REV001790,ACC0199,2024-02,136254738.86,115609426.42,30979702.37,EUR,Product
REV001791,ACC0199,2024-03,132837125.86,88842897.59,36525294.84,EUR,Service
REV001792,ACC0199,2024-04,122685311.34,97013815.66,15505851.22,EUR,Product
REV001793,ACC0199,2024-05,140267534.21,118280769.68,15928751.45,EUR,Product
REV001794,ACC0199,2024-06,126628702.8,83044864.94,20130611.4,EUR,Product
REV001795,ACC0199,2024-07,145503204.13,99774909.37,8389264.99,EUR,Service
REV001796,ACC0199,2024-08,115508645.33,83273372.08,8658885.5,EUR,Maintenance
REV001797,ACC0199,2024-09,136501698.88,73437023.63,20721530.84,EUR,Product
REV001798,ACC0199,2024-10,147239965.52,83629732.4,7494254.19,EUR,Product
REV001799,ACC0199,2024-11,135244727.6,72809953.33,18889116.78,EUR,Service
REV001800,ACC0199,2024-12,177519701.41,145996011.94,36181792.71,EUR,Consulting
REV001801,ACC0077,2022-01,7160982.98,5673812.64,1741616.11,EUR,Product
REV001802,ACC0077,2022-02,7955525.96,5163065.9,1786275.91,EUR,Maintenance
REV001803,ACC0077,2022-03,6819542,3773004.69,1693263.85,EUR,Service
REV001804,ACC0077,2022-04,8226317.89,5917184.3,2435208.28,EUR,Service
REV001805,ACC0077,2022-05,7416200.66,5594666.15,806533.42,EUR,Consulting
REV001806,ACC0077,2022-06,6660536.52,5597070.75,842661.95,EUR,Consulting
REV001807,ACC0077,2022-07,5023504.86,2862105.31,678000.31,EUR,Consulting
REV001808,ACC0077,2022-08,6069002.81,4907610.02,435359.34,EUR,Consulting
REV001809,ACC0077,2022-09,6237108.51,5055284.96,1585896.09,EUR,Service
REV001810,ACC0077,2022-10,5627720.1,3856129.22,1272039.67,EUR,Service
REV001811,ACC0077,2022-11,5500490.67,3140050.35,330547.64,EUR,Product
REV001812,ACC0077,2022-12,6301764.05,3197971.36,689979.89,EUR,Product
REV001813,ACC0077,2023-01,7753431.99,6865946.07,1942896.96,EUR,Service
REV001814,ACC0077,2023-02,7947958.35,6387717.88,1333047.17,EUR,Maintenance
REV001815,ACC0077,2023-03,8033259.91,5404026.73,2006854.29,EUR,Maintenance
REV001816,ACC0077,2023-04,7501360.92,4285050.03,2234757.18,EUR,Product
REV001817,ACC0077,2023-05,8879108.63,7839465.66,1173100.68,EUR,Maintenance
REV001818,ACC0077,2023-06,6895532.51,5092370.81,656879.93,EUR,Service
REV001819,ACC0077,2023-07,7478188.51,6112526.61,1427456.96,EUR,Service
REV001820,ACC0077,2023-08,5646537.72,5042481.11,406922.42,EUR,Maintenance
REV001821,ACC0077,2023-09,6398397.58,5208946.98,1902625.92,EUR,Maintenance
REV001822,ACC0077,2023-10,6481132.98,5207191.44,1081921.27,EUR,Consulting
REV001823,ACC0077,2023-11,7623315.53,5159923.2,857840.5,EUR,Maintenance
REV001824,ACC0077,2023-12,7265608.61,4763491.74,1361379.38,EUR,Consulting
REV001825,ACC0077,2024-01,7711927.3,6474527.71,2251843.87,EUR,Service
REV001826,ACC0077,2024-02,8570045.87,6878362.15,2310044.16,EUR,Maintenance
REV001827,ACC0077,2024-03,8498404.75,7527073.2,810607.73,EUR,Maintenance
REV001828,ACC0077,2024-04,8813172.78,6504518.79,1269010.97,EUR,Product
REV001829,ACC0077,2024-05,9093375.43,6416350.74,1073688.03,EUR,Service
REV001830,ACC0077,2024-06,7586993.08,5333921.08,1475228.41,EUR,Service
REV001831,ACC0077,2024-07,6758007.34,5048035.89,721892.51,EUR,Maintenance
REV001832,ACC0077,2024-08,7050277.62,6070299.91,1657649.95,EUR,Maintenance
REV001833,ACC0077,2024-09,6344642.09,5026282.88,1224904.47,EUR,Maintenance
REV001834,ACC0077,2024-10,5627246,4717074.5,459529.1,EUR,Product
REV001835,ACC0077,2024-11,7352236.44,6341636.26,971156.55,EUR,Service
REV001836,ACC0077,2024-12,8861129.76,7439685.42,911020.88,EUR,Maintenance
REV001837,ACC0115,2022-01,12976009.15,11065567.79,2843777.16,EUR,Consulting
REV001838,ACC0115,2022-02,14038333.63,10628188.99,4012804.51,EUR,Consulting
REV001839,ACC0115,2022-03,14837917.44,10458368.42,2643113.57,EUR,Product
REV001840,ACC0115,2022-04,14215031.99,8442887.86,2755514.26,EUR,Service
REV001841,ACC0115,2022-05,12898103.02,7701265.02,2940007.36,EUR,Consulting
REV001842,ACC0115,2022-06,13192872.87,7848239.14,2596969.25,EUR,Service
REV001843,ACC0115,2022-07,12422352.33,11081821.16,3259790.53,EUR,Consulting
REV001844,ACC0115,2022-08,11512759.54,7030579.85,1906958.53,EUR,Consulting
REV001845,ACC0115,2022-09,11324130.37,8649133.38,3027926.11,EUR,Service
REV001846,ACC0115,2022-10,14561673.75,9913001.99,2845097.67,EUR,Maintenance
REV001847,ACC0115,2022-11,15499197.73,12361027.68,1299753.9,EUR,Service
REV001848,ACC0115,2022-12,16069787.5,9527838.6,3891267.87,EUR,Maintenance
REV001849,ACC0115,2023-01,16235317.38,14569667.53,1254686.32,EUR,Service
REV001850,ACC0115,2023-02,20178068.8,12102689.86,3933407.18,EUR,Consulting
REV001851,ACC0115,2023-03,17846142.41,10417135.75,3619304.32,EUR,Service
REV001852,ACC0115,2023-04,17256653.99,12546911.23,1096617.98,EUR,Maintenance
REV001853,ACC0115,2023-05,16792179.35,13125054.65,3242157.07,EUR,Service
REV001854,ACC0115,2023-06,16371639.12,11508497.05,1731171.22,EUR,Maintenance
REV001855,ACC0115,2023-07,16632995.34,10511159.31,3601015.02,EUR,Maintenance
REV001856,ACC0115,2023-08,17396237.32,10851285.97,4452615.93,EUR,Consulting
REV001857,ACC0115,2023-09,16740130.63,12904568.27,2882674.39,EUR,Consulting
REV001858,ACC0115,2023-10,17994146.16,13691060.17,1339941.67,EUR,Maintenance
REV001859,ACC0115,2023-11,23153241.17,15892115.03,6698820.49,EUR,Product
REV001860,ACC0115,2023-12,22432395.29,12950716.95,4809443.51,EUR,Service
REV001861,ACC0115,2024-01,21249093.97,10646765.44,3760351.58,EUR,Product
REV001862,ACC0115,2024-02,23250154.03,13460641.87,5298706.35,EUR,Service
REV001863,ACC0115,2024-03,24666695.65,12468067.85,6809179.56,EUR,Service
REV001864,ACC0115,2024-04,23840438.03,21017113.24,3176921.11,EUR,Maintenance
REV001865,ACC0115,2024-05,23837627.18,18860763.64,2528029.93,EUR,Maintenance
REV001866,ACC0115,2024-06,27863028.75,21547892.13,4127823.8,EUR,Product
REV001867,ACC0115,2024-07,21425640.57,14643146.25,2750848.56,EUR,Maintenance
REV001868,ACC0115,2024-08,21173371.9,15863674.1,1883769.33,EUR,Service
REV001869,ACC0115,2024-09,22383291.2,11671812.86,1900644.16,EUR,Product
REV001870,ACC0115,2024-10,22450840.85,13847850.98,5568990.81,EUR,Service
REV001871,ACC0115,2024-11,26988543.21,13854620.77,2989154.23,EUR,Service
REV001872,ACC0115,2024-12,25104436.75,22460382.69,1518201.15,EUR,Consulting
REV001873,ACC0160,2022-01,47623013.21,31642125.68,7979991.94,EUR,Product
REV001874,ACC0160,2022-02,42371235.81,37066659.11,10518308.8,EUR,Service
REV001875,ACC0160,2022-03,46581877.21,38184481.69,11636099.58,EUR,Product
REV001876,ACC0160,2022-04,45836884.93,27488958.17,9885548.82,EUR,Product
REV001877,ACC0160,2022-05,44106803.85,33254194.9,7471792.78,EUR,Maintenance
REV001878,ACC0160,2022-06,38395064.27,24187780.61,6120168.09,EUR,Service
REV001879,ACC0160,2022-07,28668981.9,24725583.29,2643709.76,EUR,Product
REV001880,ACC0160,2022-08,34737431.65,26486808.76,7228168.42,EUR,Service
REV001881,ACC0160,2022-09,29433166.89,18201936.78,4556595.18,EUR,Maintenance
REV001882,ACC0160,2022-10,30065666.22,18119613.69,4282228.98,EUR,Maintenance
REV001883,ACC0160,2022-11,31626638.53,20115925.68,4213989.24,EUR,Product
REV001884,ACC0160,2022-12,29841391.84,20037944.4,5220172.54,EUR,Service
REV001885,ACC0160,2023-01,37604013.68,26908433.01,9419900.11,EUR,Service
REV001886,ACC0160,2023-02,36905818.09,20473848.93,5627607.01,EUR,Consulting
REV001887,ACC0160,2023-03,34289580.68,25052768.06,6863111.22,EUR,Product
REV001888,ACC0160,2023-04,35388080.1,25048370.88,7911721.21,EUR,Maintenance
REV001889,ACC0160,2023-05,32126541.44,21207467.52,4634491.84,EUR,Maintenance
REV001890,ACC0160,2023-06,30490150.88,26951962.22,8306980.47,EUR,Service
REV001891,ACC0160,2023-07,26100251.83,14968407.81,5778934.5,EUR,Product
REV001892,ACC0160,2023-08,23331643.01,14812408.07,1302860.99,EUR,Product
REV001893,ACC0160,2023-09,23371557.87,18914685.26,1385502.27,EUR,Service
REV001894,ACC0160,2023-10,24603375.02,19400274.08,7111517.74,EUR,Maintenance
REV001895,ACC0160,2023-11,25083293.29,14273833.19,1604182.8,EUR,Service
REV001896,ACC0160,2023-12,27345543.96,14035533.61,4350837.72,EUR,Service
REV001897,ACC0160,2024-01,30261029.38,17110672.77,2379312.86,EUR,Product
REV001898,ACC0160,2024-02,32323928.46,25029931.61,7716604.11,EUR,Maintenance
REV001899,ACC0160,2024-03,30800001.55,22646208.69,6430987.2,EUR,Maintenance
REV001900,ACC0160,2024-04,28180590.48,24459228.52,6926765.42,EUR,Service
REV001901,ACC0160,2024-05,25172015.14,13718495.56,6608288.66,EUR,Product
REV001902,ACC0160,2024-06,22997760.7,19958783.89,1392075.88,EUR,Product
REV001903,ACC0160,2024-07,22047872.37,15955830.09,5977511.97,EUR,Service
REV001904,ACC0160,2024-08,19241337.6,11773607.25,3146103,EUR,Product
REV001905,ACC0160,2024-09,18054529.15,11093222.07,3428824.98,EUR,Service
REV001906,ACC0160,2024-10,16370661.52,13353784.12,4463723.28,EUR,Consulting
REV001907,ACC0160,2024-11,19519586.65,10244968.32,1920315.86,EUR,Product
REV001908,ACC0160,2024-12,19917423.3,15912353.42,1124299.24,EUR,Product
REV001909,ACC0142,2022-01,12593430.89,8419405.96,2446026.7,EUR,Product
REV001910,ACC0142,2022-02,15438597.42,10307340.18,2714373.41,EUR,Service
REV001911,ACC0142,2022-03,18031662,14357903.04,2122109.04,EUR,Service
REV001912,ACC0142,2022-04,17847862.88,13868577.6,979189.48,EUR,Service
REV001913,ACC0142,2022-05,15709854.32,13072577.54,1827328.63,EUR,Product
REV001914,ACC0142,2022-06,14294460.58,12861148.13,1346838.5,EUR,Service
REV001915,ACC0142,2022-07,13683386.91,9321389,2277519.03,EUR,Product
REV001916,ACC0142,2022-08,12681830.01,7664244.81,2033908.21,EUR,Maintenance
REV001917,ACC0142,2022-09,15682838.82,12226810.06,1852867.08,EUR,Service
REV001918,ACC0142,2022-10,14349552.97,7478170.51,2274319.23,EUR,Product
REV001919,ACC0142,2022-11,18853618.59,14063454.71,3299963.77,EUR,Service
REV001920,ACC0142,2022-12,22450471.99,12617732.87,4054850.89,EUR,Maintenance
REV001921,ACC0142,2023-01,21955667.19,12175127.54,5470522.95,EUR,Product
REV001922,ACC0142,2023-02,22584854.16,17683432.77,5397155.95,EUR,Product
REV001923,ACC0142,2023-03,28648249.83,19338105.41,1441793.41,EUR,Product
REV001924,ACC0142,2023-04,24108546.36,21133610.76,1405982.64,EUR,Service
REV001925,ACC0142,2023-05,27094593.22,21320576.49,5031118.78,EUR,Product
REV001926,ACC0142,2023-06,27031950.06,23936198.47,4064384.12,EUR,Service
REV001927,ACC0142,2023-07,28001701.17,19287012.25,7490071.09,EUR,Maintenance
REV001928,ACC0142,2023-08,23805760.94,17450892.14,2326466.57,EUR,Product
REV001929,ACC0142,2023-09,24073280.64,13714068.28,5788131.55,EUR,Product
REV001930,ACC0142,2023-10,24635008.47,22003808.35,5371979.75,EUR,Product
REV001931,ACC0142,2023-11,28538948.34,23840922.74,7076255.47,EUR,Product
REV001932,ACC0142,2023-12,27196146.97,19650487.83,3139055.7,EUR,Product
REV001933,ACC0142,2024-01,31911460.49,21572046.17,9022662.31,EUR,Product
REV001934,ACC0142,2024-02,44124913.18,34839807.9,6622996.94,EUR,Consulting
REV001935,ACC0142,2024-03,42631262.25,23068146.46,3949253.92,EUR,Service
REV001936,ACC0142,2024-04,40204321,20983665.79,10322562.18,EUR,Product
REV001937,ACC0142,2024-05,38604974.72,22793749.26,6028637.99,EUR,Service
REV001938,ACC0142,2024-06,39132091.85,25503278.07,8798732.71,EUR,Service
REV001939,ACC0142,2024-07,42537888.72,26265799.43,3012081.28,EUR,Product
REV001940,ACC0142,2024-08,40535667.64,35288291.52,7809702.19,EUR,Product
REV001941,ACC0142,2024-09,39575180.76,30493240.06,2483305.79,EUR,Product
REV001942,ACC0142,2024-10,39339289.96,31101843.45,2083218.46,EUR,Product
REV001943,ACC0142,2024-11,45617925.68,29159262.41,5577474.33,EUR,Service
REV001944,ACC0142,2024-12,48839452,28905991.64,10777374.13,EUR,Product
REV001945,ACC0106,2022-01,33987070.29,30449114.77,3162060.26,EUR,Consulting
REV001946,ACC0106,2022-02,35163223.82,28701008.99,5919473.94,EUR,Service
REV001947,ACC0106,2022-03,43840711.15,33747507.96,9359474.56,EUR,Consulting
REV001948,ACC0106,2022-04,39923492.61,29529748.28,5202940.43,EUR,Consulting
REV001949,ACC0106,2022-05,40457562.31,36213792.1,9590122.21,EUR,Product
REV001950,ACC0106,2022-06,35466335.77,23174808.23,7786645.75,EUR,Service
REV001951,ACC0106,2022-07,29792492.16,23738608.31,6472039.5,EUR,Product
REV001952,ACC0106,2022-08,29321948.8,15986394.48,7173323.82,EUR,Product
REV001953,ACC0106,2022-09,30958692.11,19091862.91,8832188.02,EUR,Maintenance
REV001954,ACC0106,2022-10,29507995.88,25354111.85,2859724.63,EUR,Service
REV001955,ACC0106,2022-11,29402066.73,23885964.87,5973102.29,EUR,Product
REV001956,ACC0106,2022-12,29682534.49,23764955.86,6986961.41,EUR,Maintenance
REV001957,ACC0106,2023-01,35103851.97,27194631.68,5680581.44,EUR,Service
REV001958,ACC0106,2023-02,35073824.86,28299280.29,1795766.62,EUR,Service
REV001959,ACC0106,2023-03,29325827.92,18692341.88,7088212.23,EUR,Maintenance
REV001960,ACC0106,2023-04,30687822.67,15913802.29,4320615.97,EUR,Product
REV001961,ACC0106,2023-05,33015298.17,26063429.86,5911481.22,EUR,Product
REV001962,ACC0106,2023-06,28951468.68,20445620.48,2977940.01,EUR,Maintenance
REV001963,ACC0106,2023-07,29719526.65,18870819.95,4463633.31,EUR,Product
REV001964,ACC0106,2023-08,26615127.41,16027542.38,3531168.79,EUR,Service
REV001965,ACC0106,2023-09,24389659.9,17829415.15,3882405.17,EUR,Product
REV001966,ACC0106,2023-10,23073752.69,12878450.15,3699714.28,EUR,Service
REV001967,ACC0106,2023-11,26290995.47,14167388.86,2080669.37,EUR,Maintenance
REV001968,ACC0106,2023-12,29979846.67,19450262.64,6692862.25,EUR,Product
REV001969,ACC0106,2024-01,29663655.27,21170738.69,4526365.82,EUR,Service
REV001970,ACC0106,2024-02,26447364.08,23754659.02,3448121.6,EUR,Product
REV001971,ACC0106,2024-03,29282637.83,16585039.95,3241316.16,EUR,Maintenance
REV001972,ACC0106,2024-04,26260480,15332387.85,6688112.64,EUR,Service
REV001973,ACC0106,2024-05,28075497.55,21836523.08,5971899.72,EUR,Maintenance
REV001974,ACC0106,2024-06,24661503.23,19821531.07,6687889.81,EUR,Product
REV001975,ACC0106,2024-07,22144877.18,18676334.52,2572665.74,EUR,Service
REV001976,ACC0106,2024-08,22584232.17,19715379.64,1178060.74,EUR,Consulting
REV001977,ACC0106,2024-09,19531245.69,12082080.98,5010908.88,EUR,Maintenance
REV001978,ACC0106,2024-10,16752821.86,11621564.39,4153379.93,EUR,Consulting
REV001979,ACC0106,2024-11,20639956.43,16249933.81,1759072.89,EUR,Product
REV001980,ACC0106,2024-12,22453764.48,19954595.88,2556275.72,EUR,Maintenance
REV001981,ACC0049,2022-01,2142910.34,1332930.6,109781.23,EUR,Product
REV001982,ACC0049,2022-02,2404046.65,1301737.08,553566.72,EUR,Consulting
REV001983,ACC0049,2022-03,2651081.66,2048960.49,786487.55,EUR,Consulting
REV001984,ACC0049,2022-04,2562846.76,1750948.39,447880.85,EUR,Service
REV001985,ACC0049,2022-05,2355804.62,1939931.77,320470.18,EUR,Product
REV001986,ACC0049,2022-06,2150495.23,1458908.21,614363.99,EUR,Service
REV001987,ACC0049,2022-07,1849539.36,1605017.59,332209.63,EUR,Service
REV001988,ACC0049,2022-08,1660663.76,1136574.34,278425.69,EUR,Product
REV001989,ACC0049,2022-09,1672071.58,1056340.86,191444.85,EUR,Service
REV001990,ACC0049,2022-10,1787131.12,1092033.56,140980.82,EUR,Service
REV001991,ACC0049,2022-11,1965553.43,1765157.69,453081.53,EUR,Service
REV001992,ACC0049,2022-12,2017530.7,1811517.4,563364.79,EUR,Maintenance
REV001993,ACC0049,2023-01,2091408.16,1850947.25,331992.33,EUR,Maintenance
REV001994,ACC0049,2023-02,2028299.09,1815628.84,396241.84,EUR,Product
REV001995,ACC0049,2023-03,2843932.4,2441018.42,509015.9,EUR,Product
REV001996,ACC0049,2023-04,2380833.94,2121279.2,289475.34,EUR,Product
REV001997,ACC0049,2023-05,2292997.9,1700526.52,356522.38,EUR,Maintenance
REV001998,ACC0049,2023-06,1971495.54,1685302.89,582176.91,EUR,Service
REV001999,ACC0049,2023-07,1922383.5,1578905.42,161529.78,EUR,Product
REV002000,ACC0049,2023-08,1993055.41,1046037.17,568964.19,EUR,Service
REV002001,ACC0049,2023-09,1570390.22,1198038.68,210152.71,EUR,Product
REV002002,ACC0049,2023-10,1853157.01,1098600.09,268136.7,EUR,Product
REV002003,ACC0049,2023-11,1862154.8,1028308.94,389034.7,EUR,Product
REV002004,ACC0049,2023-12,1981931.43,1339779.8,433640.29,EUR,Maintenance
REV002005,ACC0049,2024-01,2239905.87,1938495.58,512643.49,EUR,Consulting
REV002006,ACC0049,2024-02,2391228.75,1816090.57,289499.38,EUR,Service
REV002007,ACC0049,2024-03,2332580.27,1982075.34,360599.3,EUR,Consulting
REV002008,ACC0049,2024-04,2235052.94,1676775.46,228929.16,EUR,Maintenance
REV002009,ACC0049,2024-05,2020152.12,1407272.5,528994.98,EUR,Service
REV002010,ACC0049,2024-06,1681676.27,872780.62,250188.37,EUR,Product
REV002011,ACC0049,2024-07,1809228.66,1408994.33,225614.28,EUR,Service
REV002012,ACC0049,2024-08,1518751.03,988226.37,210210.1,EUR,Service
REV002013,ACC0049,2024-09,1625169.29,1354338.53,113723.2,EUR,Consulting
REV002014,ACC0049,2024-10,1802102.16,1391700.06,169406.88,EUR,Product
REV002015,ACC0049,2024-11,2007990.84,1757507.34,559662.29,EUR,Service
REV002016,ACC0049,2024-12,1748733.42,903398.22,491973.83,EUR,Maintenance
REV002017,ACC0065,2022-01,27015870.6,17723635.22,7580264.73,EUR,Service
REV002018,ACC0065,2022-02,29605425.33,20741579.1,2637244.66,EUR,Maintenance
REV002019,ACC0065,2022-03,29017681.98,20690949.74,3529699.77,EUR,Consulting
REV002020,ACC0065,2022-04,30154741.54,16033185.2,3167901.02,EUR,Maintenance
REV002021,ACC0065,2022-05,30135506.9,24885796.62,5578037.38,EUR,Consulting
REV002022,ACC0065,2022-06,24072539.51,19302668.1,2212188.23,EUR,Maintenance
REV002023,ACC0065,2022-07,27171685.89,23562896.56,2771411.17,EUR,Service
REV002024,ACC0065,2022-08,23524917.83,14519390.12,5808584.7,EUR,Consulting
REV002025,ACC0065,2022-09,26387324.49,21099010.01,4915563.14,EUR,Product
REV002026,ACC0065,2022-10,28999797.86,23522269.33,2799586.86,EUR,Product
REV002027,ACC0065,2022-11,26871872.96,18410118.22,3887816.17,EUR,Product
REV002028,ACC0065,2022-12,30858135.28,27697538.49,5269930.14,EUR,Service
REV002029,ACC0065,2023-01,34019879.52,28320349.97,5423036.91,EUR,Product
REV002030,ACC0065,2023-02,35912266.89,27520835.4,3838626.2,EUR,Product
REV002031,ACC0065,2023-03,34246264.56,25859036.2,4682823.37,EUR,Consulting
REV002032,ACC0065,2023-04,37571828.31,29369640.92,6390391.81,EUR,Service
REV002033,ACC0065,2023-05,28842541.07,19327765.53,2832898.67,EUR,Maintenance
REV002034,ACC0065,2023-06,37453398.91,25511998.69,7905632.27,EUR,Maintenance
REV002035,ACC0065,2023-07,28180226.48,14720613.9,3738048.27,EUR,Service
REV002036,ACC0065,2023-08,28652590.95,16828514.94,8176864.23,EUR,Maintenance
REV002037,ACC0065,2023-09,32995011.16,19409333.26,6896191.28,EUR,Maintenance
REV002038,ACC0065,2023-10,32827214.45,28552688.03,5319340.05,EUR,Consulting
REV002039,ACC0065,2023-11,36483923.06,22797671.98,3312895.33,EUR,Product
REV002040,ACC0065,2023-12,38345558.38,24250764.58,5155092.05,EUR,Consulting
REV002041,ACC0065,2024-01,32447972.95,22988838.01,7515317.71,EUR,Maintenance
REV002042,ACC0065,2024-02,44797150.93,30459700.28,12492836.17,EUR,Service
REV002043,ACC0065,2024-03,50272132.96,25913826.97,3823964.57,EUR,Service
REV002044,ACC0065,2024-04,49951309.36,44043874.64,6989251.07,EUR,Service
REV002045,ACC0065,2024-05,43231130.27,32641782.66,11501932.8,EUR,Service
REV002046,ACC0065,2024-06,40151296.39,26354896.11,9905031.77,EUR,Consulting
REV002047,ACC0065,2024-07,37361368.61,24361310.57,1962958.87,EUR,Consulting
REV002048,ACC0065,2024-08,36660670.29,31495575.71,8671420.76,EUR,Service
REV002049,ACC0065,2024-09,41576169.68,33196257.13,4232756.48,EUR,Maintenance
REV002050,ACC0065,2024-10,37882118.82,29393245.76,4578276.43,EUR,Service
REV002051,ACC0065,2024-11,40965320.3,26254661.92,6812993.1,EUR,Maintenance
REV002052,ACC0065,2024-12,51330690.86,34355438.72,4641332.44,EUR,Maintenance
REV002053,ACC0154,2022-01,40472393.09,25299871.54,10525910.69,EUR,Maintenance
REV002054,ACC0154,2022-02,41119158.45,25075892.27,7074445.33,EUR,Product
REV002055,ACC0154,2022-03,43981092.37,31757138.28,5750868.13,EUR,Product
REV002056,ACC0154,2022-04,44733285.66,26399597.75,12919142.91,EUR,Service
REV002057,ACC0154,2022-05,42543219.6,21764019.57,3375041.36,EUR,Maintenance
REV002058,ACC0154,2022-06,34818518.9,27983041.93,2992484.13,EUR,Product
REV002059,ACC0154,2022-07,33197183.14,21323927.88,6222179.46,EUR,Product
REV002060,ACC0154,2022-08,33555602.64,30176037.85,1998160.03,EUR,Maintenance
REV002061,ACC0154,2022-09,28344752.71,24905352.34,4010607.61,EUR,Product
REV002062,ACC0154,2022-10,26320028.78,15241688.22,3972351.55,EUR,Product
REV002063,ACC0154,2022-11,33992339.31,25642297.21,5522495.59,EUR,Product
REV002064,ACC0154,2022-12,35274749.18,22135189.18,5123406.92,EUR,Service
REV002065,ACC0154,2023-01,36486907.14,27876730.41,5181969.85,EUR,Maintenance
REV002066,ACC0154,2023-02,33515570.64,21496259.95,5820292.36,EUR,Service
REV002067,ACC0154,2023-03,36577484.34,27237137.09,5220096.77,EUR,Service
REV002068,ACC0154,2023-04,41191959.6,31281804.95,9148002.39,EUR,Service
REV002069,ACC0154,2023-05,35335719.36,25627513.39,7345777.15,EUR,Service
REV002070,ACC0154,2023-06,33451686.74,28635869.69,8696109.06,EUR,Consulting
REV002071,ACC0154,2023-07,33842898.81,24490762.6,6973884.57,EUR,Consulting
REV002072,ACC0154,2023-08,29093880.91,24476569.83,7978157.38,EUR,Product
REV002073,ACC0154,2023-09,27618541.01,24116825.74,7887884.41,EUR,Consulting
REV002074,ACC0154,2023-10,29803671.09,20870004.79,7263467.86,EUR,Product
REV002075,ACC0154,2023-11,27486288.96,20890803.68,2035914.19,EUR,Product
REV002076,ACC0154,2023-12,32214499.81,19964864.3,8920819.79,EUR,Service
REV002077,ACC0154,2024-01,34414424.14,26988239.36,4471031.14,EUR,Product
REV002078,ACC0154,2024-02,38894373.23,29790150.54,6549659.64,EUR,Service
REV002079,ACC0154,2024-03,43043050.98,32247185.12,4972301.69,EUR,Product
REV002080,ACC0154,2024-04,31979922.82,17799980.89,9202793.79,EUR,Product
REV002081,ACC0154,2024-05,34738405.45,27495889.99,7670257.27,EUR,Product
REV002082,ACC0154,2024-06,32350504.58,18356081.96,9640583.3,EUR,Consulting
REV002083,ACC0154,2024-07,28933710.16,17773756.91,6776163.61,EUR,Product
REV002084,ACC0154,2024-08,29258461.35,17362574.7,6173431.09,EUR,Maintenance
REV002085,ACC0154,2024-09,30882898,15713860.8,3478298.28,EUR,Product
REV002086,ACC0154,2024-10,26965409.8,23202961.05,3786600.22,EUR,Maintenance
REV002087,ACC0154,2024-11,25171088.26,14244479.73,4267727.82,EUR,Service
REV002088,ACC0154,2024-12,28092515.85,17218612.28,7144625.19,EUR,Service
REV002089,ACC0004,2022-01,25649755.59,14223256.03,7123558.6,EUR,Product
REV002090,ACC0004,2022-02,29396021.9,14793972.22,5538858.47,EUR,Service
REV002091,ACC0004,2022-03,30270979.15,26696725.22,7429470.62,EUR,Product
REV002092,ACC0004,2022-04,26161154.89,23308481.27,3021522.61,EUR,Service
REV002093,ACC0004,2022-05,31702924.36,20504053.55,2129305.95,EUR,Product
REV002094,ACC0004,2022-06,24865281.23,19314400.99,6791291.27,EUR,Service
REV002095,ACC0004,2022-07,20103461.78,13397033.28,1938172.18,EUR,Product
REV002096,ACC0004,2022-08,21527570.47,11766946.33,1215876.71,EUR,Product
REV002097,ACC0004,2022-09,19842424.54,10606271.16,4443738.27,EUR,Product
REV002098,ACC0004,2022-10,22001631.78,11812825.14,4356669.75,EUR,Service
REV002099,ACC0004,2022-11,22817372.97,11722378.02,4666546.74,EUR,Consulting
REV002100,ACC0004,2022-12,26142503.72,18595600.05,1766159.38,EUR,Service
REV002101,ACC0004,2023-01,26336644.68,17510377.31,6647168.32,EUR,Product
REV002102,ACC0004,2023-02,28772930.88,22167821.3,7688556.02,EUR,Product
REV002103,ACC0004,2023-03,28943335.95,16255501.2,6300248.96,EUR,Product
REV002104,ACC0004,2023-04,24329082.05,20111788.42,2474858.43,EUR,Service
REV002105,ACC0004,2023-05,26651685.82,14942048.77,6398905.45,EUR,Consulting
REV002106,ACC0004,2023-06,21674072.05,19434717.42,6360252.3,EUR,Maintenance
REV002107,ACC0004,2023-07,19933537.38,15514452.31,1341550.54,EUR,Service
REV002108,ACC0004,2023-08,22304419.2,17315203.33,6144382.61,EUR,Product
REV002109,ACC0004,2023-09,19583893.34,10693992.56,3457426.93,EUR,Maintenance
REV002110,ACC0004,2023-10,19434446.21,16455594.73,1515957.31,EUR,Maintenance
REV002111,ACC0004,2023-11,22358668.6,18170635.58,1246083.56,EUR,Consulting
REV002112,ACC0004,2023-12,22548106.67,13650593.35,3201153.81,EUR,Product
REV002113,ACC0004,2024-01,28853770.26,20117918.88,3290064.09,EUR,Service
REV002114,ACC0004,2024-02,25432816.76,21123239.58,4424874.5,EUR,Service
REV002115,ACC0004,2024-03,23661851.5,18488005.29,3301455.1,EUR,Consulting
REV002116,ACC0004,2024-04,23575401.45,19572388.63,5633947.11,EUR,Product
REV002117,ACC0004,2024-05,23973855.16,15768793.05,6204721.77,EUR,Maintenance
REV002118,ACC0004,2024-06,23881969.28,12674918.85,5088788.19,EUR,Consulting
REV002119,ACC0004,2024-07,19659710.8,15683362.72,4763415.65,EUR,Service
REV002120,ACC0004,2024-08,20787959.68,18514203.79,6085906.21,EUR,Consulting
REV002121,ACC0004,2024-09,16745114.69,13461010.24,3237379.55,EUR,Service
REV002122,ACC0004,2024-10,18740439.72,12360724.64,3099933.91,EUR,Product
REV002123,ACC0004,2024-11,19198892.06,14159628.14,2308356.75,EUR,Consulting
REV002124,ACC0004,2024-12,24148390.7,15911018.34,4857424.95,EUR,Consulting
REV002125,ACC0024,2022-01,8077975.39,6513652.6,844552.41,EUR,Service
REV002126,ACC0024,2022-02,10356558.5,8000181.47,1871727.75,EUR,Product
REV002127,ACC0024,2022-03,10109146.47,5161439.09,1757670.76,EUR,Consulting
REV002128,ACC0024,2022-04,9709720,6489418.32,1091487.03,EUR,Product
REV002129,ACC0024,2022-05,9392910.88,5506096.46,541550.17,EUR,Maintenance
REV002130,ACC0024,2022-06,7988331.62,5562818.9,969212.62,EUR,Maintenance
REV002131,ACC0024,2022-07,8350033.14,6491280.8,1569930.26,EUR,Service
REV002132,ACC0024,2022-08,6909315.6,4380654.69,1610230.54,EUR,Maintenance
REV002133,ACC0024,2022-09,6574890.66,4583717.91,562384.32,EUR,Consulting
REV002134,ACC0024,2022-10,6673361.19,5185074.37,1477977.23,EUR,Service
REV002135,ACC0024,2022-11,7998094.26,5079317.77,948469.34,EUR,Service
REV002136,ACC0024,2022-12,8142869.91,6577145.75,2227411.58,EUR,Consulting
REV002137,ACC0024,2023-01,8000495.01,6501915.89,2327854.57,EUR,Consulting
REV002138,ACC0024,2023-02,8244604.11,6598951.49,1295156.31,EUR,Service
REV002139,ACC0024,2023-03,8656899.38,7475667.72,1618416.28,EUR,Service
REV002140,ACC0024,2023-04,7762854.63,5852900.19,670264.55,EUR,Product
REV002141,ACC0024,2023-05,8444735.48,4279771.55,967128.3,EUR,Product
REV002142,ACC0024,2023-06,7288740.97,4551675.69,1131744,EUR,Maintenance
REV002143,ACC0024,2023-07,7187863.81,5081131.57,1685651.59,EUR,Consulting
REV002144,ACC0024,2023-08,6160131.38,4290146.58,444047.72,EUR,Product
REV002145,ACC0024,2023-09,6471009.83,3825622.06,1063459.4,EUR,Service
REV002146,ACC0024,2023-10,6320080.8,4170332.75,508495.18,EUR,Service
REV002147,ACC0024,2023-11,6850671.29,4252649.17,1220911.22,EUR,Product
REV002148,ACC0024,2023-12,6873982.98,3655504.87,1098827.45,EUR,Service
REV002149,ACC0024,2024-01,6794061.9,5317667.73,1547923.86,EUR,Maintenance
REV002150,ACC0024,2024-02,7690957.83,5503695.38,611936.34,EUR,Service
REV002151,ACC0024,2024-03,7405318.87,6420212.76,1961942.33,EUR,Consulting
REV002152,ACC0024,2024-04,7961475.74,4510608.86,1887896.24,EUR,Product
REV002153,ACC0024,2024-05,7201123.76,4559312.43,971764.97,EUR,Service
REV002154,ACC0024,2024-06,5996805.28,3617763.18,1411525.77,EUR,Service
REV002155,ACC0024,2024-07,6090613.73,3646568.81,1075841.71,EUR,Product
REV002156,ACC0024,2024-08,5823091.2,4881207.93,628128.27,EUR,Service
REV002157,ACC0024,2024-09,4612965.4,4130705.02,1161261.89,EUR,Product
REV002158,ACC0024,2024-10,5713108.54,4300561.52,735221.22,EUR,Consulting
REV002159,ACC0024,2024-11,5062716.93,4247821.19,701404.39,EUR,Service
REV002160,ACC0024,2024-12,5847283.43,5244957.63,1536705.29,EUR,Product
REV002161,ACC0151,2022-01,16585520.76,12562064.76,1400094.99,EUR,Service
REV002162,ACC0151,2022-02,18592993.77,13183617.64,4647606.09,EUR,Service
REV002163,ACC0151,2022-03,19865671.28,12054931.67,1617600.33,EUR,Product
REV002164,ACC0151,2022-04,21875409.49,14831709.18,5864178.59,EUR,Product
REV002165,ACC0151,2022-05,16004033.75,13109496.33,1727451.61,EUR,Service
REV002166,ACC0151,2022-06,18551577.21,13586654.24,4812891.78,EUR,Service
REV002167,ACC0151,2022-07,17227694.13,8761840.36,4263826.11,EUR,Product
REV002168,ACC0151,2022-08,19418606.12,14164605,2943800.18,EUR,Consulting
REV002169,ACC0151,2022-09,17902283.56,11534164.43,3328015.68,EUR,Product
REV002170,ACC0151,2022-10,16633515.35,10044126.1,4539243.1,EUR,Maintenance
REV002171,ACC0151,2022-11,21810570.02,11073318.18,2590520.63,EUR,Service
REV002172,ACC0151,2022-12,22955865.36,19481312.38,6664133.14,EUR,Maintenance
REV002173,ACC0151,2023-01,27250630,13995118.52,6070264.18,EUR,Product
REV002174,ACC0151,2023-02,25035859.21,19653431.77,4859470.43,EUR,Consulting
REV002175,ACC0151,2023-03,29738429.96,16345592.23,7518626.33,EUR,Service
REV002176,ACC0151,2023-04,28843175.81,23061233.4,4526552.61,EUR,Service
REV002177,ACC0151,2023-05,31194080.53,17321301.48,2219018.36,EUR,Maintenance
REV002178,ACC0151,2023-06,27174172.93,21175895.83,3761777.71,EUR,Service
REV002179,ACC0151,2023-07,23472708.3,16192888.76,2162752.27,EUR,Product
REV002180,ACC0151,2023-08,29009803.69,25299083.25,7897872.84,EUR,Consulting
REV002181,ACC0151,2023-09,27323680.54,21514118.7,1822741.54,EUR,Consulting
REV002182,ACC0151,2023-10,29387551.98,21511197.8,7223136.43,EUR,Maintenance
REV002183,ACC0151,2023-11,33884006.03,21264575.33,3253919.92,EUR,Service
REV002184,ACC0151,2023-12,37822505.46,22131590.71,4046563.32,EUR,Product
REV002185,ACC0151,2024-01,41960265.56,25654471.06,9779709.63,EUR,Service
REV002186,ACC0151,2024-02,42311842.27,32724249.77,2604112.94,EUR,Product
REV002187,ACC0151,2024-03,40300451.09,20355906.47,7618656.13,EUR,Consulting
REV002188,ACC0151,2024-04,50801820.43,31169352.17,10873026.92,EUR,Service
REV002189,ACC0151,2024-05,50160163.87,44181850.43,11758381.94,EUR,Product
REV002190,ACC0151,2024-06,48909554.03,39679068.96,13938122.05,EUR,Service
REV002191,ACC0151,2024-07,37181013.3,22782170.03,8355046.6,EUR,Consulting
REV002192,ACC0151,2024-08,43991968.58,33206894.2,11982832.91,EUR,Product
REV002193,ACC0151,2024-09,46827444.22,36780766.11,11400942.02,EUR,Maintenance
REV002194,ACC0151,2024-10,50482553.62,29320129.87,5215698.95,EUR,Product
REV002195,ACC0151,2024-11,43925055.97,31360296.79,7378003.31,EUR,Service
REV002196,ACC0151,2024-12,51078332.5,45838644.37,4146211.62,EUR,Product
REV002197,ACC0042,2022-01,20352685.16,13551273.71,2674910.04,EUR,Product
REV002198,ACC0042,2022-02,18492011.46,9955036.11,1307327.91,EUR,Service
REV002199,ACC0042,2022-03,22928681.97,12655666.24,5323809.87,EUR,Consulting
REV002200,ACC0042,2022-04,24402979.2,21573540.77,7075557.76,EUR,Maintenance
REV002201,ACC0042,2022-05,19153343.78,13573902.6,3804416.96,EUR,Product
REV002202,ACC0042,2022-06,21362475.34,16899609.39,1713383.87,EUR,Consulting
REV002203,ACC0042,2022-07,20369691.85,11156563.88,2549759.72,EUR,Service
REV002204,ACC0042,2022-08,19860727.9,10579618.2,1504803.2,EUR,Service
REV002205,ACC0042,2022-09,22701451.46,15934941.57,1477584.35,EUR,Service
REV002206,ACC0042,2022-10,20408201.36,16175168.76,2561094.86,EUR,Consulting
REV002207,ACC0042,2022-11,24712413.23,14460574.37,5755948.57,EUR,Maintenance
REV002208,ACC0042,2022-12,23666139.25,18000794.61,3174113.87,EUR,Maintenance
REV002209,ACC0042,2023-01,28964583.3,17276509.92,8689294.32,EUR,Maintenance
REV002210,ACC0042,2023-02,35043398.95,29279213.46,8130147.51,EUR,Service
REV002211,ACC0042,2023-03,32907593.29,17197588.56,6255054.63,EUR,Consulting
REV002212,ACC0042,2023-04,32435718.65,18456986.1,9174617.15,EUR,Product
REV002213,ACC0042,2023-05,31778833.94,25435325.4,7365330.98,EUR,Service
REV002214,ACC0042,2023-06,39037011.56,31306928.87,5915853.5,EUR,Service
REV002215,ACC0042,2023-07,32225673.75,23660810.67,6561990.85,EUR,Maintenance
REV002216,ACC0042,2023-08,29747080.67,21312505.47,4168947.59,EUR,Maintenance
REV002217,ACC0042,2023-09,30746760.87,17873318.82,9168306.04,EUR,Maintenance
REV002218,ACC0042,2023-10,30828643.5,16193390.09,3910912.93,EUR,Maintenance
REV002219,ACC0042,2023-11,33409498.7,25640273.13,2786328.83,EUR,Product
REV002220,ACC0042,2023-12,38563145.71,22195587.9,11501691.21,EUR,Service
REV002221,ACC0042,2024-01,37752403.81,31439697.74,8959242.21,EUR,Maintenance
REV002222,ACC0042,2024-02,49343956.92,29526779.18,8884220.59,EUR,Product
REV002223,ACC0042,2024-03,50907141.92,38312992.99,12113535.8,EUR,Service
REV002224,ACC0042,2024-04,50013678.24,40040153.1,14244151.42,EUR,Product
REV002225,ACC0042,2024-05,44093402.6,22691954.55,11029396.47,EUR,Maintenance
REV002226,ACC0042,2024-06,47553000.79,40692091.16,8498311.4,EUR,Product
REV002227,ACC0042,2024-07,42160499.55,25655842.92,3737007.15,EUR,Maintenance
REV002228,ACC0042,2024-08,40251761.63,28833543.53,10719364.72,EUR,Consulting
REV002229,ACC0042,2024-09,48468459.23,27646455.87,7389572.14,EUR,Product
REV002230,ACC0042,2024-10,45704285.88,38638073.95,11564030.97,EUR,Service
REV002231,ACC0042,2024-11,54341930.48,36770831.98,8519055.41,EUR,Service
REV002232,ACC0042,2024-12,59260568.81,43807373.93,5335817,EUR,Product
REV002233,ACC0063,2022-01,34966633.08,21279941.38,5914859.83,EUR,Service
REV002234,ACC0063,2022-02,43066131.31,24872085.9,5747652.37,EUR,Product
REV002235,ACC0063,2022-03,37062458.32,20742604.5,3575624.88,EUR,Consulting
REV002236,ACC0063,2022-04,34219115.27,20199791.35,3564833.15,EUR,Maintenance
REV002237,ACC0063,2022-05,48489832.02,31788770.48,13965499,EUR,Product
REV002238,ACC0063,2022-06,44339335.21,39062010.37,4685343.79,EUR,Product
REV002239,ACC0063,2022-07,45592434.72,39401355.66,10930062.64,EUR,Consulting
REV002240,ACC0063,2022-08,33253009.34,20057023.73,7985692.36,EUR,Maintenance
REV002241,ACC0063,2022-09,40310050.4,23816794.9,2887624.29,EUR,Service
REV002242,ACC0063,2022-10,42670578.27,29271748.86,10076994.63,EUR,Service
REV002243,ACC0063,2022-11,47571213.03,26166914.5,10799738.15,EUR,Product
REV002244,ACC0063,2022-12,51955496.02,46415885.13,3401120.71,EUR,Maintenance
REV002245,ACC0063,2023-01,51673879.57,43210986.99,13948600.15,EUR,Service
REV002246,ACC0063,2023-02,67655033.45,59014229.71,6666093.39,EUR,Service
REV002247,ACC0063,2023-03,64235398.67,38041440.52,19156752.9,EUR,Product
REV002248,ACC0063,2023-04,63192526.5,41713306.8,15376804.44,EUR,Maintenance
REV002249,ACC0063,2023-05,66432617.22,39351435.95,5643664.23,EUR,Maintenance
REV002250,ACC0063,2023-06,67510264.7,51960474.41,6518766.47,EUR,Maintenance
REV002251,ACC0063,2023-07,59981995.66,34979044.18,3529116.43,EUR,Maintenance
REV002252,ACC0063,2023-08,59542639.71,47237535.94,13611162.74,EUR,Product
REV002253,ACC0063,2023-09,53260888.77,38203359.8,10440031.34,EUR,Product
REV002254,ACC0063,2023-10,69672103.16,35784409.96,16426306.01,EUR,Product
REV002255,ACC0063,2023-11,86671125.1,50183055.65,9386950.16,EUR,Maintenance
REV002256,ACC0063,2023-12,78691973.17,56261806.82,19883451,EUR,Product
REV002257,ACC0063,2024-01,82723197.58,50657395.1,12380016.08,EUR,Maintenance
REV002258,ACC0063,2024-02,107442135.68,74645025.93,20076239.54,EUR,Consulting
REV002259,ACC0063,2024-03,110703027.57,67280084.03,11599477.64,EUR,Product
REV002260,ACC0063,2024-04,95436213.17,71626766.61,22731499.92,EUR,Maintenance
REV002261,ACC0063,2024-05,105839605.23,57732194.22,30415062.7,EUR,Service
REV002262,ACC0063,2024-06,103189259.57,91931042.25,21355883.87,EUR,Product
REV002263,ACC0063,2024-07,101326799.7,84877430.78,14098160.82,EUR,Service
REV002264,ACC0063,2024-08,100326843.96,64917451.11,21712931.14,EUR,Service
REV002265,ACC0063,2024-09,95852620.94,56455578.3,19667137.99,EUR,Product
REV002266,ACC0063,2024-10,104316422.39,81921291.5,21625811.03,EUR,Service
REV002267,ACC0063,2024-11,125395194.76,95184631.49,37330497.04,EUR,Service
REV002268,ACC0063,2024-12,122007586.99,70968310.08,28239501.17,EUR,Product
REV002269,ACC0071,2022-01,8523901.04,4989498.52,2136918.29,EUR,Product
REV002270,ACC0071,2022-02,8585940.98,6378285.38,2390552,EUR,Maintenance
REV002271,ACC0071,2022-03,9295914.15,6573630.26,970709.22,EUR,Product
REV002272,ACC0071,2022-04,10111444.07,5722999.9,2006775.08,EUR,Service
REV002273,ACC0071,2022-05,9898358.57,7252147.77,2163268.09,EUR,Consulting
REV002274,ACC0071,2022-06,10129435.52,7823713.99,2348722.92,EUR,Product
REV002275,ACC0071,2022-07,8111919.28,4093869.34,1289616.48,EUR,Consulting
REV002276,ACC0071,2022-08,9071257.02,6850237.66,2193913.31,EUR,Service
REV002277,ACC0071,2022-09,8386829.48,5729018.55,2496060.92,EUR,Service
REV002278,ACC0071,2022-10,8311033.27,6910917.31,1614430.79,EUR,Service
REV002279,ACC0071,2022-11,11243516.67,6730877.84,2134901.78,EUR,Service
REV002280,ACC0071,2022-12,10731752.92,5370038.97,1952473.82,EUR,Product
REV002281,ACC0071,2023-01,12184534.32,6806945.53,2040004.07,EUR,Product
REV002282,ACC0071,2023-02,15879830.04,12763397.41,1754774.6,EUR,Maintenance
REV002283,ACC0071,2023-03,16572262.6,10241369.18,3201599.45,EUR,Consulting
REV002284,ACC0071,2023-04,16441403.22,12265857.13,4591072.1,EUR,Product
REV002285,ACC0071,2023-05,17745639.05,10300013.32,3384458.05,EUR,Service
REV002286,ACC0071,2023-06,15442656,10411313.64,3329909.62,EUR,Service
REV002287,ACC0071,2023-07,13662166.77,7238141.72,881919.53,EUR,Service
REV002288,ACC0071,2023-08,15214953.06,12793781.97,820467.03,EUR,Product
REV002289,ACC0071,2023-09,14922012.33,12275832.88,2491016.69,EUR,Product
REV002290,ACC0071,2023-10,15316496.63,12209729.35,1408140.59,EUR,Maintenance
REV002291,ACC0071,2023-11,16525661.86,12604530.39,2731709.64,EUR,Maintenance
REV002292,ACC0071,2023-12,19989271.34,15829214.94,2424104.07,EUR,Service
REV002293,ACC0071,2024-01,20897697.54,12688260.38,2162008.28,EUR,Consulting
REV002294,ACC0071,2024-02,22164202.39,18147590.36,4323461.84,EUR,Product
REV002295,ACC0071,2024-03,26151706.61,13184398.82,4895047.21,EUR,Service
REV002296,ACC0071,2024-04,25166000.6,20110552.58,2566131.22,EUR,Consulting
REV002297,ACC0071,2024-05,22274921.28,12511840.4,2837500.8,EUR,Consulting
REV002298,ACC0071,2024-06,21470883.3,18349602.34,4444203.11,EUR,Product
REV002299,ACC0071,2024-07,24772070.88,17033559.07,3452012.42,EUR,Service
REV002300,ACC0071,2024-08,23943999.57,21470293.96,5955826.97,EUR,Maintenance
REV002301,ACC0071,2024-09,23243448.75,17352257.75,1297036.1,EUR,Product
REV002302,ACC0071,2024-10,26762992.58,23179872.81,6497811.08,EUR,Maintenance
REV002303,ACC0071,2024-11,29003085.51,18744659.13,8335392.94,EUR,Product
REV002304,ACC0071,2024-12,30201756.73,24941935.43,6914484.04,EUR,Service
REV002305,ACC0023,2022-01,40912029.31,34127040.88,4653145.99,EUR,Service
REV002306,ACC0023,2022-02,41313307.92,24520427.65,6615086.32,EUR,Service
REV002307,ACC0023,2022-03,49955155.64,26115743.87,12126525.4,EUR,Consulting
REV002308,ACC0023,2022-04,42084791.73,36923256.63,2419817.03,EUR,Service
REV002309,ACC0023,2022-05,40247930.53,27155168.69,11253229.29,EUR,Product
REV002310,ACC0023,2022-06,41975997.77,35997423.56,9865934.52,EUR,Service
REV002311,ACC0023,2022-07,42519434.6,31352385.73,11930560.95,EUR,Service
REV002312,ACC0023,2022-08,38242043.56,22876567.75,4436296.74,EUR,Product
REV002313,ACC0023,2022-09,41809936.77,34608779.8,7401521.47,EUR,Service
REV002314,ACC0023,2022-10,37597369.4,30031371.74,2422754.19,EUR,Product
REV002315,ACC0023,2022-11,45015576.27,31718046.95,8672795.78,EUR,Service
REV002316,ACC0023,2022-12,49059134.31,40271958.13,14132733.08,EUR,Product
REV002317,ACC0023,2023-01,53185339.09,46384825.46,6623838.64,EUR,Consulting
REV002318,ACC0023,2023-02,57746159.38,42613538.82,5439747.55,EUR,Product
REV002319,ACC0023,2023-03,69954748.83,57929464.07,15495488.42,EUR,Service
REV002320,ACC0023,2023-04,69035818.68,36271355.82,12445656.66,EUR,Product
REV002321,ACC0023,2023-05,59857547.65,37832782.89,7636945.59,EUR,Service
REV002322,ACC0023,2023-06,63016577.87,39061580.55,15791654.65,EUR,Product
REV002323,ACC0023,2023-07,60741745.46,40146921.4,9738361.16,EUR,Service
REV002324,ACC0023,2023-08,58567720.24,44677177.22,15832916.18,EUR,Service
REV002325,ACC0023,2023-09,53666000.1,30831389.48,4236828.14,EUR,Service
REV002326,ACC0023,2023-10,67452705.42,49228411.71,14849366.92,EUR,Maintenance
REV002327,ACC0023,2023-11,69896761.54,62320914.48,13127470.45,EUR,Service
REV002328,ACC0023,2023-12,64448939.83,34032388.38,12294102.13,EUR,Service
REV002329,ACC0023,2024-01,87682761.43,45328661.21,22546477.69,EUR,Product
REV002330,ACC0023,2024-02,90547342.1,53121409.77,7493293.89,EUR,Service
REV002331,ACC0023,2024-03,100557785.89,79024292.59,21657825.75,EUR,Product
REV002332,ACC0023,2024-04,107245293.5,67163584.5,5370943.8,EUR,Consulting
REV002333,ACC0023,2024-05,92964475.59,52705289.99,12520826.99,EUR,Consulting
REV002334,ACC0023,2024-06,101778708.83,55201841.2,27377739.8,EUR,Product
REV002335,ACC0023,2024-07,103051441.53,59125123.7,12734667.58,EUR,Service
REV002336,ACC0023,2024-08,73714189.73,39588724.02,10592405.87,EUR,Product
REV002337,ACC0023,2024-09,97604860.75,77993061.72,20840482.65,EUR,Product
REV002338,ACC0023,2024-10,96427049.57,70522824.97,9394230.89,EUR,Service
REV002339,ACC0023,2024-11,120461304.95,98027087.26,17276477.43,EUR,Consulting
REV002340,ACC0023,2024-12,116278371.75,89387507.76,27316551.46,EUR,Service
REV002341,ACC0074,2022-01,40139466.62,29324101.28,7348079.16,EUR,Product
REV002342,ACC0074,2022-02,35595066.23,18891055.02,1849046.42,EUR,Product
REV002343,ACC0074,2022-03,43806258.39,27355937.15,12571526.27,EUR,Service
REV002344,ACC0074,2022-04,42877815.39,35770002.34,12415846.15,EUR,Service
REV002345,ACC0074,2022-05,43350347.7,34080108.75,10636151.87,EUR,Consulting
REV002346,ACC0074,2022-06,37268037.31,32226094.72,2808269.48,EUR,Service
REV002347,ACC0074,2022-07,40469750.8,22722927.24,8002807.81,EUR,Product
REV002348,ACC0074,2022-08,39821828.6,24362174.98,5505510.97,EUR,Consulting
REV002349,ACC0074,2022-09,40757043.2,21064727.63,10918134.8,EUR,Consulting
REV002350,ACC0074,2022-10,39221035.29,20428858.67,11688125.86,EUR,Product
REV002351,ACC0074,2022-11,41667314.95,35380252.15,2844229.32,EUR,Consulting
REV002352,ACC0074,2022-12,42816871,27381501.39,3794640.07,EUR,Service
REV002353,ACC0074,2023-01,52640220.37,37709375.55,7746796.09,EUR,Product
REV002354,ACC0074,2023-02,53314804.37,47591811.73,14729753.02,EUR,Maintenance
REV002355,ACC0074,2023-03,50148027.63,39930998.04,11544261.53,EUR,Service
REV002356,ACC0074,2023-04,73843408.68,54405135.58,19017763.14,EUR,Consulting
REV002357,ACC0074,2023-05,51468314.96,34572836.55,8883259.16,EUR,Product
REV002358,ACC0074,2023-06,61063447.55,31705761.05,12872482,EUR,Service
REV002359,ACC0074,2023-07,57455894.15,49394082.93,12456803.07,EUR,Product
REV002360,ACC0074,2023-08,49313404.43,29193976.09,10843366.73,EUR,Maintenance
REV002361,ACC0074,2023-09,47324504.42,41194375.05,4681186.87,EUR,Product
REV002362,ACC0074,2023-10,49816137.29,35030078.99,8659555.99,EUR,Maintenance
REV002363,ACC0074,2023-11,68466311.75,37948358.17,10769597.41,EUR,Product
REV002364,ACC0074,2023-12,70937478.72,54274263.72,14188079.19,EUR,Service
REV002365,ACC0074,2024-01,78111199.89,60536929.15,17596771.39,EUR,Consulting
REV002366,ACC0074,2024-02,86067120.8,73379902.86,19448860.94,EUR,Service
REV002367,ACC0074,2024-03,72922078.42,53108290.52,11021467.49,EUR,Service
REV002368,ACC0074,2024-04,92341605.61,58868878.82,6672921.51,EUR,Product
REV002369,ACC0074,2024-05,82952112.75,43100364.57,8650917.31,EUR,Service
REV002370,ACC0074,2024-06,74203425.95,45236937.3,5624965.14,EUR,Maintenance
REV002371,ACC0074,2024-07,76182025.52,55058196.25,4062960.56,EUR,Product
REV002372,ACC0074,2024-08,76274929.55,39434173.46,14132130.25,EUR,Product
REV002373,ACC0074,2024-09,69114484.25,51453930.87,19128067.9,EUR,Product
REV002374,ACC0074,2024-10,81755125.66,48598051.94,12771215.33,EUR,Service
REV002375,ACC0074,2024-11,78311249.47,47941816.42,21051660.63,EUR,Product
REV002376,ACC0074,2024-12,87918934.39,72499888.72,20665398.76,EUR,Maintenance
REV002377,ACC0148,2022-01,10799778.85,5549926.48,2774721.77,EUR,Maintenance
REV002378,ACC0148,2022-02,10294714.16,6927100.65,1949566.27,EUR,Maintenance
REV002379,ACC0148,2022-03,11889919.68,8977736.6,3312985.11,EUR,Service
REV002380,ACC0148,2022-04,11232692.75,6252833.81,3321512.9,EUR,Product
REV002381,ACC0148,2022-05,10782571.03,6008372.8,2206822.35,EUR,Product
REV002382,ACC0148,2022-06,10513348.81,8870720.9,2235512.36,EUR,Consulting
REV002383,ACC0148,2022-07,10101877.76,5774805.46,2646621.26,EUR,Maintenance
REV002384,ACC0148,2022-08,9982941.08,6613644.1,1473817.56,EUR,Product
REV002385,ACC0148,2022-09,10077800.42,7459870.95,1374099.24,EUR,Product
REV002386,ACC0148,2022-10,9836434.99,6042290.18,833598.39,EUR,Consulting
REV002387,ACC0148,2022-11,13554730.73,8950753.79,2268428.99,EUR,Product
REV002388,ACC0148,2022-12,13239298.89,8315173.53,3662773.19,EUR,Product
REV002389,ACC0148,2023-01,12827110.39,10427506.76,2842428.45,EUR,Product
REV002390,ACC0148,2023-02,17842343.44,9526400.8,4275716.74,EUR,Service
REV002391,ACC0148,2023-03,14253345.39,11509451.23,2637379.47,EUR,Service
REV002392,ACC0148,2023-04,17990875.4,12752604.52,2114235.13,EUR,Consulting
REV002393,ACC0148,2023-05,16374659.91,13925857.41,3252400.56,EUR,Service
REV002394,ACC0148,2023-06,17229829.49,13097888.34,1399647.88,EUR,Service
REV002395,ACC0148,2023-07,14887185.36,8380897.7,2596461.54,EUR,Service
REV002396,ACC0148,2023-08,15603336.24,8194282.32,2199769.74,EUR,Consulting
REV002397,ACC0148,2023-09,15574855.45,13717370.23,1581944.83,EUR,Maintenance
REV002398,ACC0148,2023-10,17328682.32,9907233.49,1746207.29,EUR,Product
REV002399,ACC0148,2023-11,19228981.98,15981620.3,2837612.81,EUR,Product
REV002400,ACC0148,2023-12,18035992.16,12787377.72,3694227.38,EUR,Service
REV002401,ACC0148,2024-01,22687379.35,19316670.82,3701537.83,EUR,Product
REV002402,ACC0148,2024-02,25769870.44,20850037.82,1341674.14,EUR,Service
REV002403,ACC0148,2024-03,26246176.13,20809553.32,2806121.87,EUR,Product
REV002404,ACC0148,2024-04,29803763.07,21041880.17,4257965.72,EUR,Service
REV002405,ACC0148,2024-05,28230439.98,17834717.46,8191626.29,EUR,Service
REV002406,ACC0148,2024-06,25197670.63,14104880.05,5830749.77,EUR,Maintenance
REV002407,ACC0148,2024-07,25458053.21,12796528.62,1815142.62,EUR,Product
REV002408,ACC0148,2024-08,24816989.45,14971028.52,5857866.02,EUR,Maintenance
REV002409,ACC0148,2024-09,22928623.54,18735715.53,2735176.87,EUR,Maintenance
REV002410,ACC0148,2024-10,25902612.27,13272175.87,7144893.09,EUR,Consulting
REV002411,ACC0148,2024-11,26213348.8,18197071.01,2768427.99,EUR,Maintenance
REV002412,ACC0148,2024-12,31774149.2,26599161.04,5287030.09,EUR,Maintenance
REV002413,ACC0157,2022-01,39996827.8,28701587.99,8891041.87,EUR,Service
REV002414,ACC0157,2022-02,45018798.85,24575892.85,12724114.36,EUR,Product
REV002415,ACC0157,2022-03,44788516.59,24055545.58,7749378.72,EUR,Consulting
REV002416,ACC0157,2022-04,51654763.38,36510516.07,9068616.81,EUR,Maintenance
REV002417,ACC0157,2022-05,39023107.39,34498208.29,9794980.1,EUR,Service
REV002418,ACC0157,2022-06,44018890.59,39149064.53,5984408.2,EUR,Service
REV002419,ACC0157,2022-07,41970153.47,33951451.82,10018491.3,EUR,Service
REV002420,ACC0157,2022-08,38526895.85,27029465.18,6276594.95,EUR,Product
REV002421,ACC0157,2022-09,40314894.09,35382932.62,5511322.8,EUR,Product
REV002422,ACC0157,2022-10,40268983.38,28224830.67,11580858.49,EUR,Product
REV002423,ACC0157,2022-11,47391343.09,37893841.88,14124285.28,EUR,Maintenance
REV002424,ACC0157,2022-12,48300743.73,38599095.4,3963818.87,EUR,Service
REV002425,ACC0157,2023-01,53474102.36,33730086.07,3577530.25,EUR,Service
REV002426,ACC0157,2023-02,48624869.01,27941137.62,2738093.99,EUR,Product
REV002427,ACC0157,2023-03,54942939.51,32955390.32,7367977.92,EUR,Product
REV002428,ACC0157,2023-04,55511291.58,49120462.04,4979887.89,EUR,Consulting
REV002429,ACC0157,2023-05,51112157.31,34580047.58,8597257.99,EUR,Service
REV002430,ACC0157,2023-06,50003847.95,27572203.5,9325492.1,EUR,Service
REV002431,ACC0157,2023-07,48597597.85,30537815.01,10889466.8,EUR,Service
REV002432,ACC0157,2023-08,50414654.31,26328862.78,8477703.51,EUR,Product
REV002433,ACC0157,2023-09,47854474.31,37020496.28,12221445.06,EUR,Maintenance
REV002434,ACC0157,2023-10,44348311.76,25537216.08,6335352.74,EUR,Maintenance
REV002435,ACC0157,2023-11,53286615.65,29547729.47,4374759.07,EUR,Maintenance
REV002436,ACC0157,2023-12,64180750.09,50365775.5,18300623.63,EUR,Product
REV002437,ACC0157,2024-01,62938469.08,55504055.07,6606458.01,EUR,Service
REV002438,ACC0157,2024-02,71821343.76,38255481.69,20145446.4,EUR,Service
REV002439,ACC0157,2024-03,73953902.02,54456134.66,19732100.29,EUR,Service
REV002440,ACC0157,2024-04,64170289.81,40090735.16,18153349.33,EUR,Product
REV002441,ACC0157,2024-05,72431388.38,53458976.66,14709552.62,EUR,Service
REV002442,ACC0157,2024-06,63977896.69,41263813.76,6830945.79,EUR,Product
REV002443,ACC0157,2024-07,51022128.82,31156712.81,9957330.82,EUR,Service
REV002444,ACC0157,2024-08,48851080.77,33558800.46,3568997.52,EUR,Maintenance
REV002445,ACC0157,2024-09,48669449.78,38863756.73,12067875.32,EUR,Service
REV002446,ACC0157,2024-10,54947132.71,38382427.68,12897368.75,EUR,Service
REV002447,ACC0157,2024-11,67509514.14,43366622.57,12684167.91,EUR,Service
REV002448,ACC0157,2024-12,73127063.88,51381658.9,18974088.03,EUR,Service
REV002449,ACC0147,2022-01,30146256.77,26504952.06,9013544.34,EUR,Maintenance
REV002450,ACC0147,2022-02,32148871.1,23671386.47,5619149.05,EUR,Product
REV002451,ACC0147,2022-03,32982064.27,22511505.93,9710172.34,EUR,Product
REV002452,ACC0147,2022-04,34521575.63,25316349.11,2114759.09,EUR,Consulting
REV002453,ACC0147,2022-05,33098235.86,19387441.36,2980315.08,EUR,Product
REV002454,ACC0147,2022-06,28838888.39,20841839.46,8142508.36,EUR,Service
REV002455,ACC0147,2022-07,24243294.22,14932295.64,2465176.37,EUR,Product
REV002456,ACC0147,2022-08,22378996.65,17794032.18,6171722.67,EUR,Product
REV002457,ACC0147,2022-09,27851143.56,18341012.24,4618580.74,EUR,Service
REV002458,ACC0147,2022-10,23952260.09,12037234.04,1305390.95,EUR,Service
REV002459,ACC0147,2022-11,23581359.65,15668682.59,7062718.13,EUR,Maintenance
REV002460,ACC0147,2022-12,28046300.91,24871225.57,4050062.31,EUR,Maintenance
REV002461,ACC0147,2023-01,30570196.66,17266710.32,9113511.69,EUR,Consulting
REV002462,ACC0147,2023-02,37031013.7,30179441.82,7822976.01,EUR,Product
REV002463,ACC0147,2023-03,37552185.36,27503648.28,10589071.2,EUR,Consulting
REV002464,ACC0147,2023-04,27220061.91,19458914.13,4632591.6,EUR,Maintenance
REV002465,ACC0147,2023-05,30857210.92,24840765.27,2573979.71,EUR,Product
REV002466,ACC0147,2023-06,29711561.56,17203723.47,1567978.75,EUR,Product
REV002467,ACC0147,2023-07,24057267.09,19527260.96,5075163.03,EUR,Consulting
REV002468,ACC0147,2023-08,24269989.84,19517830.27,6675059.94,EUR,Service
REV002469,ACC0147,2023-09,25403446.46,22523938.78,1476331.11,EUR,Product
REV002470,ACC0147,2023-10,24703245.51,14147091.97,2793779.75,EUR,Consulting
REV002471,ACC0147,2023-11,28593785.99,16648262.67,3860530.84,EUR,Maintenance
REV002472,ACC0147,2023-12,28837720.81,20906443.56,2252695.64,EUR,Service
REV002473,ACC0147,2024-01,37204043.4,23204711,9861058.05,EUR,Service
REV002474,ACC0147,2024-02,39559948.41,22649108.43,2265690.01,EUR,Service
REV002475,ACC0147,2024-03,38715337.86,22997514.06,7330074.33,EUR,Product
REV002476,ACC0147,2024-04,34108653.22,24682538.29,7894770.97,EUR,Product
REV002477,ACC0147,2024-05,32055486.13,20852282.99,6618809.35,EUR,Service
REV002478,ACC0147,2024-06,32589510.49,20701516.3,4477902.98,EUR,Service
REV002479,ACC0147,2024-07,29417726.79,26297886.91,5534098.57,EUR,Service
REV002480,ACC0147,2024-08,23250893.28,13177861.45,4781923.15,EUR,Service
REV002481,ACC0147,2024-09,29678680.64,23798805.96,8320389.01,EUR,Product
REV002482,ACC0147,2024-10,27769591.12,21541954.61,3724276.29,EUR,Service
REV002483,ACC0147,2024-11,27534462.46,19151442.79,4551556.67,EUR,Service
REV002484,ACC0147,2024-12,28840117.43,16838010.86,7125765.73,EUR,Service
REV002485,ACC0107,2022-01,43819336.39,35503440.55,3169220.8,EUR,Product
REV002486,ACC0107,2022-02,41244190.37,24252554.32,10455666.18,EUR,Service
REV002487,ACC0107,2022-03,42921063.79,37941071.93,9146019.78,EUR,Maintenance
REV002488,ACC0107,2022-04,47221002.76,39759429.18,4627523.82,EUR,Service
REV002489,ACC0107,2022-05,47380685.81,23936458.31,11980339.32,EUR,Maintenance
REV002490,ACC0107,2022-06,43488673.91,22321133.82,2989801.49,EUR,Product
REV002491,ACC0107,2022-07,39417575.55,21384227.83,5005522.14,EUR,Consulting
REV002492,ACC0107,2022-08,32670276.55,18933204.76,9570921.59,EUR,Service
REV002493,ACC0107,2022-09,33796508.76,19010993.93,2320010.01,EUR,Consulting
REV002494,ACC0107,2022-10,31886651.03,26963438.37,5776063.34,EUR,Service
REV002495,ACC0107,2022-11,33867767.07,27774657.52,4948702.34,EUR,Maintenance
REV002496,ACC0107,2022-12,39574098.96,30931681.4,2162211.73,EUR,Maintenance
REV002497,ACC0107,2023-01,34290873.29,30598026.15,7361167.89,EUR,Service
REV002498,ACC0107,2023-02,49184553.55,34059468.79,8980061.38,EUR,Consulting
REV002499,ACC0107,2023-03,46745225.08,30504444.26,9502099.14,EUR,Service
REV002500,ACC0107,2023-04,38395154.57,26140812.67,11305532.76,EUR,Service
REV002501,ACC0107,2023-05,38950851.26,25620365.81,2386270.5,EUR,Product
REV002502,ACC0107,2023-06,36094857.13,22458980.24,7892381.93,EUR,Product
REV002503,ACC0107,2023-07,34112272.69,24000265.42,5005583.02,EUR,Service
REV002504,ACC0107,2023-08,35540541.52,30723682.47,7289808.31,EUR,Service
REV002505,ACC0107,2023-09,28880186.25,22117290.51,6880137.47,EUR,Service
REV002506,ACC0107,2023-10,32185809.65,18609439.3,7790742.44,EUR,Service
REV002507,ACC0107,2023-11,30208827.26,15190363.91,2383714.5,EUR,Service
REV002508,ACC0107,2023-12,33376230.53,29572184.24,7308788.43,EUR,Product
REV002509,ACC0107,2024-01,35012082.54,28827190.78,8141687.34,EUR,Consulting
REV002510,ACC0107,2024-02,45606668.91,30538417.67,6160682.39,EUR,Service
REV002511,ACC0107,2024-03,38357146.47,29732311.05,10236407.83,EUR,Maintenance
REV002512,ACC0107,2024-04,36241408.6,31572026.41,6557388.98,EUR,Maintenance
REV002513,ACC0107,2024-05,35596352.85,24551270.77,10160657.95,EUR,Service
REV002514,ACC0107,2024-06,35365245.15,29423223.72,9906092.37,EUR,Service
REV002515,ACC0107,2024-07,29526489.81,24557503.84,8480691.84,EUR,Consulting
REV002516,ACC0107,2024-08,30067782.43,18299756.32,5233178.94,EUR,Product
REV002517,ACC0107,2024-09,26839882.1,15575339.9,4629894.64,EUR,Maintenance
REV002518,ACC0107,2024-10,24877977.81,20053790.52,3424765.7,EUR,Service
REV002519,ACC0107,2024-11,24857061.31,21097456.51,2882411,EUR,Service
REV002520,ACC0107,2024-12,27155772.9,17759993.58,3118045.89,EUR,Service
REV002521,ACC0175,2022-01,25398948.16,17196294.03,1767174.79,EUR,Service
REV002522,ACC0175,2022-02,23135711.95,14113489.76,3721104.13,EUR,Product
REV002523,ACC0175,2022-03,23350003.74,14661152.4,1378110.83,EUR,Service
REV002524,ACC0175,2022-04,25164236.91,15011348.4,4373261.19,EUR,Service
REV002525,ACC0175,2022-05,27210957.77,13665997.51,6292364.22,EUR,Maintenance
REV002526,ACC0175,2022-06,22120321.12,13845733.42,2361292.67,EUR,Service
REV002527,ACC0175,2022-07,18161690.75,11498283.81,1030610.38,EUR,Service
REV002528,ACC0175,2022-08,19605482.88,16601135.56,1139755.61,EUR,Consulting
REV002529,ACC0175,2022-09,17490693.05,12418231.61,2512527.12,EUR,Service
REV002530,ACC0175,2022-10,19552392.69,17009900.11,3814407.33,EUR,Product
REV002531,ACC0175,2022-11,21954442.8,16309187.79,2457111.9,EUR,Service
REV002532,ACC0175,2022-12,20684470.11,10697175.39,5785463.54,EUR,Maintenance
REV002533,ACC0175,2023-01,26010339.52,13308716.18,2740260.56,EUR,Product
REV002534,ACC0175,2023-02,28092665.1,15028015.25,1413819.24,EUR,Consulting
REV002535,ACC0175,2023-03,23738561.22,13943303.56,5998721.78,EUR,Maintenance
REV002536,ACC0175,2023-04,24901924.26,12908057.49,5840089.78,EUR,Product
REV002537,ACC0175,2023-05,21417022.82,13800822.41,2304798.15,EUR,Service
REV002538,ACC0175,2023-06,19871549.02,11542118.88,2440978.17,EUR,Service
REV002539,ACC0175,2023-07,18208437.02,11151813.03,2854360,EUR,Maintenance
REV002540,ACC0175,2023-08,21808024.99,14341791.88,3445033.42,EUR,Product
REV002541,ACC0175,2023-09,17655316.42,10370100.95,4665910.49,EUR,Product
REV002542,ACC0175,2023-10,15375349.03,11195568.6,2592810.6,EUR,Product
REV002543,ACC0175,2023-11,19363486.44,14287428.09,4756444.78,EUR,Maintenance
REV002544,ACC0175,2023-12,20639893.2,17054467.04,1307394.38,EUR,Product
REV002545,ACC0175,2024-01,20587994.83,11768421.22,3547481.54,EUR,Product
REV002546,ACC0175,2024-02,23353291.67,19839578.02,3082038.54,EUR,Service
REV002547,ACC0175,2024-03,22518152.08,20056947.03,2602934.08,EUR,Consulting
REV002548,ACC0175,2024-04,20303973.49,11794046.98,2011678.57,EUR,Product
REV002549,ACC0175,2024-05,22039481.02,18376755.47,3455328.9,EUR,Product
REV002550,ACC0175,2024-06,20381573.98,17220074.1,2910513.12,EUR,Maintenance
REV002551,ACC0175,2024-07,19762568.76,13620824.27,3903315.37,EUR,Consulting
REV002552,ACC0175,2024-08,19816234.24,12634342.21,4743021.56,EUR,Service
REV002553,ACC0175,2024-09,17205022.25,9864833.23,996619.51,EUR,Maintenance
REV002554,ACC0175,2024-10,18554938.36,13195213.43,2477641.58,EUR,Maintenance
REV002555,ACC0175,2024-11,18458197.81,9675510.92,1316053.08,EUR,Maintenance
REV002556,ACC0175,2024-12,18847799.45,10326710.27,1695927.72,EUR,Product
REV002557,ACC0140,2022-01,2264640.09,1493871.48,166933.88,EUR,Product
REV002558,ACC0140,2022-02,2888162.84,1977491.27,407169.96,EUR,Service
REV002559,ACC0140,2022-03,3016158.48,2136546.88,375206.99,EUR,Maintenance
REV002560,ACC0140,2022-04,2772916.94,2394942.51,310885.91,EUR,Service
REV002561,ACC0140,2022-05,2336617.33,1636144.95,122077.48,EUR,Consulting
REV002562,ACC0140,2022-06,2176120.18,1513951.9,144787.16,EUR,Product
REV002563,ACC0140,2022-07,2655726.61,2180505.11,401321.77,EUR,Service
REV002564,ACC0140,2022-08,2636331.43,1768784.16,158726.39,EUR,Product
REV002565,ACC0140,2022-09,2657676.76,1812608.59,269079.77,EUR,Service
REV002566,ACC0140,2022-10,2626860.77,2081262.92,467771.88,EUR,Product
REV002567,ACC0140,2022-11,2836999.23,1430562.58,322215.88,EUR,Maintenance
REV002568,ACC0140,2022-12,3288801.68,2867435.91,434584.92,EUR,Product
REV002569,ACC0140,2023-01,3944553.71,3042660.51,1053172.85,EUR,Consulting
REV002570,ACC0140,2023-02,3827307.59,2700659.59,779181.57,EUR,Product
REV002571,ACC0140,2023-03,4040689.7,3421448.07,761751.86,EUR,Maintenance
REV002572,ACC0140,2023-04,4391737.78,2880910.3,1302181.15,EUR,Product
REV002573,ACC0140,2023-05,4806982.83,4226728.35,754723.51,EUR,Maintenance
REV002574,ACC0140,2023-06,3920151.07,3259416.81,1125245.39,EUR,Consulting
REV002575,ACC0140,2023-07,4340781.09,3713551.21,814792.71,EUR,Maintenance
REV002576,ACC0140,2023-08,4675104.02,3436432.7,261753.21,EUR,Consulting
REV002577,ACC0140,2023-09,3263937.21,2900618.9,190674.58,EUR,Service
REV002578,ACC0140,2023-10,4070364.65,3196450.75,551817.26,EUR,Service
REV002579,ACC0140,2023-11,4521241.32,3390921.07,287194.98,EUR,Maintenance
REV002580,ACC0140,2023-12,5431405.94,4125638.61,1492187.69,EUR,Service
REV002581,ACC0140,2024-01,6284134.37,4645525.27,1292097.58,EUR,Service
REV002582,ACC0140,2024-02,6289853.2,5214340.95,574157.41,EUR,Product
REV002583,ACC0140,2024-03,7627141.31,6405841.24,1143214.27,EUR,Product
REV002584,ACC0140,2024-04,6845137.56,4627769.94,1442043,EUR,Product
REV002585,ACC0140,2024-05,6354578.61,4075113.95,1596737.59,EUR,Maintenance
REV002586,ACC0140,2024-06,6346190.3,3702317.6,576475.87,EUR,Product
REV002587,ACC0140,2024-07,5161898.05,4369818.85,1068455.44,EUR,Service
REV002588,ACC0140,2024-08,6694778.87,4221347.15,371546.25,EUR,Product
REV002589,ACC0140,2024-09,6407027.53,3404402.48,1837809.03,EUR,Product
REV002590,ACC0140,2024-10,7627733.21,6420487.12,2161090.02,EUR,Product
REV002591,ACC0140,2024-11,7070422.91,6104788.74,885493.48,EUR,Consulting
REV002592,ACC0140,2024-12,7439979.98,4426829.27,2171922.83,EUR,Consulting
REV002593,ACC0114,2022-01,3052064.04,2173907.9,693441.59,EUR,Product
REV002594,ACC0114,2022-02,2994262.04,2484704.04,598854.69,EUR,Consulting
REV002595,ACC0114,2022-03,3308120.66,2430691.66,599956.81,EUR,Maintenance
REV002596,ACC0114,2022-04,3227200.61,2437291.31,425520.39,EUR,Service
REV002597,ACC0114,2022-05,3518415.91,1906950.42,930639.74,EUR,Service
REV002598,ACC0114,2022-06,2449753.42,1408896.22,438028.07,EUR,Product
REV002599,ACC0114,2022-07,2730514.02,2382971.63,718092.3,EUR,Service
REV002600,ACC0114,2022-08,2597627.22,1655514.76,695399.56,EUR,Service
REV002601,ACC0114,2022-09,2412086.52,1656657.61,373151.42,EUR,Service
REV002602,ACC0114,2022-10,2217712.29,1407398.79,298530.57,EUR,Product
REV002603,ACC0114,2022-11,2645364.51,1379438.67,471735.96,EUR,Service
REV002604,ACC0114,2022-12,2859792.51,2139783.25,747096.52,EUR,Product
REV002605,ACC0114,2023-01,2657348.29,1862065.56,390418.02,EUR,Maintenance
REV002606,ACC0114,2023-02,3047144.67,2452594.37,542771.7,EUR,Product
REV002607,ACC0114,2023-03,3796508.67,3021187.21,1029589.62,EUR,Maintenance
REV002608,ACC0114,2023-04,3287589.12,1822942.25,374216.13,EUR,Service
REV002609,ACC0114,2023-05,2854115.08,1758683.82,312045.46,EUR,Service
REV002610,ACC0114,2023-06,2507230.96,1850998.07,351709.27,EUR,Maintenance
REV002611,ACC0114,2023-07,2866025.63,2122388.72,716451.49,EUR,Consulting
REV002612,ACC0114,2023-08,2434940.65,1714957.57,644530.55,EUR,Service
REV002613,ACC0114,2023-09,2634989.72,2067735.03,569188.85,EUR,Service
REV002614,ACC0114,2023-10,2591743.33,2091681.13,422471,EUR,Service
REV002615,ACC0114,2023-11,2545685.54,1775015.13,364099.14,EUR,Consulting
REV002616,ACC0114,2023-12,2618785.27,1432446.17,272893.86,EUR,Service
REV002617,ACC0114,2024-01,3555845.75,2989080.75,832655.33,EUR,Maintenance
REV002618,ACC0114,2024-02,3343496.7,2495177.97,181407.15,EUR,Product
REV002619,ACC0114,2024-03,3768251.01,2313740.43,500173.08,EUR,Service
REV002620,ACC0114,2024-04,3680115.83,2297186.57,816975.56,EUR,Service
REV002621,ACC0114,2024-05,3151345.86,2705604.61,883970.63,EUR,Maintenance
REV002622,ACC0114,2024-06,3162258.94,1830920.07,603706.74,EUR,Maintenance
REV002623,ACC0114,2024-07,2887447.03,2204844.19,497058.81,EUR,Product
REV002624,ACC0114,2024-08,2488135.53,2141426.66,702978.66,EUR,Maintenance
REV002625,ACC0114,2024-09,2634127.34,1771109.02,305234.37,EUR,Maintenance
REV002626,ACC0114,2024-10,2761960.42,2245184.87,767318.58,EUR,Consulting
REV002627,ACC0114,2024-11,2778017.7,1934410.47,610844.41,EUR,Service
REV002628,ACC0114,2024-12,3007205.81,1844050.83,426886.65,EUR,Product
REV002629,ACC0006,2022-01,20887371.04,12752199.78,3636681.34,EUR,Consulting
REV002630,ACC0006,2022-02,21997643.04,13488230.36,3104620.99,EUR,Service
REV002631,ACC0006,2022-03,21972608.79,17932335.9,3038768.98,EUR,Service
REV002632,ACC0006,2022-04,20772964.58,18061112.95,5200616.15,EUR,Consulting
REV002633,ACC0006,2022-05,24625886.86,16489126.18,4668105.2,EUR,Consulting
REV002634,ACC0006,2022-06,20995943.11,18645140.64,4503772.25,EUR,Maintenance
REV002635,ACC0006,2022-07,20899016.84,17644145.23,3211198.18,EUR,Service
REV002636,ACC0006,2022-08,16189497.97,10400919.49,840957.39,EUR,Consulting
REV002637,ACC0006,2022-09,17535598.75,13985117.52,1278598.58,EUR,Service
REV002638,ACC0006,2022-10,19294170.55,11197742.64,3249376.38,EUR,Service
REV002639,ACC0006,2022-11,20305309.23,12829941.9,3409003.33,EUR,Service
REV002640,ACC0006,2022-12,24326906.8,17798393.47,4762423.51,EUR,Product
REV002641,ACC0006,2023-01,27448849.78,19828917.43,7460370.35,EUR,Maintenance
REV002642,ACC0006,2023-02,22678495.11,19234452.3,4922535.52,EUR,Service
REV002643,ACC0006,2023-03,23947400.4,16988402.39,6918789.06,EUR,Consulting
REV002644,ACC0006,2023-04,30568223.41,23185750.3,1715211.98,EUR,Product
REV002645,ACC0006,2023-05,26622033.33,17235677.66,6589321.17,EUR,Service
REV002646,ACC0006,2023-06,24733073.35,16021333.54,2501807.5,EUR,Product
REV002647,ACC0006,2023-07,23490011.4,15558817.94,1459244.12,EUR,Service
REV002648,ACC0006,2023-08,23970373.08,14261072.06,2499711.49,EUR,Service
REV002649,ACC0006,2023-09,25370165.67,15150999.77,4994342.36,EUR,Product
REV002650,ACC0006,2023-10,26596038.07,15810856.64,5056679.94,EUR,Service
REV002651,ACC0006,2023-11,25761232.93,14627843.41,5505711.92,EUR,Consulting
REV002652,ACC0006,2023-12,25380059.36,18052464.04,3066714.28,EUR,Consulting
REV002653,ACC0006,2024-01,29697718.74,21022814.63,7073184.07,EUR,Service
REV002654,ACC0006,2024-02,30526457.14,24393462.35,3609517.94,EUR,Maintenance
REV002655,ACC0006,2024-03,35103280.84,19448826.42,1824511.82,EUR,Product
REV002656,ACC0006,2024-04,33077191.79,20427761.54,7796772.6,EUR,Service
REV002657,ACC0006,2024-05,33101382.12,20418283.29,3956393.68,EUR,Maintenance
REV002658,ACC0006,2024-06,29700957.21,15206724.69,4923676.39,EUR,Service
REV002659,ACC0006,2024-07,30565011.75,24653688.21,7373685.33,EUR,Maintenance
REV002660,ACC0006,2024-08,26352818.04,15702251.58,5230265.22,EUR,Maintenance
REV002661,ACC0006,2024-09,26745709.33,18917595.04,5904779.73,EUR,Service
REV002662,ACC0006,2024-10,25001594.25,15227232.57,4790795.04,EUR,Service
REV002663,ACC0006,2024-11,33453408.23,23771650.98,7223857.12,EUR,Service
REV002664,ACC0006,2024-12,37515584.92,27909493.37,11092965.17,EUR,Service
REV002665,ACC0018,2022-01,5326163.72,3194252.45,1345353.87,EUR,Service
REV002666,ACC0018,2022-02,5491669.32,3062534.24,1118996.31,EUR,Product
REV002667,ACC0018,2022-03,6264344.8,3514538.77,906536.32,EUR,Maintenance
REV002668,ACC0018,2022-04,6182387.95,5412662.64,1553640.05,EUR,Product
REV002669,ACC0018,2022-05,5037977.57,4443799.6,741339.6,EUR,Service
REV002670,ACC0018,2022-06,6216097.37,5491889.22,499984.33,EUR,Consulting
REV002671,ACC0018,2022-07,5345661.57,3062126.9,453185.41,EUR,Maintenance
REV002672,ACC0018,2022-08,5523397.74,4197619.8,1622185.13,EUR,Service
REV002673,ACC0018,2022-09,5628244.77,3413619.78,1069626.72,EUR,Product
REV002674,ACC0018,2022-10,5637151.4,3287110.35,966729.73,EUR,Service
REV002675,ACC0018,2022-11,5658874.14,3440236.52,1671134.1,EUR,Maintenance
REV002676,ACC0018,2022-12,7036872.06,4903123.04,881019.28,EUR,Consulting
REV002677,ACC0018,2023-01,7372878.96,5222436.1,970974.86,EUR,Service
REV002678,ACC0018,2023-02,8087481.52,5110325.52,1585392.35,EUR,Maintenance
REV002679,ACC0018,2023-03,8099330.82,7008718.74,1064154.44,EUR,Maintenance
REV002680,ACC0018,2023-04,7491406.13,5741667.17,1855629.53,EUR,Service
REV002681,ACC0018,2023-05,6987290.54,5732769.67,1226995.63,EUR,Service
REV002682,ACC0018,2023-06,8606099.8,5464268.02,2258519.35,EUR,Product
REV002683,ACC0018,2023-07,6988747.29,4600270.34,1657400.47,EUR,Maintenance
REV002684,ACC0018,2023-08,6676008.79,4944664.33,692361.41,EUR,Service
REV002685,ACC0018,2023-09,7105686.33,4190056.6,1184681.6,EUR,Service
REV002686,ACC0018,2023-10,8125558.4,5217036.43,2199609.65,EUR,Maintenance
REV002687,ACC0018,2023-11,8586340.8,4903046.49,561228.46,EUR,Product
REV002688,ACC0018,2023-12,9210952.21,6237939.85,1510396.04,EUR,Product
REV002689,ACC0018,2024-01,9137529.33,5916216.38,572715.61,EUR,Service
REV002690,ACC0018,2024-02,9694854.36,8612952.61,1327229.11,EUR,Consulting
REV002691,ACC0018,2024-03,10064936.17,5119840.1,1359600.32,EUR,Service
REV002692,ACC0018,2024-04,10853168.06,9243096.56,2027724.91,EUR,Product
REV002693,ACC0018,2024-05,10434227.38,5582690.1,1208052.13,EUR,Product
REV002694,ACC0018,2024-06,9790562.96,7098763.69,2614157.63,EUR,Service
REV002695,ACC0018,2024-07,9501948.45,6359898.23,2162209.97,EUR,Product
REV002696,ACC0018,2024-08,9359181.5,7269610.16,579381.24,EUR,Product
REV002697,ACC0018,2024-09,7887392.21,4597426.07,1474877.85,EUR,Product
REV002698,ACC0018,2024-10,11112755.09,9114239.07,2265898.25,EUR,Product
REV002699,ACC0018,2024-11,10471745.98,8685156.84,636728.66,EUR,Service
REV002700,ACC0018,2024-12,11199788.72,6797247.02,1845523.77,EUR,Maintenance
REV002701,ACC0053,2022-01,2987737.15,2591328.6,582891.68,EUR,Maintenance
REV002702,ACC0053,2022-02,2929792.89,1856026.55,243689.56,EUR,Product
REV002703,ACC0053,2022-03,3562985.94,2038299.21,727224.44,EUR,Service
REV002704,ACC0053,2022-04,3781299.99,2216702.1,1043228.44,EUR,Service
REV002705,ACC0053,2022-05,3120163.39,1801882.59,399467.69,EUR,Consulting
REV002706,ACC0053,2022-06,2900746.92,2490987.28,666841.5,EUR,Product
REV002707,ACC0053,2022-07,2748862.17,1418576.15,190228.62,EUR,Service
REV002708,ACC0053,2022-08,3113925.86,1731260.15,468220.37,EUR,Service
REV002709,ACC0053,2022-09,3242282.7,1994004.78,813469.5,EUR,Product
REV002710,ACC0053,2022-10,2805939.76,1904684.63,818230.72,EUR,Product
REV002711,ACC0053,2022-11,3322179.32,2037716.51,234782.24,EUR,Product
REV002712,ACC0053,2022-12,3524513.07,2015479.03,550692.02,EUR,Service
REV002713,ACC0053,2023-01,4567935.84,3847835.02,428853.59,EUR,Product
REV002714,ACC0053,2023-02,4627730.01,2972488.8,821644.84,EUR,Service
REV002715,ACC0053,2023-03,4709170.99,2628745.49,769583.51,EUR,Service
REV002716,ACC0053,2023-04,4792905.96,2662643.13,304516.01,EUR,Product
REV002717,ACC0053,2023-05,4768118.01,3583825.59,802318.5,EUR,Product
REV002718,ACC0053,2023-06,3966896.03,1995691.92,1080244.64,EUR,Service
REV002719,ACC0053,2023-07,4115254.68,3289448.7,1072002.56,EUR,Maintenance
REV002720,ACC0053,2023-08,3565989.83,2391018.92,180742.52,EUR,Service
REV002721,ACC0053,2023-09,4050251.12,2148278.03,274402.49,EUR,Product
REV002722,ACC0053,2023-10,4063047.79,2654099.04,1086357.87,EUR,Service
REV002723,ACC0053,2023-11,4336700.15,3573775.58,1270478.34,EUR,Service
REV002724,ACC0053,2023-12,5126119.89,3033917.09,1148586.27,EUR,Product
REV002725,ACC0053,2024-01,4943921.27,3717124.45,705219.98,EUR,Service
REV002726,ACC0053,2024-02,5856200.61,5196365.38,1567811.51,EUR,Service
REV002727,ACC0053,2024-03,5430186.43,3742659.02,347620.23,EUR,Service
REV002728,ACC0053,2024-04,6169613.49,3352007.76,1122889.71,EUR,Product
REV002729,ACC0053,2024-05,6367892.49,3875269.19,948728.14,EUR,Product
REV002730,ACC0053,2024-06,5831018.86,4380448.05,1288813.82,EUR,Maintenance
REV002731,ACC0053,2024-07,4762540.42,3473867.57,408012.19,EUR,Product
REV002732,ACC0053,2024-08,6019648.93,5191149.5,787059.79,EUR,Service
REV002733,ACC0053,2024-09,5675393.01,3982818.85,1389134.55,EUR,Product
REV002734,ACC0053,2024-10,5408750.04,3551062.31,764019.38,EUR,Product
REV002735,ACC0053,2024-11,5955287.38,5313357.93,600118.35,EUR,Product
REV002736,ACC0053,2024-12,6486564.62,4198894.7,815126.1,EUR,Service
REV002737,ACC0052,2022-01,11750380.89,5888812.21,2995265.36,EUR,Consulting
REV002738,ACC0052,2022-02,12580964.66,7616752.22,2047039.98,EUR,Service
REV002739,ACC0052,2022-03,13137071.07,9930509.12,1138729.25,EUR,Maintenance
REV002740,ACC0052,2022-04,14717513.83,8945625.74,962112.09,EUR,Maintenance
REV002741,ACC0052,2022-05,12131347.01,7720433.07,2729768.52,EUR,Service
REV002742,ACC0052,2022-06,10172928.77,8362119.62,2702459.88,EUR,Consulting
REV002743,ACC0052,2022-07,10544729.55,7919455.38,2017727.43,EUR,Service
REV002744,ACC0052,2022-08,9099937.85,6512195.27,1321043.08,EUR,Product
REV002745,ACC0052,2022-09,11256890.82,7333149.23,1813625.34,EUR,Product
REV002746,ACC0052,2022-10,10507755.5,8362058,3067929.37,EUR,Maintenance
REV002747,ACC0052,2022-11,11743921.27,6994584.49,2828739.67,EUR,Product
REV002748,ACC0052,2022-12,14856669.69,9586020.49,3808162.61,EUR,Product
REV002749,ACC0052,2023-01,15819989.3,10304659.92,3832701.18,EUR,Product
REV002750,ACC0052,2023-02,16622931.49,12226884.29,4966206.88,EUR,Service
REV002751,ACC0052,2023-03,17036996.57,12904387.87,970810.07,EUR,Service
REV002752,ACC0052,2023-04,18753276.41,9700397.58,2580382.96,EUR,Maintenance
REV002753,ACC0052,2023-05,15456072.87,11619754.69,4358907.82,EUR,Consulting
REV002754,ACC0052,2023-06,18570318.06,11766517.16,1869250.39,EUR,Maintenance
REV002755,ACC0052,2023-07,12898628.9,8859214.67,2785932.4,EUR,Consulting
REV002756,ACC0052,2023-08,18073763.15,9085366.11,2082819.26,EUR,Product
REV002757,ACC0052,2023-09,15563509.94,7858638.5,2871407.93,EUR,Service
REV002758,ACC0052,2023-10,14881020.16,11733614.14,2418786.2,EUR,Service
REV002759,ACC0052,2023-11,19178447.2,15870362.32,2927925.18,EUR,Maintenance
REV002760,ACC0052,2023-12,23367405.32,17830713.82,5769622.04,EUR,Maintenance
REV002761,ACC0052,2024-01,22098131.17,11622334.21,4204793.74,EUR,Service
REV002762,ACC0052,2024-02,26604976.45,13583325.61,5363323.34,EUR,Consulting
REV002763,ACC0052,2024-03,23187724.79,13636978.46,6019749.52,EUR,Service
REV002764,ACC0052,2024-04,27616307.41,20124239.01,7004750.06,EUR,Product
REV002765,ACC0052,2024-05,26300761.6,18067080.67,1637151.09,EUR,Product
REV002766,ACC0052,2024-06,26574806.22,20375135.51,4832506.71,EUR,Service
REV002767,ACC0052,2024-07,25653236.5,21487241.13,5568850.44,EUR,Maintenance
REV002768,ACC0052,2024-08,19503305.78,16391648.25,4802175.98,EUR,Product
REV002769,ACC0052,2024-09,23807216.96,18293699.59,3952866.29,EUR,Maintenance
REV002770,ACC0052,2024-10,20289406.18,10960797.46,3871057.17,EUR,Service
REV002771,ACC0052,2024-11,26481353.77,20189785.92,6191666.35,EUR,Consulting
REV002772,ACC0052,2024-12,29556526.59,20581475.64,2972502.45,EUR,Service
REV002773,ACC0001,2022-01,11200518.61,7349078.99,2794968.73,EUR,Maintenance
REV002774,ACC0001,2022-02,13476155.37,7542854.21,1866788.35,EUR,Maintenance
REV002775,ACC0001,2022-03,12035550.42,10082426.58,3523209.94,EUR,Service
REV002776,ACC0001,2022-04,12254620.77,10215003.59,3473421.8,EUR,Maintenance
REV002777,ACC0001,2022-05,13850997.06,11341642.83,3222458.7,EUR,Maintenance
REV002778,ACC0001,2022-06,10427631.69,5416979.03,1451850.73,EUR,Service
REV002779,ACC0001,2022-07,9901102.14,7909030.29,2671517.15,EUR,Maintenance
REV002780,ACC0001,2022-08,9153344.73,5906126.59,733749.65,EUR,Product
REV002781,ACC0001,2022-09,10301868.02,5616601.72,2387299.09,EUR,Product
REV002782,ACC0001,2022-10,8061840.88,5640470.5,1626905.28,EUR,Service
REV002783,ACC0001,2022-11,11838634.93,10583287.83,3339998.06,EUR,Maintenance
REV002784,ACC0001,2022-12,13478863.63,8394069.82,2483638.93,EUR,Service
REV002785,ACC0001,2023-01,12738213.47,9448750.55,2516608.16,EUR,Maintenance
REV002786,ACC0001,2023-02,14435559.91,7426209.39,1011404.91,EUR,Product
REV002787,ACC0001,2023-03,15222079.63,11855127.82,4155851.41,EUR,Service
REV002788,ACC0001,2023-04,14019193.24,11551007.36,1093272.5,EUR,Product
REV002789,ACC0001,2023-05,13811146.54,9227109.32,2711363.3,EUR,Product
REV002790,ACC0001,2023-06,12237250.43,7160688.39,845293.49,EUR,Maintenance
REV002791,ACC0001,2023-07,13630026.01,9423201.22,1420076.8,EUR,Service
REV002792,ACC0001,2023-08,11567993.59,9475770.98,2671333.02,EUR,Service
REV002793,ACC0001,2023-09,12189878.33,7226856.16,1613403.65,EUR,Service
REV002794,ACC0001,2023-10,11808851.83,6545653.43,2584771.06,EUR,Maintenance
REV002795,ACC0001,2023-11,13633798.16,12031033.38,1546008.35,EUR,Service
REV002796,ACC0001,2023-12,15769241.88,10428079.57,4157141.28,EUR,Service
REV002797,ACC0001,2024-01,17054188.97,10507991.95,2423356.9,EUR,Service
REV002798,ACC0001,2024-02,16321402.5,8993319.24,3178630.4,EUR,Product
REV002799,ACC0001,2024-03,17274180.15,13092371.43,3069117.46,EUR,Service
REV002800,ACC0001,2024-04,19881338.86,14454990.07,2370367.47,EUR,Maintenance
REV002801,ACC0001,2024-05,16017405.57,13416133.13,2296582.3,EUR,Maintenance
REV002802,ACC0001,2024-06,15401983.54,13648844.26,3437427.05,EUR,Service
REV002803,ACC0001,2024-07,14252238.87,9876892.35,3723510.37,EUR,Product
REV002804,ACC0001,2024-08,14282681.38,7858554.84,1789863.23,EUR,Service
REV002805,ACC0001,2024-09,14739123.2,9251835.03,2025679.39,EUR,Service
REV002806,ACC0001,2024-10,14729894.19,9311799.88,2031688.4,EUR,Consulting
REV002807,ACC0001,2024-11,15610227,8683797.83,4560878.98,EUR,Product
REV002808,ACC0001,2024-12,16395581.47,13005453.2,1590761.49,EUR,Service
REV002809,ACC0034,2022-01,26684850,18153247.9,3684768.35,EUR,Service
REV002810,ACC0034,2022-02,32357398.69,18760396.12,2430202.14,EUR,Service
REV002811,ACC0034,2022-03,31135477.2,26650874.84,7713748.57,EUR,Consulting
REV002812,ACC0034,2022-04,34054911.29,21447961.38,5105986.71,EUR,Maintenance
REV002813,ACC0034,2022-05,29290872.64,17314763.29,8221499.38,EUR,Service
REV002814,ACC0034,2022-06,30352856.27,15910279.07,6957283.85,EUR,Product
REV002815,ACC0034,2022-07,33768107.8,18854854,5797853.96,EUR,Maintenance
REV002816,ACC0034,2022-08,25513885.88,16316718.9,6643136.81,EUR,Product
REV002817,ACC0034,2022-09,29411028.26,25538449.03,1480822.17,EUR,Consulting
REV002818,ACC0034,2022-10,31381916.78,26703391.94,6393694.11,EUR,Service
REV002819,ACC0034,2022-11,30413327.16,26618537.54,6398212.97,EUR,Product
REV002820,ACC0034,2022-12,40504322.9,30421274.97,4510358.16,EUR,Service
REV002821,ACC0034,2023-01,46637927.48,41101883.88,4781987.33,EUR,Service
REV002822,ACC0034,2023-02,39709411.89,21454923.05,5211371.56,EUR,Service
REV002823,ACC0034,2023-03,46918904.46,39507427.63,5859797.66,EUR,Service
REV002824,ACC0034,2023-04,49222043.64,43860382.75,7531418.38,EUR,Maintenance
REV002825,ACC0034,2023-05,47279377.68,40259137.05,4271355.46,EUR,Product
REV002826,ACC0034,2023-06,46435364.24,29223341.65,7153667.96,EUR,Product
REV002827,ACC0034,2023-07,40087647.46,34668320.71,11640582.17,EUR,Maintenance
REV002828,ACC0034,2023-08,40118354.89,26307790.78,9118853.87,EUR,Product
REV002829,ACC0034,2023-09,43931979.22,33627493.57,8452687.87,EUR,Product
REV002830,ACC0034,2023-10,44890146.92,30432353.27,9723295.4,EUR,Product
REV002831,ACC0034,2023-11,46998089.32,30735267.98,13078036.63,EUR,Consulting
REV002832,ACC0034,2023-12,57065445.01,47551498.94,6550942.53,EUR,Maintenance
REV002833,ACC0034,2024-01,49448669.66,38980234.39,3098408.66,EUR,Product
REV002834,ACC0034,2024-02,67864608.75,48197159.51,20109683.97,EUR,Product
REV002835,ACC0034,2024-03,56021454.38,40964900.81,13638291.22,EUR,Product
REV002836,ACC0034,2024-04,70024654.08,42288128.76,16850469.04,EUR,Product
REV002837,ACC0034,2024-05,70329890.57,40153336.77,19562794.14,EUR,Product
REV002838,ACC0034,2024-06,60863803.16,40154529.53,8870439.12,EUR,Product
REV002839,ACC0034,2024-07,57647587.57,42829223.61,9167732.76,EUR,Maintenance
REV002840,ACC0034,2024-08,66731640.32,57585364.87,7837841.11,EUR,Product
REV002841,ACC0034,2024-09,64528084.66,49663688.88,10239809.23,EUR,Service
REV002842,ACC0034,2024-10,64789093.66,41219964.38,18470942.7,EUR,Maintenance
REV002843,ACC0034,2024-11,67104336.62,35359611.23,18534063.8,EUR,Maintenance
REV002844,ACC0034,2024-12,83800263.39,56623663.56,17024531.1,EUR,Maintenance
REV002845,ACC0118,2022-01,19108432.83,13748932.17,3658403.2,EUR,Maintenance
REV002846,ACC0118,2022-02,23498617.74,17319879.19,2174702.83,EUR,Maintenance
REV002847,ACC0118,2022-03,26007408.46,21979245.66,5481874.23,EUR,Product
REV002848,ACC0118,2022-04,22658398.5,19581283.27,2664257.82,EUR,Product
REV002849,ACC0118,2022-05,24846090.96,13517849,1284790.41,EUR,Product
REV002850,ACC0118,2022-06,23229121.3,18057086.94,3465619.03,EUR,Service
REV002851,ACC0118,2022-07,16528471.43,9517496.59,1326397.92,EUR,Consulting
REV002852,ACC0118,2022-08,18806317.81,16216798.71,4837213.37,EUR,Maintenance
REV002853,ACC0118,2022-09,20051339.04,10270526.07,3259468.45,EUR,Consulting
REV002854,ACC0118,2022-10,21828571.08,15333163.4,2743447.87,EUR,Service
REV002855,ACC0118,2022-11,24349899.18,18196881.08,4280690.63,EUR,Consulting
REV002856,ACC0118,2022-12,23246420.5,14387628.09,1592977.55,EUR,Service
REV002857,ACC0118,2023-01,28491172.41,19526152.83,8116391.34,EUR,Service
REV002858,ACC0118,2023-02,29285006.82,25031831.15,3857924.52,EUR,Service
REV002859,ACC0118,2023-03,32874492.88,17775648.43,5065485.43,EUR,Consulting
REV002860,ACC0118,2023-04,29532969.18,26534121.27,8613759.11,EUR,Product
REV002861,ACC0118,2023-05,26905590.84,15062109.25,2109930.13,EUR,Maintenance
REV002862,ACC0118,2023-06,29224185.1,15332601.01,3760023.17,EUR,Product
REV002863,ACC0118,2023-07,26293847.81,14223299.52,3961445.31,EUR,Consulting
REV002864,ACC0118,2023-08,26382680.61,15679992.82,2526344.54,EUR,Product
REV002865,ACC0118,2023-09,21603250.55,16982448.79,1146969.79,EUR,Product
REV002866,ACC0118,2023-10,30411948.45,26411388.92,4520249.7,EUR,Consulting
REV002867,ACC0118,2023-11,26261583.64,18137442.86,1849295.55,EUR,Product
REV002868,ACC0118,2023-12,32760441.15,18207434.95,3660135.93,EUR,Maintenance
REV002869,ACC0118,2024-01,35570752.06,28564352.89,4029614.79,EUR,Product
REV002870,ACC0118,2024-02,33771323.2,27875425.13,5691201.57,EUR,Product
REV002871,ACC0118,2024-03,42982946.24,34777638.21,8801612.45,EUR,Maintenance
REV002872,ACC0118,2024-04,37889426.17,28964418.52,7483564.31,EUR,Service
REV002873,ACC0118,2024-05,35836920.54,27089726.25,9944106.87,EUR,Service
REV002874,ACC0118,2024-06,34926053.71,18186820.29,6453292.79,EUR,Consulting
REV002875,ACC0118,2024-07,37571276.54,31787722.65,6450939.89,EUR,Product
REV002876,ACC0118,2024-08,38137258.32,21791295.97,4691955.51,EUR,Maintenance
REV002877,ACC0118,2024-09,35265741.71,17921544.28,9103499,EUR,Maintenance
REV002878,ACC0118,2024-10,37967655.24,20093129.69,8428084.45,EUR,Maintenance
REV002879,ACC0118,2024-11,37067307.31,29718008.96,8476225.01,EUR,Service
REV002880,ACC0118,2024-12,45713332.91,31303613.35,13424016.22,EUR,Service
