  erp_order_lines  ·  2522 lignes  ·  9 colonnes,Unnamed: 1,Unnamed: 2,Unnamed: 3,Unnamed: 4,Unnamed: 5,Unnamed: 6,Unnamed: 7,Unnamed: 8
order_line_id,order_id,product_id,quantity,unit_price,discount_pct,line_total,currency,delivery_status
OL000001,SO00001,PRD0022,9,45183.17,5,386316.1,TND,Delivered
OL000002,SO00001,PRD0101,5,6300.91,0,31504.55,TND,Delivered
OL000003,SO00001,PRD0056,1,46715.98,10,42044.38,TND,Shipped
OL000004,SO00001,PRD0017,10,29959.35,0,299593.5,TND,Shipped
OL000005,SO00002,PRD0344,1,40505.16,0,40505.16,TND,Shipped
OL000006,SO00002,PRD0180,5,23129.96,15,98302.33,TND,Delivered
OL000007,SO00003,PRD0438,10,12937.55,0,129375.5,TND,Pending
OL000008,SO00003,PRD0257,2,14553.17,10,26195.71,TND,Shipped
OL000009,SO00004,PRD0367,5,27477.66,0,137388.3,TND,Shipped
OL000010,SO00004,PRD0099,1,22549.28,15,19166.89,TND,Delivered
OL000011,SO00005,PRD0472,8,46761.95,0,374095.6,TND,Pending
OL000012,SO00005,PRD0259,8,19579.16,5,148801.62,TND,Delivered
OL000013,SO00006,PRD0195,9,47349.95,0,426149.55,TND,Delivered
OL000014,SO00006,PRD0218,6,30907.79,0,185446.74,TND,Delivered
OL000015,SO00006,PRD0110,3,46582.29,0,139746.87,TND,Delivered
OL000016,SO00007,PRD0286,2,40666.37,0,81332.74,TND,Delivered
OL000017,SO00007,PRD0370,5,10755.38,0,53776.9,TND,Pending
OL000018,SO00007,PRD0021,8,2150.06,0,17200.48,TND,Delivered
OL000019,SO00008,PRD0097,8,11061.2,15,75216.16,TND,Delivered
OL000020,SO00008,PRD0439,1,24852.41,15,21124.55,TND,Delivered
OL000021,SO00008,PRD0036,2,40537.18,0,81074.36,TND,Delivered
OL000022,SO00008,PRD0459,2,26628.18,0,53256.36,TND,Delivered
OL000023,SO00009,PRD0380,3,37396.3,0,112188.9,TND,Cancelled
OL000024,SO00010,PRD0103,7,19689.56,0,137826.92,TND,Shipped
OL000025,SO00010,PRD0305,8,19941.92,0,159535.36,TND,Pending
OL000026,SO00010,PRD0433,10,28517.51,5,270916.34,TND,Shipped
OL000027,SO00011,PRD0183,7,1325.75,15,7888.21,TND,Delivered
OL000028,SO00011,PRD0244,3,34941.5,10,94342.05,TND,Delivered
OL000029,SO00011,PRD0342,5,10482.86,0,52414.3,TND,Delivered
OL000030,SO00011,PRD0309,3,40155.93,0,120467.79,TND,Pending
OL000031,SO00012,PRD0256,1,17252.33,15,14664.48,TND,Delivered
OL000032,SO00013,PRD0079,10,10735.71,0,107357.1,TND,Delivered
OL000033,SO00013,PRD0156,9,264,10,2138.4,TND,Shipped
OL000034,SO00013,PRD0319,4,43704.14,0,174816.56,TND,Delivered
OL000035,SO00014,PRD0278,9,4393.67,5,37565.88,TND,Cancelled
OL000036,SO00014,PRD0176,1,42490.18,15,36116.65,TND,Shipped
OL000037,SO00014,PRD0415,2,37405.21,0,74810.42,TND,Delivered
OL000038,SO00015,PRD0227,3,5508.55,5,15699.37,TND,Shipped
OL000039,SO00015,PRD0236,5,13975.09,10,62887.9,TND,Delivered
OL000040,SO00015,PRD0019,7,18137.39,0,126961.73,TND,Pending
OL000041,SO00015,PRD0017,8,29959.35,10,215707.32,TND,Pending
OL000042,SO00016,PRD0338,10,19477.55,0,194775.5,TND,Pending
OL000043,SO00016,PRD0284,3,47957.09,5,136677.71,TND,Delivered
OL000044,SO00016,PRD0351,8,30856.18,5,234506.97,TND,Delivered
OL000045,SO00016,PRD0277,6,23948.72,10,129323.09,TND,Delivered
OL000046,SO00017,PRD0015,10,10822.97,0,108229.7,TND,Shipped
OL000047,SO00018,PRD0415,1,37405.21,10,33664.69,TND,Pending
OL000048,SO00018,PRD0380,7,37396.3,0,261774.1,TND,Delivered
OL000049,SO00018,PRD0299,6,26617.86,0,159707.16,TND,Delivered
OL000050,SO00019,PRD0127,5,34345.59,5,163141.55,TND,Shipped
OL000051,SO00019,PRD0121,2,22420.63,10,40357.13,TND,Delivered
OL000052,SO00020,PRD0011,6,6654.23,0,39925.38,TND,Pending
OL000053,SO00020,PRD0276,7,18116.79,5,120476.65,TND,Shipped
OL000054,SO00021,PRD0011,10,6654.23,0,66542.3,TND,Delivered
OL000055,SO00021,PRD0357,10,20052.03,0,200520.3,TND,Pending
OL000056,SO00021,PRD0241,8,20973.33,0,167786.64,TND,Pending
OL000057,SO00022,PRD0255,6,16563.05,0,99378.3,TND,Delivered
OL000058,SO00022,PRD0258,7,5244.75,0,36713.25,TND,Pending
OL000059,SO00022,PRD0416,2,16589.38,10,29860.88,TND,Delivered
OL000060,SO00023,PRD0136,10,43611.8,0,436118,TND,Delivered
OL000061,SO00023,PRD0025,2,9775.17,5,18572.82,TND,Pending
OL000062,SO00023,PRD0153,10,40353.59,0,403535.9,TND,Delivered
OL000063,SO00024,PRD0219,2,23062.58,5,43818.9,TND,Delivered
OL000064,SO00024,PRD0108,5,12360.5,0,61802.5,TND,Delivered
OL000065,SO00024,PRD0178,4,38570.69,0,154282.76,TND,Delivered
OL000066,SO00024,PRD0408,9,12147.91,0,109331.19,TND,Shipped
OL000067,SO00025,PRD0452,9,47091.11,10,381437.99,TND,Pending
OL000068,SO00025,PRD0010,4,17476.3,5,66409.94,TND,Shipped
OL000069,SO00026,PRD0138,10,8386.63,10,75479.67,TND,Shipped
OL000070,SO00026,PRD0480,10,32936.9,5,312900.55,TND,Delivered
OL000071,SO00026,PRD0327,4,2872.48,0,11489.92,TND,Delivered
OL000072,SO00026,PRD0273,3,23188.31,5,66086.68,TND,Shipped
OL000073,SO00027,PRD0211,2,29152.53,5,55389.81,TND,Shipped
OL000074,SO00027,PRD0164,5,37973.65,10,170881.43,TND,Pending
OL000075,SO00027,PRD0441,5,27243.78,5,129407.95,TND,Delivered
OL000076,SO00027,PRD0426,4,7714.65,0,30858.6,TND,Delivered
OL000077,SO00028,PRD0409,5,11349.73,0,56748.65,TND,Pending
OL000078,SO00028,PRD0424,7,15111.32,0,105779.24,TND,Shipped
OL000079,SO00029,PRD0082,3,29513.21,0,88539.63,TND,Shipped
OL000080,SO00029,PRD0140,5,9553.58,5,45379.5,TND,Delivered
OL000081,SO00030,PRD0494,8,28742.47,10,206945.78,TND,Delivered
OL000082,SO00031,PRD0161,10,8759.12,0,87591.2,TND,Delivered
OL000083,SO00032,PRD0460,2,15182.05,0,30364.1,TND,Shipped
OL000084,SO00032,PRD0187,3,21222.85,0,63668.55,TND,Pending
OL000085,SO00032,PRD0344,9,40505.16,15,309864.47,TND,Delivered
OL000086,SO00032,PRD0337,10,37752.06,15,320892.51,TND,Shipped
OL000087,SO00033,PRD0255,4,16563.05,5,62939.59,TND,Shipped
OL000088,SO00033,PRD0453,6,9767.64,0,58605.84,TND,Pending
OL000089,SO00033,PRD0047,7,21084.15,10,132830.15,TND,Pending
OL000090,SO00034,PRD0112,4,33115.87,15,112593.96,TND,Delivered
OL000091,SO00034,PRD0074,5,2533.36,10,11400.12,TND,Delivered
OL000092,SO00034,PRD0055,9,17370.64,0,156335.76,TND,Shipped
OL000093,SO00034,PRD0090,6,13806.78,5,78698.65,TND,Delivered
OL000094,SO00035,PRD0494,3,28742.47,0,86227.41,TND,Pending
OL000095,SO00035,PRD0143,5,22829.68,0,114148.4,TND,Cancelled
OL000096,SO00036,PRD0431,1,39382.81,5,37413.67,TND,Shipped
OL000097,SO00037,PRD0130,7,49203.26,0,344422.82,TND,Cancelled
OL000098,SO00037,PRD0283,6,43449.54,15,221592.65,TND,Pending
OL000099,SO00038,PRD0440,7,10470.5,0,73293.5,TND,Cancelled
OL000100,SO00038,PRD0227,5,5508.55,0,27542.75,TND,Shipped
OL000101,SO00039,PRD0153,3,40353.59,15,102901.65,TND,Pending
OL000102,SO00039,PRD0108,7,12360.5,10,77871.15,TND,Delivered
OL000103,SO00040,PRD0422,8,29778.2,0,238225.6,TND,Delivered
OL000104,SO00041,PRD0368,2,45923.62,10,82662.52,TND,Pending
OL000105,SO00041,PRD0217,9,1452.45,0,13072.05,TND,Delivered
OL000106,SO00041,PRD0449,9,22224.37,5,190018.36,TND,Delivered
OL000107,SO00042,PRD0391,1,34391.82,5,32672.23,TND,Delivered
OL000108,SO00043,PRD0406,7,3172.82,0,22209.74,TND,Delivered
OL000109,SO00043,PRD0329,10,20323.02,0,203230.2,TND,Delivered
OL000110,SO00043,PRD0070,9,5738.39,5,49063.23,TND,Shipped
OL000111,SO00043,PRD0002,3,20215.41,10,54581.61,TND,Pending
OL000112,SO00044,PRD0232,3,42700.57,0,128101.71,TND,Pending
OL000113,SO00044,PRD0245,6,44106.12,10,238173.05,TND,Delivered
OL000114,SO00044,PRD0448,7,21969.64,0,153787.48,TND,Delivered
OL000115,SO00045,PRD0484,4,43730.59,0,174922.36,TND,Delivered
OL000116,SO00045,PRD0428,9,21976.65,5,187900.36,TND,Pending
OL000117,SO00045,PRD0453,2,9767.64,15,16604.99,TND,Delivered
OL000118,SO00045,PRD0293,3,39078.48,0,117235.44,TND,Pending
OL000119,SO00046,PRD0077,6,17587.16,0,105522.96,TND,Pending
OL000120,SO00046,PRD0046,1,12124.25,5,11518.04,TND,Delivered
OL000121,SO00046,PRD0491,8,6854.7,10,49353.84,TND,Delivered
OL000122,SO00047,PRD0366,4,35802.83,15,121729.62,TND,Shipped
OL000123,SO00047,PRD0105,5,12109.72,0,60548.6,TND,Delivered
OL000124,SO00048,PRD0221,4,4214.86,5,16016.47,TND,Cancelled
OL000125,SO00048,PRD0439,5,24852.41,5,118048.95,TND,Delivered
OL000126,SO00049,PRD0210,3,10103.18,0,30309.54,TND,Cancelled
OL000127,SO00049,PRD0406,4,3172.82,5,12056.72,TND,Shipped
OL000128,SO00050,PRD0299,8,26617.86,0,212942.88,TND,Delivered
OL000129,SO00050,PRD0351,6,30856.18,15,157366.52,TND,Delivered
OL000130,SO00050,PRD0332,4,37603.12,5,142891.86,TND,Pending
OL000131,SO00051,PRD0038,1,6557.79,0,6557.79,TND,Shipped
OL000132,SO00051,PRD0049,8,34235.37,15,232800.52,TND,Cancelled
OL000133,SO00051,PRD0286,10,40666.37,5,386330.52,TND,Shipped
OL000134,SO00052,PRD0130,9,49203.26,5,420687.87,TND,Delivered
OL000135,SO00053,PRD0344,9,40505.16,0,364546.44,TND,Delivered
OL000136,SO00053,PRD0190,3,16280.14,5,46398.4,TND,Shipped
OL000137,SO00053,PRD0068,8,3978.43,0,31827.44,TND,Delivered
OL000138,SO00053,PRD0496,9,36873.72,0,331863.48,TND,Delivered
OL000139,SO00054,PRD0023,5,38847.97,5,184527.86,TND,Shipped
OL000140,SO00054,PRD0066,5,7734.44,15,32871.37,TND,Delivered
OL000141,SO00054,PRD0256,5,17252.33,5,81948.57,TND,Delivered
OL000142,SO00055,PRD0162,8,40862.71,10,294211.51,TND,Delivered
OL000143,SO00055,PRD0378,8,15816.89,0,126535.12,TND,Delivered
OL000144,SO00056,PRD0094,8,46008.33,0,368066.64,TND,Pending
OL000145,SO00056,PRD0019,7,18137.39,0,126961.73,TND,Shipped
OL000146,SO00057,PRD0021,9,2150.06,0,19350.54,TND,Delivered
OL000147,SO00057,PRD0227,3,5508.55,0,16525.65,TND,Delivered
OL000148,SO00057,PRD0183,5,1325.75,0,6628.75,TND,Delivered
OL000149,SO00057,PRD0364,9,25729.2,10,208406.52,TND,Pending
OL000150,SO00058,PRD0299,1,26617.86,5,25286.97,TND,Pending
OL000151,SO00058,PRD0498,7,36725.17,15,218514.76,TND,Delivered
OL000152,SO00059,PRD0347,1,31315.55,0,31315.55,TND,Cancelled
OL000153,SO00059,PRD0049,2,34235.37,0,68470.74,TND,Pending
OL000154,SO00059,PRD0455,2,19392.94,10,34907.29,TND,Delivered
OL000155,SO00059,PRD0169,2,48214.82,0,96429.64,TND,Pending
OL000156,SO00060,PRD0233,10,29214.54,5,277538.13,TND,Delivered
OL000157,SO00060,PRD0322,1,22844.42,5,21702.2,TND,Cancelled
OL000158,SO00060,PRD0490,6,16962.28,15,86507.63,TND,Cancelled
OL000159,SO00060,PRD0138,10,8386.63,0,83866.3,TND,Shipped
OL000160,SO00061,PRD0166,2,17663.59,5,33560.82,TND,Pending
OL000161,SO00061,PRD0409,2,11349.73,0,22699.46,TND,Delivered
OL000162,SO00061,PRD0029,7,34043.27,0,238302.89,TND,Shipped
OL000163,SO00062,PRD0199,7,18927.33,0,132491.31,TND,Shipped
OL000164,SO00062,PRD0400,3,20072.67,0,60218.01,TND,Delivered
OL000165,SO00063,PRD0377,10,30128.78,0,301287.8,TND,Pending
OL000166,SO00063,PRD0413,6,37753.29,5,215193.75,TND,Delivered
OL000167,SO00063,PRD0472,7,46761.95,0,327333.65,TND,Pending
OL000168,SO00063,PRD0159,7,8163.31,0,57143.17,TND,Delivered
OL000169,SO00064,PRD0315,7,25049.46,0,175346.22,TND,Delivered
OL000170,SO00064,PRD0096,8,47822.83,5,363453.51,TND,Pending
OL000171,SO00064,PRD0223,3,26701.98,15,68090.05,TND,Delivered
OL000172,SO00065,PRD0149,8,21522.6,0,172180.8,TND,Shipped
OL000173,SO00066,PRD0154,5,11094.62,10,49925.79,TND,Delivered
OL000174,SO00066,PRD0077,5,17587.16,5,83539.01,TND,Pending
OL000175,SO00066,PRD0066,1,7734.44,5,7347.72,TND,Delivered
OL000176,SO00066,PRD0351,7,30856.18,0,215993.26,TND,Pending
OL000177,SO00067,PRD0182,2,47764.49,10,85976.08,TND,Delivered
OL000178,SO00067,PRD0131,8,13126.83,0,105014.64,TND,Delivered
OL000179,SO00067,PRD0300,7,36915.81,0,258410.67,TND,Delivered
OL000180,SO00068,PRD0161,8,8759.12,10,63065.66,TND,Delivered
OL000181,SO00068,PRD0301,5,16679.17,0,83395.85,TND,Shipped
OL000182,SO00068,PRD0371,3,19527.23,0,58581.69,TND,Delivered
OL000183,SO00069,PRD0447,7,40058.13,5,266386.56,TND,Delivered
OL000184,SO00069,PRD0345,2,44810.95,0,89621.9,TND,Pending
OL000185,SO00069,PRD0055,8,17370.64,5,132016.86,TND,Shipped
OL000186,SO00070,PRD0156,10,264,0,2640,TND,Pending
OL000187,SO00070,PRD0317,7,8157.19,10,51390.3,TND,Delivered
OL000188,SO00070,PRD0417,3,22096.97,0,66290.91,TND,Delivered
OL000189,SO00070,PRD0499,1,9907.35,5,9411.98,TND,Delivered
OL000190,SO00071,PRD0108,8,12360.5,5,93939.8,TND,Pending
OL000191,SO00072,PRD0432,9,13116.38,0,118047.42,TND,Delivered
OL000192,SO00072,PRD0321,8,42979.29,0,343834.32,TND,Delivered
OL000193,SO00072,PRD0440,2,10470.5,0,20941,TND,Delivered
OL000194,SO00072,PRD0405,8,17111.48,15,116358.06,TND,Delivered
OL000195,SO00073,PRD0300,10,36915.81,10,332242.29,TND,Delivered
OL000196,SO00073,PRD0125,6,12933.26,0,77599.56,TND,Pending
OL000197,SO00073,PRD0104,7,8433.09,15,50176.89,TND,Shipped
OL000198,SO00073,PRD0151,10,6484.62,5,61603.89,TND,Pending
OL000199,SO00074,PRD0019,8,18137.39,5,137844.16,TND,Pending
OL000200,SO00074,PRD0250,8,10438.86,0,83510.88,TND,Delivered
OL000201,SO00074,PRD0205,1,49966.22,0,49966.22,TND,Delivered
OL000202,SO00075,PRD0138,7,8386.63,10,52835.77,TND,Delivered
OL000203,SO00076,PRD0230,1,2042.17,0,2042.17,TND,Pending
OL000204,SO00076,PRD0358,8,45851.84,0,366814.72,TND,Delivered
OL000205,SO00076,PRD0224,4,2369,5,9002.2,TND,Pending
OL000206,SO00077,PRD0068,7,3978.43,15,23671.66,TND,Shipped
OL000207,SO00077,PRD0453,6,9767.64,10,52745.26,TND,Shipped
OL000208,SO00077,PRD0151,3,6484.62,5,18481.17,TND,Delivered
OL000209,SO00077,PRD0371,2,19527.23,5,37101.74,TND,Delivered
OL000210,SO00078,PRD0081,8,7221.69,0,57773.52,TND,Delivered
OL000211,SO00078,PRD0311,8,20622.57,0,164980.56,TND,Delivered
OL000212,SO00079,PRD0010,6,17476.3,10,94372.02,TND,Delivered
OL000213,SO00080,PRD0090,9,13806.78,0,124261.02,TND,Delivered
OL000214,SO00080,PRD0424,7,15111.32,0,105779.24,TND,Delivered
OL000215,SO00081,PRD0250,6,10438.86,10,56369.84,TND,Shipped
OL000216,SO00081,PRD0133,9,32946.53,0,296518.77,TND,Delivered
OL000217,SO00082,PRD0362,1,1717.59,15,1459.95,TND,Delivered
OL000218,SO00083,PRD0493,2,6748.51,10,12147.32,TND,Pending
OL000219,SO00083,PRD0431,2,39382.81,10,70889.06,TND,Delivered
OL000220,SO00083,PRD0387,2,39460.21,0,78920.42,TND,Delivered
OL000221,SO00083,PRD0057,4,37919.74,15,128927.12,TND,Delivered
OL000222,SO00084,PRD0363,9,7754.88,0,69793.92,TND,Shipped
OL000223,SO00084,PRD0227,3,5508.55,5,15699.37,TND,Delivered
OL000224,SO00084,PRD0391,3,34391.82,0,103175.46,TND,Delivered
OL000225,SO00085,PRD0394,8,40373.29,0,322986.32,TND,Delivered
OL000226,SO00085,PRD0004,2,29028.2,0,58056.4,TND,Pending
OL000227,SO00085,PRD0126,7,27824.26,0,194769.82,TND,Pending
OL000228,SO00085,PRD0428,3,21976.65,10,59336.96,TND,Delivered
OL000229,SO00086,PRD0071,7,2335.01,0,16345.07,TND,Delivered
OL000230,SO00086,PRD0411,8,7471.95,15,50809.26,TND,Delivered
OL000231,SO00087,PRD0484,3,43730.59,10,118072.59,TND,Pending
OL000232,SO00087,PRD0016,9,35400.51,15,270813.9,TND,Delivered
OL000233,SO00087,PRD0227,6,5508.55,0,33051.3,TND,Shipped
OL000234,SO00088,PRD0032,3,3820.09,15,9741.23,TND,Delivered
OL000235,SO00088,PRD0202,9,9716.11,15,74328.24,TND,Delivered
OL000236,SO00088,PRD0389,9,35537.26,10,287851.81,TND,Pending
OL000237,SO00088,PRD0019,6,18137.39,15,92500.69,TND,Delivered
OL000238,SO00089,PRD0461,3,13778.08,5,39267.53,TND,Delivered
OL000239,SO00089,PRD0271,4,37977.41,10,136718.68,TND,Pending
OL000240,SO00089,PRD0313,10,35505.71,5,337304.24,TND,Pending
OL000241,SO00090,PRD0398,2,14553.28,0,29106.56,TND,Delivered
OL000242,SO00090,PRD0102,3,42899.68,5,122264.09,TND,Delivered
OL000243,SO00090,PRD0452,4,47091.11,0,188364.44,TND,Pending
OL000244,SO00090,PRD0155,9,10356.75,0,93210.75,TND,Pending
OL000245,SO00091,PRD0015,9,10822.97,5,92536.39,TND,Delivered
OL000246,SO00092,PRD0372,2,29763.49,5,56550.63,TND,Shipped
OL000247,SO00092,PRD0217,5,1452.45,5,6899.14,TND,Delivered
OL000248,SO00092,PRD0259,1,19579.16,10,17621.24,TND,Shipped
OL000249,SO00093,PRD0153,8,40353.59,0,322828.72,TND,Delivered
OL000250,SO00093,PRD0294,10,10813.85,5,102731.57,TND,Shipped
OL000251,SO00093,PRD0378,9,15816.89,10,128116.81,TND,Delivered
OL000252,SO00093,PRD0003,5,22779.57,0,113897.85,TND,Shipped
OL000253,SO00094,PRD0366,9,35802.83,5,306114.2,TND,Delivered
OL000254,SO00094,PRD0194,9,8938.26,5,76422.12,TND,Shipped
OL000255,SO00095,PRD0233,7,29214.54,10,184051.6,TND,Delivered
OL000256,SO00095,PRD0051,1,7205.31,0,7205.31,TND,Delivered
OL000257,SO00095,PRD0076,4,36174.73,0,144698.92,TND,Delivered
OL000258,SO00096,PRD0302,7,5589.86,10,35216.12,TND,Pending
OL000259,SO00096,PRD0287,7,21521.37,15,128052.15,TND,Pending
OL000260,SO00096,PRD0266,8,41893.37,5,318389.61,TND,Delivered
OL000261,SO00096,PRD0399,3,20341.51,0,61024.53,TND,Delivered
OL000262,SO00097,PRD0067,9,3913.46,0,35221.14,TND,Delivered
OL000263,SO00097,PRD0496,8,36873.72,0,294989.76,TND,Delivered
OL000264,SO00097,PRD0361,9,10265.03,0,92385.27,TND,Cancelled
OL000265,SO00097,PRD0263,10,10356.13,10,93205.17,TND,Delivered
OL000266,SO00098,PRD0293,9,39078.48,0,351706.32,TND,Delivered
OL000267,SO00098,PRD0149,6,21522.6,0,129135.6,TND,Delivered
OL000268,SO00098,PRD0021,3,2150.06,0,6450.18,TND,Pending
OL000269,SO00099,PRD0480,5,32936.9,10,148216.05,TND,Delivered
OL000270,SO00100,PRD0002,2,20215.41,10,36387.74,TND,Delivered
OL000271,SO00100,PRD0063,10,24885.76,0,248857.6,TND,Delivered
OL000272,SO00100,PRD0281,6,49696.91,10,268363.31,TND,Delivered
OL000273,SO00100,PRD0179,10,40026.59,0,400265.9,TND,Delivered
OL000274,SO00101,PRD0390,3,45768,10,123573.6,TND,Delivered
OL000275,SO00101,PRD0231,10,16627.52,5,157961.44,TND,Delivered
OL000276,SO00101,PRD0342,4,10482.86,15,35641.72,TND,Delivered
OL000277,SO00101,PRD0230,1,2042.17,15,1735.84,TND,Shipped
OL000278,SO00102,PRD0331,3,23645.71,5,67390.27,TND,Pending
OL000279,SO00102,PRD0046,5,12124.25,5,57590.19,TND,Delivered
OL000280,SO00102,PRD0444,9,43207.14,0,388864.26,TND,Cancelled
OL000281,SO00103,PRD0491,10,6854.7,5,65119.65,TND,Shipped
OL000282,SO00104,PRD0062,9,11199.53,0,100795.77,TND,Delivered
OL000283,SO00105,PRD0126,10,27824.26,0,278242.6,TND,Shipped
OL000284,SO00105,PRD0425,10,26198.47,0,261984.7,TND,Pending
OL000285,SO00106,PRD0442,7,5793.33,0,40553.31,TND,Delivered
OL000286,SO00106,PRD0479,9,42244.85,0,380203.65,TND,Delivered
OL000287,SO00106,PRD0012,2,23445.95,15,39858.11,TND,Delivered
OL000288,SO00106,PRD0175,5,34849,0,174245,TND,Delivered
OL000289,SO00107,PRD0079,5,10735.71,15,45626.77,TND,Pending
OL000290,SO00108,PRD0315,6,25049.46,0,150296.76,TND,Pending
OL000291,SO00109,PRD0200,3,2154.08,0,6462.24,TND,Delivered
OL000292,SO00109,PRD0051,7,7205.31,15,42871.59,TND,Shipped
OL000293,SO00109,PRD0164,1,37973.65,0,37973.65,TND,Shipped
OL000294,SO00110,PRD0253,9,26870.35,0,241833.15,TND,Delivered
OL000295,SO00110,PRD0261,1,17644.85,0,17644.85,TND,Pending
OL000296,SO00111,PRD0248,1,44533.54,0,44533.54,TND,Delivered
OL000297,SO00112,PRD0138,9,8386.63,15,64157.72,TND,Pending
OL000298,SO00113,PRD0391,3,34391.82,0,103175.46,TND,Delivered
OL000299,SO00113,PRD0285,2,4299.55,10,7739.19,TND,Delivered
OL000300,SO00114,PRD0192,3,2600.2,10,7020.54,TND,Delivered
OL000301,SO00114,PRD0277,7,23948.72,15,142494.88,TND,Pending
OL000302,SO00115,PRD0001,8,38050.27,15,258741.84,TND,Pending
OL000303,SO00116,PRD0001,8,38050.27,0,304402.16,TND,Delivered
OL000304,SO00116,PRD0031,7,26768.69,15,159273.71,TND,Shipped
OL000305,SO00117,PRD0300,9,36915.81,0,332242.29,TND,Delivered
OL000306,SO00117,PRD0431,9,39382.81,5,336723.03,TND,Delivered
OL000307,SO00118,PRD0358,9,45851.84,15,350766.58,TND,Shipped
OL000308,SO00118,PRD0063,4,24885.76,5,94565.89,TND,Cancelled
OL000309,SO00118,PRD0426,6,7714.65,10,41659.11,TND,Shipped
OL000310,SO00118,PRD0072,5,26224.07,15,111452.3,TND,Pending
OL000311,SO00119,PRD0126,6,27824.26,0,166945.56,TND,Cancelled
OL000312,SO00119,PRD0340,6,17174.34,0,103046.04,TND,Pending
OL000313,SO00119,PRD0165,1,11048.26,5,10495.85,TND,Delivered
OL000314,SO00120,PRD0345,3,44810.95,0,134432.85,TND,Shipped
OL000315,SO00121,PRD0391,2,34391.82,5,65344.46,TND,Shipped
OL000316,SO00121,PRD0202,8,9716.11,5,73842.44,TND,Delivered
OL000317,SO00121,PRD0276,7,18116.79,10,114135.78,TND,Delivered
OL000318,SO00121,PRD0042,3,2391.42,10,6456.83,TND,Shipped
OL000319,SO00122,PRD0064,8,6616.47,0,52931.76,TND,Delivered
OL000320,SO00123,PRD0114,1,29304.05,10,26373.65,TND,Pending
OL000321,SO00124,PRD0099,10,22549.28,5,214218.16,TND,Shipped
OL000322,SO00124,PRD0047,4,21084.15,0,84336.6,TND,Delivered
OL000323,SO00124,PRD0418,6,34830.02,0,208980.12,TND,Delivered
OL000324,SO00125,PRD0004,7,29028.2,0,203197.4,TND,Delivered
OL000325,SO00125,PRD0101,9,6300.91,0,56708.19,TND,Pending
OL000326,SO00126,PRD0034,3,6001.95,5,17105.56,TND,Delivered
OL000327,SO00126,PRD0302,10,5589.86,10,50308.74,TND,Shipped
OL000328,SO00127,PRD0099,1,22549.28,15,19166.89,TND,Pending
OL000329,SO00127,PRD0435,9,48331,5,413230.05,TND,Pending
OL000330,SO00127,PRD0348,8,34369.81,0,274958.48,TND,Delivered
OL000331,SO00128,PRD0438,6,12937.55,0,77625.3,TND,Cancelled
OL000332,SO00129,PRD0063,8,24885.76,0,199086.08,TND,Delivered
OL000333,SO00129,PRD0349,1,35315.73,10,31784.16,TND,Delivered
OL000334,SO00129,PRD0266,5,41893.37,15,178046.82,TND,Delivered
OL000335,SO00130,PRD0003,6,22779.57,0,136677.42,TND,Pending
OL000336,SO00130,PRD0201,1,2754.35,15,2341.2,TND,Delivered
OL000337,SO00130,PRD0100,7,40885.53,15,243268.9,TND,Shipped
OL000338,SO00131,PRD0085,5,34597.51,0,172987.55,TND,Pending
OL000339,SO00131,PRD0169,1,48214.82,0,48214.82,TND,Shipped
OL000340,SO00132,PRD0431,2,39382.81,0,78765.62,TND,Cancelled
OL000341,SO00132,PRD0129,1,6968.22,10,6271.4,TND,Delivered
OL000342,SO00132,PRD0127,4,34345.59,15,116775.01,TND,Shipped
OL000343,SO00133,PRD0392,10,20257.84,0,202578.4,TND,Cancelled
OL000344,SO00133,PRD0049,1,34235.37,0,34235.37,TND,Shipped
OL000345,SO00133,PRD0321,2,42979.29,10,77362.72,TND,Delivered
OL000346,SO00133,PRD0229,8,25029,0,200232,TND,Pending
OL000347,SO00134,PRD0034,9,6001.95,0,54017.55,TND,Shipped
OL000348,SO00134,PRD0053,7,6290.8,0,44035.6,TND,Shipped
OL000349,SO00134,PRD0347,4,31315.55,10,112735.98,TND,Shipped
OL000350,SO00134,PRD0029,10,34043.27,0,340432.7,TND,Delivered
OL000351,SO00135,PRD0451,1,25443.89,0,25443.89,TND,Delivered
OL000352,SO00135,PRD0318,4,23282.91,0,93131.64,TND,Delivered
OL000353,SO00135,PRD0052,2,22607.92,5,42955.05,TND,Shipped
OL000354,SO00135,PRD0174,10,7319.41,0,73194.1,TND,Delivered
OL000355,SO00136,PRD0216,10,2732.74,0,27327.4,TND,Delivered
OL000356,SO00136,PRD0247,1,29220.78,0,29220.78,TND,Delivered
OL000357,SO00136,PRD0372,7,29763.49,5,197927.21,TND,Pending
OL000358,SO00137,PRD0160,9,27434.99,10,222223.42,TND,Delivered
OL000359,SO00137,PRD0299,5,26617.86,5,126434.83,TND,Delivered
OL000360,SO00137,PRD0454,1,44256.79,5,42043.95,TND,Pending
OL000361,SO00138,PRD0030,9,27165.5,10,220040.55,TND,Pending
OL000362,SO00138,PRD0122,1,6659.4,0,6659.4,TND,Delivered
OL000363,SO00139,PRD0328,4,36367.34,10,130922.42,TND,Delivered
OL000364,SO00139,PRD0466,8,21838.72,5,165974.27,TND,Cancelled
OL000365,SO00140,PRD0437,6,47487.04,5,270676.13,TND,Delivered
OL000366,SO00140,PRD0297,3,5672.86,0,17018.58,TND,Shipped
OL000367,SO00140,PRD0290,1,34516.83,0,34516.83,TND,Shipped
OL000368,SO00141,PRD0355,8,24735.9,5,187992.84,TND,Delivered
OL000369,SO00141,PRD0118,6,6262.18,10,33815.77,TND,Delivered
OL000370,SO00142,PRD0095,1,39136.44,0,39136.44,TND,Delivered
OL000371,SO00142,PRD0423,2,8273.15,0,16546.3,TND,Delivered
OL000372,SO00142,PRD0004,10,29028.2,15,246739.7,TND,Delivered
OL000373,SO00142,PRD0186,1,14272.94,0,14272.94,TND,Delivered
OL000374,SO00143,PRD0454,3,44256.79,0,132770.37,TND,Pending
OL000375,SO00143,PRD0135,3,12900.29,0,38700.87,TND,Delivered
OL000376,SO00144,PRD0467,3,31710.69,0,95132.07,TND,Shipped
OL000377,SO00144,PRD0052,2,22607.92,0,45215.84,TND,Delivered
OL000378,SO00144,PRD0011,8,6654.23,0,53233.84,TND,Shipped
OL000379,SO00145,PRD0482,10,8209.45,10,73885.05,TND,Shipped
OL000380,SO00145,PRD0270,2,17281.45,0,34562.9,TND,Shipped
OL000381,SO00146,PRD0407,4,4428.45,5,16828.11,TND,Pending
OL000382,SO00146,PRD0098,6,47441.43,5,270416.15,TND,Cancelled
OL000383,SO00147,PRD0472,10,46761.95,5,444238.52,TND,Shipped
OL000384,SO00147,PRD0024,5,39870.32,10,179416.44,TND,Delivered
OL000385,SO00148,PRD0323,5,47991.31,10,215960.89,TND,Shipped
OL000386,SO00149,PRD0108,8,12360.5,10,88995.6,TND,Pending
OL000387,SO00149,PRD0373,3,26079.59,5,74326.83,TND,Shipped
OL000388,SO00149,PRD0042,9,2391.42,0,21522.78,TND,Delivered
OL000389,SO00149,PRD0402,3,15456.65,0,46369.95,TND,Delivered
OL000390,SO00150,PRD0367,5,27477.66,5,130518.88,TND,Pending
OL000391,SO00150,PRD0490,10,16962.28,5,161141.66,TND,Delivered
OL000392,SO00150,PRD0254,4,44540.84,0,178163.36,TND,Delivered
OL000393,SO00150,PRD0243,4,31805.2,0,127220.8,TND,Shipped
OL000394,SO00151,PRD0479,6,42244.85,0,253469.1,TND,Delivered
OL000395,SO00151,PRD0432,2,13116.38,0,26232.76,TND,Delivered
OL000396,SO00152,PRD0299,8,26617.86,5,202295.74,TND,Delivered
OL000397,SO00152,PRD0022,8,45183.17,0,361465.36,TND,Delivered
OL000398,SO00153,PRD0163,3,4168.68,0,12506.04,TND,Delivered
OL000399,SO00153,PRD0140,2,9553.58,0,19107.16,TND,Delivered
OL000400,SO00153,PRD0196,9,1904.45,5,16283.05,TND,Pending
OL000401,SO00153,PRD0013,5,39276.96,15,166927.08,TND,Delivered
OL000402,SO00154,PRD0185,1,49983.92,5,47484.72,TND,Delivered
OL000403,SO00155,PRD0129,5,6968.22,0,34841.1,TND,Pending
OL000404,SO00155,PRD0155,3,10356.75,15,26409.71,TND,Shipped
OL000405,SO00155,PRD0382,9,33030.2,15,252681.03,TND,Delivered
OL000406,SO00156,PRD0145,7,1652.07,15,9829.82,TND,Shipped
OL000407,SO00156,PRD0422,1,29778.2,0,29778.2,TND,Delivered
OL000408,SO00156,PRD0178,3,38570.69,10,104140.86,TND,Delivered
OL000409,SO00157,PRD0243,9,31805.2,5,271934.46,TND,Pending
OL000410,SO00157,PRD0120,8,40582.78,5,308429.13,TND,Delivered
OL000411,SO00158,PRD0161,4,8759.12,0,35036.48,TND,Shipped
OL000412,SO00159,PRD0108,9,12360.5,0,111244.5,TND,Delivered
OL000413,SO00159,PRD0225,3,10611.37,0,31834.11,TND,Pending
OL000414,SO00159,PRD0231,8,16627.52,10,119718.14,TND,Shipped
OL000415,SO00159,PRD0437,6,47487.04,0,284922.24,TND,Delivered
OL000416,SO00160,PRD0391,5,34391.82,0,171959.1,TND,Delivered
OL000417,SO00160,PRD0399,1,20341.51,15,17290.28,TND,Delivered
OL000418,SO00160,PRD0354,6,633.58,5,3611.41,TND,Shipped
OL000419,SO00160,PRD0276,10,18116.79,5,172109.51,TND,Delivered
OL000420,SO00161,PRD0105,9,12109.72,0,108987.48,TND,Delivered
OL000421,SO00161,PRD0486,6,16508.93,5,94100.9,TND,Delivered
OL000422,SO00161,PRD0201,5,2754.35,0,13771.75,TND,Delivered
OL000423,SO00161,PRD0033,9,5387.53,0,48487.77,TND,Shipped
OL000424,SO00162,PRD0014,7,39659.04,0,277613.28,TND,Delivered
OL000425,SO00162,PRD0096,9,47822.83,0,430405.47,TND,Delivered
OL000426,SO00162,PRD0102,9,42899.68,0,386097.12,TND,Delivered
OL000427,SO00162,PRD0036,7,40537.18,0,283760.26,TND,Cancelled
OL000428,SO00163,PRD0275,8,21853.57,5,166087.13,TND,Delivered
OL000429,SO00163,PRD0215,4,21261.21,0,85044.84,TND,Delivered
OL000430,SO00164,PRD0419,3,19531.8,5,55665.63,TND,Shipped
OL000431,SO00164,PRD0364,10,25729.2,0,257292,TND,Pending
OL000432,SO00164,PRD0341,8,38014.81,0,304118.48,TND,Delivered
OL000433,SO00164,PRD0244,3,34941.5,0,104824.5,TND,Shipped
OL000434,SO00165,PRD0270,10,17281.45,10,155533.05,TND,Delivered
OL000435,SO00165,PRD0169,10,48214.82,0,482148.2,TND,Delivered
OL000436,SO00166,PRD0178,5,38570.69,0,192853.45,TND,Shipped
OL000437,SO00166,PRD0359,3,23523.01,0,70569.03,TND,Delivered
OL000438,SO00166,PRD0432,10,13116.38,5,124605.61,TND,Delivered
OL000439,SO00166,PRD0365,3,24807.66,5,70701.83,TND,Delivered
OL000440,SO00167,PRD0123,3,30236.62,0,90709.86,TND,Pending
OL000441,SO00168,PRD0342,4,10482.86,15,35641.72,TND,Delivered
OL000442,SO00168,PRD0470,9,45719.41,0,411474.69,TND,Delivered
OL000443,SO00168,PRD0035,2,28788.69,5,54698.51,TND,Shipped
OL000444,SO00169,PRD0231,9,16627.52,0,149647.68,TND,Delivered
OL000445,SO00169,PRD0085,8,34597.51,0,276780.08,TND,Pending
OL000446,SO00169,PRD0130,4,49203.26,0,196813.04,TND,Delivered
OL000447,SO00169,PRD0107,2,43846.86,5,83309.03,TND,Delivered
OL000448,SO00170,PRD0249,9,41994.77,5,359055.28,TND,Pending
OL000449,SO00170,PRD0237,8,29083.17,0,232665.36,TND,Shipped
OL000450,SO00170,PRD0035,3,28788.69,0,86366.07,TND,Delivered
OL000451,SO00170,PRD0043,2,48052.39,0,96104.78,TND,Delivered
OL000452,SO00171,PRD0087,1,8338.38,5,7921.46,TND,Delivered
OL000453,SO00171,PRD0040,6,44172.92,0,265037.52,TND,Pending
OL000454,SO00171,PRD0344,9,40505.16,0,364546.44,TND,Pending
OL000455,SO00171,PRD0391,9,34391.82,5,294050.06,TND,Pending
OL000456,SO00172,PRD0200,5,2154.08,0,10770.4,TND,Pending
OL000457,SO00173,PRD0396,7,41393.4,10,260778.42,TND,Shipped
OL000458,SO00174,PRD0466,2,21838.72,0,43677.44,TND,Delivered
OL000459,SO00174,PRD0123,1,30236.62,0,30236.62,TND,Delivered
OL000460,SO00174,PRD0103,2,19689.56,0,39379.12,TND,Shipped
OL000461,SO00175,PRD0371,1,19527.23,0,19527.23,TND,Delivered
OL000462,SO00175,PRD0086,6,34674.69,0,208048.14,TND,Pending
OL000463,SO00176,PRD0479,7,42244.85,15,251356.86,TND,Delivered
OL000464,SO00176,PRD0278,4,4393.67,0,17574.68,TND,Delivered
OL000465,SO00177,PRD0206,6,22103.87,0,132623.22,TND,Delivered
OL000466,SO00178,PRD0034,5,6001.95,5,28509.26,TND,Delivered
OL000467,SO00178,PRD0337,2,37752.06,10,67953.71,TND,Delivered
OL000468,SO00179,PRD0053,10,6290.8,0,62908,TND,Cancelled
OL000469,SO00179,PRD0365,10,24807.66,0,248076.6,TND,Pending
OL000470,SO00179,PRD0275,7,21853.57,5,145326.24,TND,Cancelled
OL000471,SO00179,PRD0406,3,3172.82,0,9518.46,TND,Pending
OL000472,SO00180,PRD0436,2,37480.61,0,74961.22,TND,Pending
OL000473,SO00180,PRD0342,10,10482.86,0,104828.6,TND,Delivered
OL000474,SO00180,PRD0247,4,29220.78,5,111038.96,TND,Pending
OL000475,SO00181,PRD0120,1,40582.78,5,38553.64,TND,Shipped
OL000476,SO00182,PRD0122,4,6659.4,5,25305.72,TND,Delivered
OL000477,SO00182,PRD0378,6,15816.89,0,94901.34,TND,Delivered
OL000478,SO00182,PRD0220,7,12757.53,0,89302.71,TND,Delivered
OL000479,SO00183,PRD0379,5,44219.66,0,221098.3,TND,Shipped
OL000480,SO00183,PRD0450,1,48254.91,5,45842.16,TND,Cancelled
OL000481,SO00183,PRD0169,5,48214.82,10,216966.69,TND,Delivered
OL000482,SO00183,PRD0069,6,27885.54,0,167313.24,TND,Delivered
OL000483,SO00184,PRD0465,4,39138.85,10,140899.86,TND,Pending
OL000484,SO00185,PRD0312,7,37287.98,5,247965.07,TND,Delivered
OL000485,SO00185,PRD0447,1,40058.13,0,40058.13,TND,Delivered
OL000486,SO00186,PRD0027,3,24480.46,15,62425.17,TND,Delivered
OL000487,SO00186,PRD0325,3,28849.29,5,82220.48,TND,Shipped
OL000488,SO00187,PRD0121,2,22420.63,0,44841.26,TND,Delivered
OL000489,SO00187,PRD0260,3,21590.15,5,61531.93,TND,Delivered
OL000490,SO00188,PRD0311,5,20622.57,0,103112.85,TND,Delivered
OL000491,SO00188,PRD0128,4,13156.85,0,52627.4,TND,Shipped
OL000492,SO00189,PRD0487,6,43523.47,0,261140.82,TND,Delivered
OL000493,SO00190,PRD0217,7,1452.45,10,9150.43,TND,Shipped
OL000494,SO00190,PRD0259,8,19579.16,0,156633.28,TND,Delivered
OL000495,SO00190,PRD0313,2,35505.71,10,63910.28,TND,Shipped
OL000496,SO00190,PRD0377,10,30128.78,5,286223.41,TND,Pending
OL000497,SO00191,PRD0132,8,42388.45,0,339107.6,TND,Delivered
OL000498,SO00191,PRD0195,9,47349.95,5,404842.07,TND,Delivered
OL000499,SO00192,PRD0367,4,27477.66,0,109910.64,TND,Delivered
OL000500,SO00192,PRD0241,1,20973.33,10,18876,TND,Pending
OL000501,SO00193,PRD0252,7,7519.68,15,44742.1,TND,Cancelled
OL000502,SO00193,PRD0208,6,49445.75,0,296674.5,TND,Delivered
OL000503,SO00193,PRD0474,10,15104.47,0,151044.7,TND,Shipped
OL000504,SO00194,PRD0198,10,3740.59,0,37405.9,TND,Shipped
OL000505,SO00195,PRD0395,6,13695.1,5,78062.07,TND,Delivered
OL000506,SO00195,PRD0468,6,22387,5,127605.9,TND,Pending
OL000507,SO00195,PRD0385,7,47103.52,5,313238.41,TND,Delivered
OL000508,SO00196,PRD0472,6,46761.95,5,266543.11,TND,Pending
OL000509,SO00197,PRD0134,8,44408.77,15,301979.64,TND,Delivered
OL000510,SO00197,PRD0310,4,29294.57,5,111319.37,TND,Cancelled
OL000511,SO00198,PRD0007,2,14979.85,5,28461.72,TND,Shipped
OL000512,SO00198,PRD0060,7,15312.14,5,101825.73,TND,Cancelled
OL000513,SO00199,PRD0266,4,41893.37,10,150816.13,TND,Delivered
OL000514,SO00200,PRD0130,9,49203.26,5,420687.87,TND,Delivered
OL000515,SO00200,PRD0355,5,24735.9,5,117495.52,TND,Shipped
OL000516,SO00200,PRD0155,2,10356.75,0,20713.5,TND,Pending
OL000517,SO00200,PRD0257,6,14553.17,10,78587.12,TND,Delivered
OL000518,SO00201,PRD0477,7,37223.08,5,247533.48,TND,Delivered
OL000519,SO00201,PRD0384,3,48143.8,10,129988.26,TND,Delivered
OL000520,SO00202,PRD0397,7,17451.94,5,116055.4,TND,Pending
OL000521,SO00203,PRD0088,3,32981.79,0,98945.37,TND,Delivered
OL000522,SO00203,PRD0091,2,41464.93,0,82929.86,TND,Shipped
OL000523,SO00203,PRD0192,3,2600.2,0,7800.6,TND,Pending
OL000524,SO00203,PRD0096,4,47822.83,0,191291.32,TND,Shipped
OL000525,SO00204,PRD0226,2,1389.12,10,2500.42,TND,Delivered
OL000526,SO00204,PRD0321,5,42979.29,0,214896.45,TND,Delivered
OL000527,SO00204,PRD0468,2,22387,0,44774,TND,Pending
OL000528,SO00204,PRD0320,8,17562.7,0,140501.6,TND,Shipped
OL000529,SO00205,PRD0032,5,3820.09,10,17190.41,TND,Delivered
OL000530,SO00206,PRD0050,4,8349.9,5,31729.62,TND,Delivered
OL000531,SO00207,PRD0478,6,45054.95,5,256813.21,TND,Delivered
OL000532,SO00207,PRD0249,6,41994.77,15,214173.33,TND,Shipped
OL000533,SO00207,PRD0243,6,31805.2,5,181289.64,TND,Delivered
OL000534,SO00208,PRD0500,6,31866.63,10,172079.8,TND,Shipped
OL000535,SO00209,PRD0234,7,3972.21,5,26415.2,TND,Shipped
OL000536,SO00210,PRD0014,2,39659.04,10,71386.27,TND,Delivered
OL000537,SO00210,PRD0309,4,40155.93,0,160623.72,TND,Pending
OL000538,SO00211,PRD0264,1,47268.86,15,40178.53,TND,Cancelled
OL000539,SO00211,PRD0212,6,33628.95,0,201773.7,TND,Delivered
OL000540,SO00211,PRD0339,1,35801.57,15,30431.33,TND,Pending
OL000541,SO00211,PRD0097,8,11061.2,0,88489.6,TND,Delivered
OL000542,SO00212,PRD0179,7,40026.59,15,238158.21,TND,Shipped
OL000543,SO00213,PRD0338,2,19477.55,5,37007.34,TND,Delivered
OL000544,SO00213,PRD0439,4,24852.41,5,94439.16,TND,Shipped
OL000545,SO00213,PRD0359,10,23523.01,10,211707.09,TND,Pending
OL000546,SO00213,PRD0464,1,42545.69,0,42545.69,TND,Shipped
OL000547,SO00214,PRD0427,8,47631.28,0,381050.24,TND,Delivered
OL000548,SO00214,PRD0345,2,44810.95,0,89621.9,TND,Delivered
OL000549,SO00214,PRD0281,4,49696.91,0,198787.64,TND,Shipped
OL000550,SO00215,PRD0055,7,17370.64,15,103355.31,TND,Delivered
OL000551,SO00216,PRD0463,5,14603,0,73015,TND,Delivered
OL000552,SO00216,PRD0197,8,10399.96,15,70719.73,TND,Pending
OL000553,SO00216,PRD0393,3,343.99,15,877.17,TND,Pending
OL000554,SO00217,PRD0047,4,21084.15,15,71686.11,TND,Shipped
OL000555,SO00217,PRD0408,10,12147.91,0,121479.1,TND,Delivered
OL000556,SO00217,PRD0355,7,24735.9,5,164493.74,TND,Shipped
OL000557,SO00217,PRD0171,7,401.27,10,2528,TND,Delivered
OL000558,SO00218,PRD0149,2,21522.6,0,43045.2,TND,Delivered
OL000559,SO00219,PRD0382,2,33030.2,5,62757.38,TND,Delivered
OL000560,SO00219,PRD0483,6,10063.87,15,51325.74,TND,Pending
OL000561,SO00220,PRD0160,1,27434.99,5,26063.24,TND,Delivered
OL000562,SO00221,PRD0217,3,1452.45,5,4139.48,TND,Pending
OL000563,SO00221,PRD0164,4,37973.65,0,151894.6,TND,Delivered
OL000564,SO00221,PRD0395,8,13695.1,0,109560.8,TND,Shipped
OL000565,SO00221,PRD0187,5,21222.85,10,95502.82,TND,Delivered
OL000566,SO00222,PRD0076,1,36174.73,5,34365.99,TND,Delivered
OL000567,SO00222,PRD0308,2,47825.24,0,95650.48,TND,Shipped
OL000568,SO00222,PRD0146,10,41936.1,0,419361,TND,Shipped
OL000569,SO00222,PRD0075,8,30397.87,0,243182.96,TND,Cancelled
OL000570,SO00223,PRD0415,6,37405.21,0,224431.26,TND,Pending
OL000571,SO00224,PRD0359,1,23523.01,15,19994.56,TND,Shipped
OL000572,SO00224,PRD0377,8,30128.78,5,228978.73,TND,Delivered
OL000573,SO00225,PRD0012,7,23445.95,0,164121.65,TND,Pending
OL000574,SO00225,PRD0281,6,49696.91,10,268363.31,TND,Delivered
OL000575,SO00226,PRD0145,4,1652.07,5,6277.87,TND,Delivered
OL000576,SO00226,PRD0357,2,20052.03,0,40104.06,TND,Shipped
OL000577,SO00226,PRD0473,10,18200.09,10,163800.81,TND,Delivered
OL000578,SO00227,PRD0235,10,47139.84,0,471398.4,TND,Pending
OL000579,SO00227,PRD0336,5,22365.09,10,100642.9,TND,Delivered
OL000580,SO00227,PRD0084,4,38633.73,5,146808.17,TND,Delivered
OL000581,SO00228,PRD0348,3,34369.81,0,103109.43,TND,Cancelled
OL000582,SO00229,PRD0475,2,43310.15,0,86620.3,TND,Delivered
OL000583,SO00229,PRD0029,1,34043.27,0,34043.27,TND,Delivered
OL000584,SO00230,PRD0304,3,30398.21,5,86634.9,TND,Delivered
OL000585,SO00230,PRD0223,1,26701.98,0,26701.98,TND,Delivered
OL000586,SO00230,PRD0497,5,24454.52,5,116158.97,TND,Cancelled
OL000587,SO00231,PRD0398,2,14553.28,10,26195.9,TND,Shipped
OL000588,SO00231,PRD0355,7,24735.9,0,173151.3,TND,Pending
OL000589,SO00231,PRD0408,6,12147.91,0,72887.46,TND,Delivered
OL000590,SO00231,PRD0344,2,40505.16,0,81010.32,TND,Pending
OL000591,SO00232,PRD0012,10,23445.95,15,199290.57,TND,Delivered
OL000592,SO00232,PRD0301,2,16679.17,10,30022.51,TND,Delivered
OL000593,SO00233,PRD0331,10,23645.71,0,236457.1,TND,Delivered
OL000594,SO00233,PRD0360,9,33590.47,0,302314.23,TND,Shipped
OL000595,SO00233,PRD0223,1,26701.98,0,26701.98,TND,Shipped
OL000596,SO00233,PRD0153,9,40353.59,0,363182.31,TND,Delivered
OL000597,SO00234,PRD0386,4,26131.41,15,88846.79,TND,Shipped
OL000598,SO00235,PRD0442,3,5793.33,0,17379.99,TND,Delivered
OL000599,SO00235,PRD0307,6,1481.68,0,8890.08,TND,Delivered
OL000600,SO00236,PRD0335,2,19778.63,5,37579.4,TND,Shipped
OL000601,SO00236,PRD0083,1,22939.47,0,22939.47,TND,Delivered
OL000602,SO00237,PRD0187,3,21222.85,0,63668.55,TND,Shipped
OL000603,SO00237,PRD0495,1,23523.36,0,23523.36,TND,Delivered
OL000604,SO00237,PRD0279,9,10146.32,15,77619.35,TND,Delivered
OL000605,SO00238,PRD0072,6,26224.07,5,149477.2,TND,Cancelled
OL000606,SO00238,PRD0296,6,42553.35,5,242554.09,TND,Delivered
OL000607,SO00238,PRD0252,2,7519.68,5,14287.39,TND,Delivered
OL000608,SO00238,PRD0356,1,98.44,0,98.44,TND,Delivered
OL000609,SO00239,PRD0491,10,6854.7,5,65119.65,TND,Pending
OL000610,SO00239,PRD0069,5,27885.54,0,139427.7,TND,Pending
OL000611,SO00240,PRD0282,5,26438.18,0,132190.9,TND,Pending
OL000612,SO00241,PRD0205,2,49966.22,15,84942.57,TND,Pending
OL000613,SO00241,PRD0234,3,3972.21,5,11320.8,TND,Delivered
OL000614,SO00242,PRD0325,4,28849.29,5,109627.3,TND,Pending
OL000615,SO00242,PRD0357,9,20052.03,5,171444.86,TND,Delivered
OL000616,SO00242,PRD0331,3,23645.71,0,70937.13,TND,Shipped
OL000617,SO00243,PRD0014,2,39659.04,0,79318.08,TND,Delivered
OL000618,SO00243,PRD0494,9,28742.47,0,258682.23,TND,Delivered
OL000619,SO00243,PRD0310,2,29294.57,0,58589.14,TND,Delivered
OL000620,SO00243,PRD0127,5,34345.59,0,171727.95,TND,Shipped
OL000621,SO00244,PRD0006,4,49541.82,0,198167.28,TND,Delivered
OL000622,SO00244,PRD0051,2,7205.31,0,14410.62,TND,Pending
OL000623,SO00244,PRD0194,5,8938.26,5,42456.74,TND,Shipped
OL000624,SO00245,PRD0271,6,37977.41,5,216471.24,TND,Shipped
OL000625,SO00246,PRD0312,1,37287.98,0,37287.98,TND,Shipped
OL000626,SO00246,PRD0051,7,7205.31,0,50437.17,TND,Shipped
OL000627,SO00246,PRD0460,9,15182.05,5,129806.53,TND,Shipped
OL000628,SO00247,PRD0245,1,44106.12,5,41900.81,TND,Pending
OL000629,SO00247,PRD0304,3,30398.21,0,91194.63,TND,Pending
OL000630,SO00247,PRD0066,5,7734.44,0,38672.2,TND,Pending
OL000631,SO00247,PRD0133,6,32946.53,5,187795.22,TND,Delivered
OL000632,SO00248,PRD0362,6,1717.59,10,9274.99,TND,Delivered
OL000633,SO00248,PRD0235,5,47139.84,15,200344.32,TND,Delivered
OL000634,SO00248,PRD0094,4,46008.33,0,184033.32,TND,Shipped
OL000635,SO00248,PRD0225,5,10611.37,0,53056.85,TND,Delivered
OL000636,SO00249,PRD0325,2,28849.29,0,57698.58,TND,Delivered
OL000637,SO00250,PRD0085,10,34597.51,0,345975.1,TND,Pending
OL000638,SO00251,PRD0414,7,35128.46,5,233604.26,TND,Shipped
OL000639,SO00251,PRD0448,3,21969.64,0,65908.92,TND,Delivered
OL000640,SO00251,PRD0006,9,49541.82,5,423582.56,TND,Delivered
OL000641,SO00251,PRD0493,10,6748.51,0,67485.1,TND,Shipped
OL000642,SO00252,PRD0366,7,35802.83,5,238088.82,TND,Pending
OL000643,SO00253,PRD0379,9,44219.66,5,378078.09,TND,Delivered
OL000644,SO00253,PRD0339,8,35801.57,15,243450.68,TND,Pending
OL000645,SO00254,PRD0090,6,13806.78,10,74556.61,TND,Delivered
OL000646,SO00254,PRD0039,1,11819.94,0,11819.94,TND,Delivered
OL000647,SO00255,PRD0497,4,24454.52,10,88036.27,TND,Shipped
OL000648,SO00255,PRD0058,2,2288.88,0,4577.76,TND,Delivered
OL000649,SO00255,PRD0174,5,7319.41,0,36597.05,TND,Pending
OL000650,SO00256,PRD0112,9,33115.87,10,268238.55,TND,Delivered
OL000651,SO00256,PRD0473,8,18200.09,10,131040.65,TND,Shipped
OL000652,SO00256,PRD0157,1,7177.93,0,7177.93,TND,Pending
OL000653,SO00256,PRD0476,6,30736.24,0,184417.44,TND,Delivered
OL000654,SO00257,PRD0456,7,22195.45,0,155368.15,TND,Delivered
OL000655,SO00257,PRD0370,8,10755.38,0,86043.04,TND,Delivered
OL000656,SO00257,PRD0096,3,47822.83,0,143468.49,TND,Shipped
OL000657,SO00258,PRD0080,5,24077.52,0,120387.6,TND,Delivered
OL000658,SO00259,PRD0187,3,21222.85,5,60485.12,TND,Delivered
OL000659,SO00259,PRD0220,8,12757.53,5,96957.23,TND,Delivered
OL000660,SO00259,PRD0457,3,30045.76,0,90137.28,TND,Delivered
OL000661,SO00260,PRD0453,4,9767.64,0,39070.56,TND,Delivered
OL000662,SO00260,PRD0446,3,30674.19,0,92022.57,TND,Pending
OL000663,SO00260,PRD0364,1,25729.2,0,25729.2,TND,Delivered
OL000664,SO00261,PRD0492,7,17366.15,0,121563.05,TND,Delivered
OL000665,SO00261,PRD0341,3,38014.81,0,114044.43,TND,Shipped
OL000666,SO00261,PRD0137,7,28118.33,5,186986.89,TND,Shipped
OL000667,SO00261,PRD0061,7,1827.89,0,12795.23,TND,Cancelled
OL000668,SO00262,PRD0065,3,44594.28,0,133782.84,TND,Delivered
OL000669,SO00263,PRD0027,6,24480.46,0,146882.76,TND,Pending
OL000670,SO00263,PRD0348,1,34369.81,0,34369.81,TND,Delivered
OL000671,SO00264,PRD0043,10,48052.39,0,480523.9,TND,Delivered
OL000672,SO00264,PRD0390,4,45768,0,183072,TND,Delivered
OL000673,SO00264,PRD0220,5,12757.53,15,54219.5,TND,Delivered
OL000674,SO00264,PRD0127,7,34345.59,0,240419.13,TND,Pending
OL000675,SO00265,PRD0359,9,23523.01,5,201121.74,TND,Delivered
OL000676,SO00266,PRD0118,3,6262.18,0,18786.54,TND,Delivered
OL000677,SO00266,PRD0062,4,11199.53,15,38078.4,TND,Delivered
OL000678,SO00267,PRD0047,1,21084.15,0,21084.15,TND,Delivered
OL000679,SO00267,PRD0443,4,9212.26,0,36849.04,TND,Delivered
OL000680,SO00268,PRD0262,7,29155.05,5,193881.08,TND,Delivered
OL000681,SO00269,PRD0187,6,21222.85,5,120970.24,TND,Delivered
OL000682,SO00269,PRD0144,1,18270.16,0,18270.16,TND,Delivered
OL000683,SO00269,PRD0483,6,10063.87,0,60383.22,TND,Delivered
OL000684,SO00270,PRD0221,3,4214.86,0,12644.58,TND,Delivered
OL000685,SO00271,PRD0156,1,264,5,250.8,TND,Shipped
OL000686,SO00271,PRD0058,3,2288.88,0,6866.64,TND,Pending
OL000687,SO00271,PRD0050,6,8349.9,5,47594.43,TND,Pending
OL000688,SO00272,PRD0122,4,6659.4,5,25305.72,TND,Delivered
OL000689,SO00272,PRD0333,2,39734.04,0,79468.08,TND,Pending
OL000690,SO00272,PRD0142,2,48085.44,0,96170.88,TND,Cancelled
OL000691,SO00273,PRD0099,8,22549.28,15,153335.1,TND,Delivered
OL000692,SO00273,PRD0361,9,10265.03,5,87766.01,TND,Delivered
OL000693,SO00274,PRD0390,3,45768,0,137304,TND,Delivered
OL000694,SO00274,PRD0104,9,8433.09,5,72102.92,TND,Shipped
OL000695,SO00274,PRD0274,9,46862.75,15,358500.04,TND,Shipped
OL000696,SO00274,PRD0370,8,10755.38,5,81740.89,TND,Delivered
OL000697,SO00275,PRD0035,9,28788.69,10,233188.39,TND,Delivered
OL000698,SO00275,PRD0248,5,44533.54,5,211534.32,TND,Delivered
OL000699,SO00275,PRD0215,1,21261.21,15,18072.03,TND,Delivered
OL000700,SO00275,PRD0269,4,35518.18,5,134969.08,TND,Delivered
OL000701,SO00276,PRD0085,8,34597.51,10,249102.07,TND,Delivered
OL000702,SO00277,PRD0206,3,22103.87,0,66311.61,TND,Pending
OL000703,SO00277,PRD0311,10,20622.57,5,195914.42,TND,Shipped
OL000704,SO00277,PRD0140,9,9553.58,0,85982.22,TND,Pending
OL000705,SO00277,PRD0106,9,8328.89,0,74960.01,TND,Shipped
OL000706,SO00278,PRD0363,2,7754.88,0,15509.76,TND,Delivered
OL000707,SO00278,PRD0138,4,8386.63,0,33546.52,TND,Pending
OL000708,SO00278,PRD0283,5,43449.54,15,184660.55,TND,Delivered
OL000709,SO00279,PRD0329,4,20323.02,15,69098.27,TND,Delivered
OL000710,SO00280,PRD0001,6,38050.27,5,216886.54,TND,Cancelled
OL000711,SO00281,PRD0043,9,48052.39,0,432471.51,TND,Delivered
OL000712,SO00281,PRD0485,10,10914.85,0,109148.5,TND,Cancelled
OL000713,SO00281,PRD0362,1,1717.59,10,1545.83,TND,Delivered
OL000714,SO00282,PRD0091,1,41464.93,5,39391.68,TND,Cancelled
OL000715,SO00282,PRD0132,10,42388.45,0,423884.5,TND,Pending
OL000716,SO00282,PRD0498,7,36725.17,15,218514.76,TND,Delivered
OL000717,SO00283,PRD0419,4,19531.8,0,78127.2,TND,Delivered
OL000718,SO00283,PRD0227,7,5508.55,0,38559.85,TND,Delivered
OL000719,SO00284,PRD0189,2,39969.81,0,79939.62,TND,Delivered
OL000720,SO00284,PRD0076,3,36174.73,0,108524.19,TND,Delivered
OL000721,SO00284,PRD0462,3,40118.17,5,114336.78,TND,Delivered
OL000722,SO00284,PRD0246,3,46508.11,10,125571.9,TND,Shipped
OL000723,SO00285,PRD0036,2,40537.18,0,81074.36,TND,Delivered
OL000724,SO00285,PRD0074,7,2533.36,0,17733.52,TND,Delivered
OL000725,SO00286,PRD0309,2,40155.93,0,80311.86,TND,Delivered
OL000726,SO00287,PRD0391,1,34391.82,0,34391.82,TND,Shipped
OL000727,SO00288,PRD0074,10,2533.36,0,25333.6,TND,Cancelled
OL000728,SO00288,PRD0481,2,48454.2,5,92062.98,TND,Shipped
OL000729,SO00288,PRD0322,2,22844.42,0,45688.84,TND,Delivered
OL000730,SO00289,PRD0418,8,34830.02,0,278640.16,TND,Delivered
OL000731,SO00289,PRD0084,5,38633.73,5,183510.22,TND,Delivered
OL000732,SO00289,PRD0158,1,40914.91,0,40914.91,TND,Delivered
OL000733,SO00289,PRD0170,9,9828.09,10,79607.53,TND,Delivered
OL000734,SO00290,PRD0468,4,22387,0,89548,TND,Delivered
OL000735,SO00291,PRD0181,5,33316.36,0,166581.8,TND,Shipped
OL000736,SO00291,PRD0336,7,22365.09,5,148727.85,TND,Pending
OL000737,SO00292,PRD0252,3,7519.68,15,19175.18,TND,Delivered
OL000738,SO00293,PRD0183,6,1325.75,0,7954.5,TND,Shipped
OL000739,SO00293,PRD0040,2,44172.92,10,79511.26,TND,Pending
OL000740,SO00293,PRD0316,3,14264.08,0,42792.24,TND,Delivered
OL000741,SO00294,PRD0348,3,34369.81,10,92798.49,TND,Pending
OL000742,SO00294,PRD0218,10,30907.79,10,278170.11,TND,Delivered
OL000743,SO00295,PRD0139,8,13359.01,5,101528.48,TND,Shipped
OL000744,SO00296,PRD0404,1,41101.9,10,36991.71,TND,Cancelled
OL000745,SO00297,PRD0164,7,37973.65,0,265815.55,TND,Shipped
OL000746,SO00297,PRD0076,8,36174.73,10,260458.06,TND,Delivered
OL000747,SO00298,PRD0492,2,17366.15,0,34732.3,TND,Delivered
OL000748,SO00298,PRD0373,7,26079.59,0,182557.13,TND,Delivered
OL000749,SO00298,PRD0143,8,22829.68,5,173505.57,TND,Delivered
OL000750,SO00298,PRD0075,6,30397.87,0,182387.22,TND,Shipped
OL000751,SO00299,PRD0197,9,10399.96,0,93599.64,TND,Delivered
OL000752,SO00299,PRD0215,9,21261.21,5,181783.35,TND,Delivered
OL000753,SO00300,PRD0298,7,11798.63,5,78460.89,TND,Shipped
OL000754,SO00301,PRD0360,4,33590.47,0,134361.88,TND,Delivered
OL000755,SO00301,PRD0045,1,11584.9,0,11584.9,TND,Delivered
OL000756,SO00302,PRD0472,1,46761.95,15,39747.66,TND,Delivered
OL000757,SO00302,PRD0057,3,37919.74,0,113759.22,TND,Delivered
OL000758,SO00303,PRD0125,1,12933.26,5,12286.6,TND,Delivered
OL000759,SO00303,PRD0108,3,12360.5,0,37081.5,TND,Delivered
OL000760,SO00303,PRD0424,7,15111.32,0,105779.24,TND,Pending
OL000761,SO00303,PRD0115,10,22845.28,0,228452.8,TND,Shipped
OL000762,SO00304,PRD0016,6,35400.51,0,212403.06,TND,Delivered
OL000763,SO00304,PRD0076,1,36174.73,5,34365.99,TND,Shipped
OL000764,SO00305,PRD0392,8,20257.84,5,153959.58,TND,Pending
OL000765,SO00305,PRD0094,5,46008.33,0,230041.65,TND,Pending
OL000766,SO00306,PRD0401,5,40341.57,0,201707.85,TND,Delivered
OL000767,SO00306,PRD0331,1,23645.71,5,22463.42,TND,Delivered
OL000768,SO00306,PRD0356,3,98.44,0,295.32,TND,Shipped
OL000769,SO00306,PRD0007,8,14979.85,5,113846.86,TND,Shipped
OL000770,SO00307,PRD0364,3,25729.2,0,77187.6,TND,Delivered
OL000771,SO00307,PRD0117,7,23984.16,15,142705.75,TND,Delivered
OL000772,SO00307,PRD0217,4,1452.45,0,5809.8,TND,Delivered
OL000773,SO00308,PRD0095,9,39136.44,5,334616.56,TND,Delivered
OL000774,SO00308,PRD0422,8,29778.2,0,238225.6,TND,Pending
OL000775,SO00308,PRD0382,7,33030.2,10,208090.26,TND,Delivered
OL000776,SO00308,PRD0500,6,31866.63,5,181639.79,TND,Delivered
OL000777,SO00309,PRD0054,2,15323.56,0,30647.12,TND,Shipped
OL000778,SO00310,PRD0015,3,10822.97,5,30845.46,TND,Delivered
OL000779,SO00310,PRD0123,10,30236.62,0,302366.2,TND,Shipped
OL000780,SO00310,PRD0145,4,1652.07,5,6277.87,TND,Pending
OL000781,SO00311,PRD0124,5,40959.88,0,204799.4,TND,Pending
OL000782,SO00312,PRD0289,8,41770.64,0,334165.12,TND,Delivered
OL000783,SO00313,PRD0005,5,15144.62,15,64364.64,TND,Delivered
OL000784,SO00313,PRD0183,6,1325.75,10,7159.05,TND,Pending
OL000785,SO00313,PRD0385,3,47103.52,5,134245.03,TND,Delivered
OL000786,SO00314,PRD0460,9,15182.05,10,122974.6,TND,Delivered
OL000787,SO00314,PRD0380,10,37396.3,10,336566.7,TND,Delivered
OL000788,SO00314,PRD0258,1,5244.75,0,5244.75,TND,Delivered
OL000789,SO00314,PRD0052,8,22607.92,0,180863.36,TND,Pending
OL000790,SO00315,PRD0453,3,9767.64,10,26372.63,TND,Delivered
OL000791,SO00315,PRD0111,9,13439.07,5,114904.05,TND,Pending
OL000792,SO00316,PRD0230,6,2042.17,0,12253.02,TND,Pending
OL000793,SO00316,PRD0403,7,6290.55,0,44033.85,TND,Pending
OL000794,SO00316,PRD0068,7,3978.43,0,27849.01,TND,Cancelled
OL000795,SO00317,PRD0491,3,6854.7,5,19535.89,TND,Cancelled
OL000796,SO00318,PRD0413,1,37753.29,0,37753.29,TND,Shipped
OL000797,SO00319,PRD0256,2,17252.33,0,34504.66,TND,Delivered
OL000798,SO00320,PRD0083,10,22939.47,0,229394.7,TND,Delivered
OL000799,SO00320,PRD0035,3,28788.69,5,82047.77,TND,Delivered
OL000800,SO00320,PRD0144,8,18270.16,15,124237.09,TND,Shipped
OL000801,SO00321,PRD0333,2,39734.04,15,67547.87,TND,Delivered
OL000802,SO00321,PRD0474,6,15104.47,10,81564.14,TND,Delivered
OL000803,SO00321,PRD0072,10,26224.07,15,222904.6,TND,Delivered
OL000804,SO00321,PRD0482,6,8209.45,5,46793.87,TND,Pending
OL000805,SO00322,PRD0192,7,2600.2,5,17291.33,TND,Delivered
OL000806,SO00322,PRD0043,1,48052.39,5,45649.77,TND,Pending
OL000807,SO00322,PRD0350,4,7909.23,5,30055.07,TND,Pending
OL000808,SO00323,PRD0437,5,47487.04,0,237435.2,TND,Pending
OL000809,SO00323,PRD0054,2,15323.56,0,30647.12,TND,Shipped
OL000810,SO00324,PRD0179,8,40026.59,0,320212.72,TND,Delivered
OL000811,SO00325,PRD0056,2,46715.98,15,79417.17,TND,Shipped
OL000812,SO00325,PRD0044,7,6415.87,0,44911.09,TND,Delivered
OL000813,SO00325,PRD0093,6,47153.95,0,282923.7,TND,Pending
OL000814,SO00325,PRD0375,4,8912.09,5,33865.94,TND,Delivered
OL000815,SO00326,PRD0233,3,29214.54,15,74497.08,TND,Delivered
OL000816,SO00326,PRD0020,4,40045.68,0,160182.72,TND,Delivered
OL000817,SO00326,PRD0280,10,11998.87,10,107989.83,TND,Delivered
OL000818,SO00327,PRD0405,4,17111.48,0,68445.92,TND,Shipped
OL000819,SO00327,PRD0221,7,4214.86,0,29504.02,TND,Pending
OL000820,SO00327,PRD0243,2,31805.2,0,63610.4,TND,Delivered
OL000821,SO00328,PRD0153,8,40353.59,10,290545.85,TND,Delivered
OL000822,SO00329,PRD0095,2,39136.44,10,70445.59,TND,Delivered
OL000823,SO00329,PRD0426,5,7714.65,0,38573.25,TND,Delivered
OL000824,SO00329,PRD0028,7,44407.9,0,310855.3,TND,Delivered
OL000825,SO00330,PRD0495,7,23523.36,0,164663.52,TND,Pending
OL000826,SO00330,PRD0357,7,20052.03,10,126327.79,TND,Pending
OL000827,SO00331,PRD0040,10,44172.92,5,419642.74,TND,Delivered
OL000828,SO00331,PRD0371,6,19527.23,0,117163.38,TND,Shipped
OL000829,SO00332,PRD0256,6,17252.33,0,103513.98,TND,Cancelled
OL000830,SO00332,PRD0443,7,9212.26,0,64485.82,TND,Pending
OL000831,SO00333,PRD0483,8,10063.87,5,76485.41,TND,Pending
OL000832,SO00333,PRD0427,1,47631.28,0,47631.28,TND,Cancelled
OL000833,SO00333,PRD0439,7,24852.41,5,165268.53,TND,Shipped
OL000834,SO00333,PRD0065,10,44594.28,0,445942.8,TND,Delivered
OL000835,SO00334,PRD0498,10,36725.17,15,312163.94,TND,Delivered
OL000836,SO00334,PRD0348,6,34369.81,0,206218.86,TND,Shipped
OL000837,SO00335,PRD0359,8,23523.01,5,178774.88,TND,Delivered
OL000838,SO00336,PRD0181,9,33316.36,15,254870.15,TND,Delivered
OL000839,SO00336,PRD0425,3,26198.47,0,78595.41,TND,Delivered
OL000840,SO00336,PRD0278,9,4393.67,5,37565.88,TND,Delivered
OL000841,SO00336,PRD0219,7,23062.58,0,161438.06,TND,Pending
OL000842,SO00337,PRD0325,2,28849.29,15,49043.79,TND,Shipped
OL000843,SO00337,PRD0146,2,41936.1,0,83872.2,TND,Delivered
OL000844,SO00337,PRD0360,7,33590.47,0,235133.29,TND,Pending
OL000845,SO00337,PRD0318,10,23282.91,15,197904.73,TND,Delivered
OL000846,SO00338,PRD0258,5,5244.75,10,23601.38,TND,Delivered
OL000847,SO00338,PRD0298,8,11798.63,5,89669.59,TND,Delivered
OL000848,SO00338,PRD0413,8,37753.29,15,256722.37,TND,Delivered
OL000849,SO00338,PRD0017,8,29959.35,0,239674.8,TND,Shipped
OL000850,SO00339,PRD0004,4,29028.2,5,110307.16,TND,Delivered
OL000851,SO00339,PRD0482,5,8209.45,0,41047.25,TND,Shipped
OL000852,SO00339,PRD0192,7,2600.2,5,17291.33,TND,Delivered
OL000853,SO00339,PRD0401,7,40341.57,0,282390.99,TND,Delivered
OL000854,SO00340,PRD0431,10,39382.81,0,393828.1,TND,Delivered
OL000855,SO00340,PRD0419,10,19531.8,15,166020.3,TND,Delivered
OL000856,SO00340,PRD0266,7,41893.37,0,293253.59,TND,Pending
OL000857,SO00341,PRD0411,10,7471.95,0,74719.5,TND,Shipped
OL000858,SO00342,PRD0373,6,26079.59,5,148653.66,TND,Delivered
OL000859,SO00342,PRD0089,2,20670.25,5,39273.47,TND,Delivered
OL000860,SO00342,PRD0207,2,30760.34,5,58444.65,TND,Shipped
OL000861,SO00342,PRD0463,5,14603,10,65713.5,TND,Delivered
OL000862,SO00343,PRD0105,7,12109.72,0,84768.04,TND,Shipped
OL000863,SO00343,PRD0048,3,26398.03,0,79194.09,TND,Pending
OL000864,SO00343,PRD0014,2,39659.04,5,75352.18,TND,Delivered
OL000865,SO00344,PRD0233,6,29214.54,0,175287.24,TND,Pending
OL000866,SO00344,PRD0325,4,28849.29,0,115397.16,TND,Delivered
OL000867,SO00345,PRD0372,7,29763.49,10,187509.99,TND,Pending
OL000868,SO00345,PRD0400,5,20072.67,0,100363.35,TND,Delivered
OL000869,SO00346,PRD0327,10,2872.48,10,25852.32,TND,Delivered
OL000870,SO00347,PRD0055,3,17370.64,0,52111.92,TND,Shipped
OL000871,SO00348,PRD0040,8,44172.92,10,318045.02,TND,Shipped
OL000872,SO00349,PRD0201,8,2754.35,10,19831.32,TND,Delivered
OL000873,SO00349,PRD0052,8,22607.92,15,153733.86,TND,Delivered
OL000874,SO00350,PRD0193,8,10858.56,10,78181.63,TND,Delivered
OL000875,SO00350,PRD0456,1,22195.45,15,18866.13,TND,Pending
OL000876,SO00350,PRD0161,10,8759.12,10,78832.08,TND,Delivered
OL000877,SO00350,PRD0325,6,28849.29,15,147131.38,TND,Delivered
OL000878,SO00351,PRD0082,9,29513.21,5,252337.95,TND,Shipped
OL000879,SO00352,PRD0311,9,20622.57,0,185603.13,TND,Delivered
OL000880,SO00352,PRD0016,3,35400.51,0,106201.53,TND,Delivered
OL000881,SO00353,PRD0016,3,35400.51,0,106201.53,TND,Pending
OL000882,SO00353,PRD0168,3,34157.29,0,102471.87,TND,Delivered
OL000883,SO00354,PRD0179,9,40026.59,5,342227.34,TND,Delivered
OL000884,SO00355,PRD0224,4,2369,0,9476,TND,Delivered
OL000885,SO00355,PRD0263,5,10356.13,15,44013.55,TND,Delivered
OL000886,SO00355,PRD0485,10,10914.85,0,109148.5,TND,Shipped
OL000887,SO00355,PRD0205,8,49966.22,0,399729.76,TND,Delivered
OL000888,SO00356,PRD0418,2,34830.02,5,66177.04,TND,Delivered
OL000889,SO00356,PRD0164,10,37973.65,0,379736.5,TND,Shipped
OL000890,SO00356,PRD0319,2,43704.14,0,87408.28,TND,Shipped
OL000891,SO00357,PRD0301,10,16679.17,10,150112.53,TND,Pending
OL000892,SO00357,PRD0210,9,10103.18,0,90928.62,TND,Delivered
OL000893,SO00357,PRD0151,3,6484.62,10,17508.47,TND,Delivered
OL000894,SO00358,PRD0184,2,732.02,0,1464.04,TND,Delivered
OL000895,SO00358,PRD0126,3,27824.26,10,75125.5,TND,Delivered
OL000896,SO00359,PRD0353,6,4775.43,0,28652.58,TND,Pending
OL000897,SO00359,PRD0006,6,49541.82,10,267525.83,TND,Pending
OL000898,SO00359,PRD0368,7,45923.62,0,321465.34,TND,Delivered
OL000899,SO00360,PRD0053,5,6290.8,5,29881.3,TND,Shipped
OL000900,SO00360,PRD0288,2,35182.62,5,66846.98,TND,Pending
OL000901,SO00361,PRD0163,4,4168.68,0,16674.72,TND,Delivered
OL000902,SO00361,PRD0417,1,22096.97,15,18782.42,TND,Delivered
OL000903,SO00361,PRD0164,2,37973.65,0,75947.3,TND,Pending
OL000904,SO00361,PRD0102,10,42899.68,0,428996.8,TND,Pending
OL000905,SO00362,PRD0010,10,17476.3,15,148548.55,TND,Shipped
OL000906,SO00362,PRD0330,5,22995.74,0,114978.7,TND,Cancelled
OL000907,SO00362,PRD0402,1,15456.65,10,13910.99,TND,Shipped
OL000908,SO00363,PRD0173,1,45622.65,0,45622.65,TND,Delivered
OL000909,SO00364,PRD0371,6,19527.23,0,117163.38,TND,Pending
OL000910,SO00364,PRD0155,6,10356.75,0,62140.5,TND,Delivered
OL000911,SO00364,PRD0141,5,38489.62,5,182825.7,TND,Delivered
OL000912,SO00364,PRD0163,2,4168.68,10,7503.62,TND,Shipped
OL000913,SO00365,PRD0015,4,10822.97,0,43291.88,TND,Delivered
OL000914,SO00366,PRD0166,7,17663.59,0,123645.13,TND,Delivered
OL000915,SO00367,PRD0418,1,34830.02,15,29605.52,TND,Shipped
OL000916,SO00367,PRD0463,5,14603,10,65713.5,TND,Delivered
OL000917,SO00367,PRD0276,1,18116.79,15,15399.27,TND,Delivered
OL000918,SO00368,PRD0353,7,4775.43,0,33428.01,TND,Delivered
OL000919,SO00368,PRD0314,3,41773.58,5,119054.7,TND,Delivered
OL000920,SO00368,PRD0406,6,3172.82,10,17133.23,TND,Shipped
OL000921,SO00369,PRD0327,9,2872.48,5,24559.7,TND,Pending
OL000922,SO00369,PRD0229,8,25029,15,170197.2,TND,Delivered
OL000923,SO00369,PRD0343,8,47326.1,0,378608.8,TND,Delivered
OL000924,SO00369,PRD0063,5,24885.76,5,118207.36,TND,Delivered
OL000925,SO00370,PRD0338,4,19477.55,5,74014.69,TND,Delivered
OL000926,SO00370,PRD0332,8,37603.12,0,300824.96,TND,Delivered
OL000927,SO00371,PRD0240,7,44359.99,0,310519.93,TND,Delivered
OL000928,SO00371,PRD0420,4,14811.94,10,53322.98,TND,Shipped
OL000929,SO00372,PRD0390,8,45768,5,347836.8,TND,Shipped
OL000930,SO00372,PRD0484,2,43730.59,15,74342,TND,Delivered
OL000931,SO00372,PRD0160,6,27434.99,0,164609.94,TND,Delivered
OL000932,SO00373,PRD0400,4,20072.67,0,80290.68,TND,Delivered
OL000933,SO00373,PRD0205,5,49966.22,15,212356.43,TND,Pending
OL000934,SO00374,PRD0076,8,36174.73,10,260458.06,TND,Pending
OL000935,SO00375,PRD0009,8,28851.93,0,230815.44,TND,Delivered
OL000936,SO00375,PRD0458,9,1397.93,0,12581.37,TND,Delivered
OL000937,SO00376,PRD0182,7,47764.49,0,334351.43,TND,Delivered
OL000938,SO00377,PRD0261,5,17644.85,0,88224.25,TND,Delivered
OL000939,SO00377,PRD0171,7,401.27,5,2668.45,TND,Delivered
OL000940,SO00377,PRD0028,5,44407.9,0,222039.5,TND,Delivered
OL000941,SO00377,PRD0226,5,1389.12,5,6598.32,TND,Delivered
OL000942,SO00378,PRD0056,4,46715.98,15,158834.33,TND,Delivered
OL000943,SO00378,PRD0349,1,35315.73,10,31784.16,TND,Pending
OL000944,SO00378,PRD0026,4,15645.36,0,62581.44,TND,Delivered
OL000945,SO00378,PRD0331,4,23645.71,10,85124.56,TND,Pending
OL000946,SO00379,PRD0201,5,2754.35,0,13771.75,TND,Delivered
OL000947,SO00379,PRD0202,4,9716.11,0,38864.44,TND,Delivered
OL000948,SO00379,PRD0052,10,22607.92,0,226079.2,TND,Delivered
OL000949,SO00379,PRD0113,3,38818.94,5,110633.98,TND,Pending
OL000950,SO00380,PRD0379,4,44219.66,0,176878.64,TND,Pending
OL000951,SO00380,PRD0157,3,7177.93,0,21533.79,TND,Shipped
OL000952,SO00380,PRD0437,3,47487.04,15,121091.95,TND,Pending
OL000953,SO00380,PRD0465,7,39138.85,0,273971.95,TND,Delivered
OL000954,SO00381,PRD0452,1,47091.11,5,44736.55,TND,Cancelled
OL000955,SO00381,PRD0040,10,44172.92,0,441729.2,TND,Shipped
OL000956,SO00381,PRD0088,8,32981.79,0,263854.32,TND,Shipped
OL000957,SO00382,PRD0428,9,21976.65,0,197789.85,TND,Delivered
OL000958,SO00382,PRD0117,2,23984.16,0,47968.32,TND,Shipped
OL000959,SO00382,PRD0269,6,35518.18,0,213109.08,TND,Pending
OL000960,SO00383,PRD0340,6,17174.34,0,103046.04,TND,Shipped
OL000961,SO00383,PRD0250,5,10438.86,5,49584.58,TND,Shipped
OL000962,SO00383,PRD0130,10,49203.26,0,492032.6,TND,Delivered
OL000963,SO00384,PRD0076,7,36174.73,10,227900.8,TND,Pending
OL000964,SO00385,PRD0183,1,1325.75,0,1325.75,TND,Pending
OL000965,SO00385,PRD0255,7,16563.05,0,115941.35,TND,Pending
OL000966,SO00386,PRD0472,7,46761.95,5,310966.97,TND,Cancelled
OL000967,SO00386,PRD0489,9,2729.2,10,22106.52,TND,Delivered
OL000968,SO00387,PRD0136,6,43611.8,10,235503.72,TND,Delivered
OL000969,SO00387,PRD0467,7,31710.69,15,188678.61,TND,Delivered
OL000970,SO00388,PRD0022,9,45183.17,5,386316.1,TND,Shipped
OL000971,SO00388,PRD0297,2,5672.86,0,11345.72,TND,Delivered
OL000972,SO00389,PRD0148,1,42255.44,0,42255.44,TND,Pending
OL000973,SO00389,PRD0057,8,37919.74,5,288190.02,TND,Delivered
OL000974,SO00389,PRD0497,5,24454.52,5,116158.97,TND,Pending
OL000975,SO00390,PRD0250,5,10438.86,0,52194.3,TND,Delivered
OL000976,SO00390,PRD0148,5,42255.44,10,190149.48,TND,Delivered
OL000977,SO00390,PRD0034,8,6001.95,0,48015.6,TND,Delivered
OL000978,SO00391,PRD0026,5,15645.36,0,78226.8,TND,Shipped
OL000979,SO00392,PRD0489,5,2729.2,0,13646,TND,Pending
OL000980,SO00392,PRD0045,7,11584.9,5,77039.59,TND,Delivered
OL000981,SO00393,PRD0017,6,29959.35,0,179756.1,TND,Pending
OL000982,SO00393,PRD0243,7,31805.2,0,222636.4,TND,Cancelled
OL000983,SO00394,PRD0458,5,1397.93,15,5941.2,TND,Pending
OL000984,SO00395,PRD0289,6,41770.64,10,225561.46,TND,Delivered
OL000985,SO00395,PRD0224,4,2369,0,9476,TND,Delivered
OL000986,SO00396,PRD0155,2,10356.75,0,20713.5,TND,Shipped
OL000987,SO00396,PRD0157,8,7177.93,5,54552.27,TND,Delivered
OL000988,SO00397,PRD0050,6,8349.9,5,47594.43,TND,Pending
OL000989,SO00397,PRD0071,6,2335.01,0,14010.06,TND,Delivered
OL000990,SO00397,PRD0270,7,17281.45,15,102824.63,TND,Delivered
OL000991,SO00397,PRD0227,9,5508.55,0,49576.95,TND,Shipped
OL000992,SO00398,PRD0387,3,39460.21,5,112461.6,TND,Delivered
OL000993,SO00399,PRD0298,6,11798.63,0,70791.78,TND,Delivered
OL000994,SO00399,PRD0263,10,10356.13,10,93205.17,TND,Delivered
OL000995,SO00400,PRD0065,8,44594.28,10,321078.82,TND,Shipped
OL000996,SO00400,PRD0207,8,30760.34,10,221474.45,TND,Delivered
OL000997,SO00400,PRD0344,5,40505.16,10,182273.22,TND,Pending
OL000998,SO00400,PRD0004,6,29028.2,5,165460.74,TND,Shipped
OL000999,SO00401,PRD0354,2,633.58,5,1203.8,TND,Pending
OL001000,SO00401,PRD0170,1,9828.09,5,9336.69,TND,Delivered
OL001001,SO00401,PRD0443,9,9212.26,5,78764.82,TND,Delivered
OL001002,SO00401,PRD0032,4,3820.09,10,13752.32,TND,Pending
OL001003,SO00402,PRD0155,5,10356.75,5,49194.56,TND,Shipped
OL001004,SO00402,PRD0322,8,22844.42,5,173617.59,TND,Delivered
OL001005,SO00403,PRD0001,3,38050.27,5,108443.27,TND,Delivered
OL001006,SO00404,PRD0127,4,34345.59,0,137382.36,TND,Delivered
OL001007,SO00405,PRD0201,5,2754.35,0,13771.75,TND,Cancelled
OL001008,SO00405,PRD0029,4,34043.27,10,122555.77,TND,Delivered
OL001009,SO00405,PRD0475,10,43310.15,5,411446.42,TND,Shipped
OL001010,SO00405,PRD0063,10,24885.76,0,248857.6,TND,Delivered
OL001011,SO00406,PRD0095,3,39136.44,10,105668.39,TND,Pending
OL001012,SO00407,PRD0262,9,29155.05,0,262395.45,TND,Delivered
OL001013,SO00407,PRD0380,5,37396.3,5,177632.42,TND,Cancelled
OL001014,SO00408,PRD0189,7,39969.81,5,265799.24,TND,Delivered
OL001015,SO00408,PRD0342,7,10482.86,10,66042.02,TND,Delivered
OL001016,SO00408,PRD0141,5,38489.62,0,192448.1,TND,Pending
OL001017,SO00408,PRD0201,1,2754.35,5,2616.63,TND,Delivered
OL001018,SO00409,PRD0022,3,45183.17,0,135549.51,TND,Pending
OL001019,SO00409,PRD0465,5,39138.85,0,195694.25,TND,Delivered
OL001020,SO00409,PRD0182,9,47764.49,10,386892.37,TND,Delivered
OL001021,SO00409,PRD0493,6,6748.51,15,34417.4,TND,Delivered
OL001022,SO00410,PRD0090,3,13806.78,0,41420.34,TND,Pending
OL001023,SO00411,PRD0236,3,13975.09,0,41925.27,TND,Shipped
OL001024,SO00411,PRD0367,5,27477.66,15,116780.05,TND,Delivered
OL001025,SO00411,PRD0440,8,10470.5,0,83764,TND,Delivered
OL001026,SO00412,PRD0295,9,27625.37,10,223765.5,TND,Delivered
OL001027,SO00412,PRD0363,3,7754.88,5,22101.41,TND,Pending
OL001028,SO00413,PRD0300,7,36915.81,0,258410.67,TND,Delivered
OL001029,SO00413,PRD0317,3,8157.19,0,24471.57,TND,Pending
OL001030,SO00413,PRD0425,8,26198.47,15,178149.6,TND,Delivered
OL001031,SO00414,PRD0396,4,41393.4,0,165573.6,TND,Shipped
OL001032,SO00414,PRD0414,7,35128.46,10,221309.3,TND,Delivered
OL001033,SO00415,PRD0032,10,3820.09,0,38200.9,TND,Delivered
OL001034,SO00416,PRD0227,6,5508.55,5,31398.74,TND,Shipped
OL001035,SO00417,PRD0165,8,11048.26,0,88386.08,TND,Cancelled
OL001036,SO00417,PRD0056,10,46715.98,5,443801.81,TND,Delivered
OL001037,SO00418,PRD0225,4,10611.37,5,40323.21,TND,Delivered
OL001038,SO00418,PRD0348,9,34369.81,10,278395.46,TND,Delivered
OL001039,SO00418,PRD0147,10,21366.62,0,213666.2,TND,Cancelled
OL001040,SO00418,PRD0116,2,7654.21,0,15308.42,TND,Shipped
OL001041,SO00419,PRD0185,7,49983.92,5,332393.07,TND,Shipped
OL001042,SO00420,PRD0095,9,39136.44,0,352227.96,TND,Shipped
OL001043,SO00420,PRD0350,10,7909.23,10,71183.07,TND,Delivered
OL001044,SO00420,PRD0374,6,10636.28,5,60626.8,TND,Pending
OL001045,SO00421,PRD0411,8,7471.95,0,59775.6,TND,Delivered
OL001046,SO00421,PRD0035,2,28788.69,5,54698.51,TND,Delivered
OL001047,SO00422,PRD0052,4,22607.92,0,90431.68,TND,Delivered
OL001048,SO00422,PRD0061,1,1827.89,0,1827.89,TND,Shipped
OL001049,SO00422,PRD0256,5,17252.33,0,86261.65,TND,Delivered
OL001050,SO00423,PRD0496,2,36873.72,5,70060.07,TND,Delivered
OL001051,SO00423,PRD0148,9,42255.44,15,323254.12,TND,Delivered
OL001052,SO00424,PRD0317,2,8157.19,5,15498.66,TND,Shipped
OL001053,SO00424,PRD0030,5,27165.5,5,129036.12,TND,Delivered
OL001054,SO00424,PRD0280,7,11998.87,0,83992.09,TND,Delivered
OL001055,SO00424,PRD0358,1,45851.84,0,45851.84,TND,Delivered
OL001056,SO00425,PRD0474,1,15104.47,0,15104.47,TND,Delivered
OL001057,SO00425,PRD0388,10,33705.02,15,286492.67,TND,Pending
OL001058,SO00425,PRD0340,1,17174.34,0,17174.34,TND,Delivered
OL001059,SO00426,PRD0307,2,1481.68,10,2667.02,TND,Delivered
OL001060,SO00426,PRD0379,3,44219.66,0,132658.98,TND,Delivered
OL001061,SO00426,PRD0314,1,41773.58,0,41773.58,TND,Delivered
OL001062,SO00426,PRD0476,6,30736.24,0,184417.44,TND,Delivered
OL001063,SO00427,PRD0011,1,6654.23,0,6654.23,TND,Shipped
OL001064,SO00427,PRD0477,4,37223.08,5,141447.7,TND,Shipped
OL001065,SO00428,PRD0283,8,43449.54,0,347596.32,TND,Shipped
OL001066,SO00429,PRD0221,7,4214.86,5,28028.82,TND,Delivered
OL001067,SO00429,PRD0360,2,33590.47,10,60462.85,TND,Cancelled
OL001068,SO00430,PRD0181,7,33316.36,15,198232.34,TND,Delivered
OL001069,SO00430,PRD0100,2,40885.53,5,77682.51,TND,Delivered
OL001070,SO00430,PRD0176,9,42490.18,5,363291.04,TND,Cancelled
OL001071,SO00431,PRD0448,4,21969.64,10,79090.7,TND,Delivered
OL001072,SO00432,PRD0225,5,10611.37,0,53056.85,TND,Delivered
OL001073,SO00432,PRD0093,4,47153.95,15,160323.43,TND,Delivered
OL001074,SO00433,PRD0246,2,46508.11,0,93016.22,TND,Delivered
OL001075,SO00433,PRD0337,8,37752.06,5,286915.66,TND,Shipped
OL001076,SO00433,PRD0063,4,24885.76,0,99543.04,TND,Delivered
OL001077,SO00433,PRD0040,6,44172.92,10,238533.77,TND,Delivered
OL001078,SO00434,PRD0270,5,17281.45,0,86407.25,TND,Delivered
OL001079,SO00434,PRD0458,2,1397.93,0,2795.86,TND,Shipped
OL001080,SO00435,PRD0144,3,18270.16,10,49329.43,TND,Delivered
OL001081,SO00435,PRD0041,5,45204.98,5,214723.65,TND,Delivered
OL001082,SO00435,PRD0105,6,12109.72,5,69025.4,TND,Shipped
OL001083,SO00435,PRD0467,1,31710.69,15,26954.09,TND,Pending
OL001084,SO00436,PRD0488,1,18288.23,0,18288.23,TND,Pending
OL001085,SO00436,PRD0059,5,16247.1,10,73111.95,TND,Delivered
OL001086,SO00436,PRD0011,5,6654.23,10,29944.03,TND,Delivered
OL001087,SO00436,PRD0256,1,17252.33,10,15527.1,TND,Delivered
OL001088,SO00437,PRD0115,4,22845.28,0,91381.12,TND,Pending
OL001089,SO00438,PRD0339,5,35801.57,0,179007.85,TND,Shipped
OL001090,SO00439,PRD0466,10,21838.72,10,196548.48,TND,Delivered
OL001091,SO00440,PRD0415,4,37405.21,10,134658.76,TND,Delivered
OL001092,SO00440,PRD0386,10,26131.41,0,261314.1,TND,Delivered
OL001093,SO00440,PRD0303,1,44587.04,10,40128.34,TND,Pending
OL001094,SO00441,PRD0440,8,10470.5,0,83764,TND,Pending
OL001095,SO00441,PRD0481,9,48454.2,0,436087.8,TND,Cancelled
OL001096,SO00441,PRD0274,8,46862.75,5,356156.9,TND,Shipped
OL001097,SO00442,PRD0465,5,39138.85,10,176124.83,TND,Cancelled
OL001098,SO00442,PRD0008,2,18134.76,15,30829.09,TND,Shipped
OL001099,SO00443,PRD0173,1,45622.65,5,43341.52,TND,Delivered
OL001100,SO00443,PRD0293,5,39078.48,10,175853.16,TND,Shipped
OL001101,SO00443,PRD0203,10,14592.26,0,145922.6,TND,Delivered
OL001102,SO00444,PRD0429,3,27801,0,83403,TND,Delivered
OL001103,SO00444,PRD0136,1,43611.8,0,43611.8,TND,Cancelled
OL001104,SO00444,PRD0434,8,9126.1,5,69358.36,TND,Pending
OL001105,SO00445,PRD0030,5,27165.5,10,122244.75,TND,Pending
OL001106,SO00445,PRD0297,2,5672.86,0,11345.72,TND,Delivered
OL001107,SO00445,PRD0481,5,48454.2,0,242271,TND,Delivered
OL001108,SO00445,PRD0041,4,45204.98,5,171778.92,TND,Delivered
OL001109,SO00446,PRD0120,2,40582.78,5,77107.28,TND,Delivered
OL001110,SO00447,PRD0297,4,5672.86,0,22691.44,TND,Pending
OL001111,SO00447,PRD0163,5,4168.68,15,17716.89,TND,Delivered
OL001112,SO00447,PRD0022,6,45183.17,5,257544.07,TND,Delivered
OL001113,SO00447,PRD0284,4,47957.09,0,191828.36,TND,Delivered
OL001114,SO00448,PRD0058,4,2288.88,0,9155.52,TND,Delivered
OL001115,SO00448,PRD0262,7,29155.05,0,204085.35,TND,Delivered
OL001116,SO00448,PRD0040,5,44172.92,0,220864.6,TND,Delivered
OL001117,SO00448,PRD0122,6,6659.4,0,39956.4,TND,Delivered
OL001118,SO00449,PRD0241,5,20973.33,5,99623.32,TND,Delivered
OL001119,SO00449,PRD0483,1,10063.87,0,10063.87,TND,Delivered
OL001120,SO00449,PRD0499,10,9907.35,0,99073.5,TND,Pending
OL001121,SO00450,PRD0262,9,29155.05,10,236155.91,TND,Pending
OL001122,SO00450,PRD0367,4,27477.66,0,109910.64,TND,Pending
OL001123,SO00450,PRD0400,3,20072.67,0,60218.01,TND,Cancelled
OL001124,SO00451,PRD0490,2,16962.28,15,28835.88,TND,Cancelled
OL001125,SO00452,PRD0276,9,18116.79,10,146746,TND,Pending
OL001126,SO00452,PRD0376,9,20468.33,5,175004.22,TND,Delivered
OL001127,SO00452,PRD0063,4,24885.76,10,89588.74,TND,Delivered
OL001128,SO00452,PRD0434,4,9126.1,0,36504.4,TND,Shipped
OL001129,SO00453,PRD0119,2,23910.66,5,45430.25,TND,Delivered
OL001130,SO00453,PRD0234,7,3972.21,0,27805.47,TND,Delivered
OL001131,SO00453,PRD0162,9,40862.71,0,367764.39,TND,Delivered
OL001132,SO00454,PRD0310,7,29294.57,0,205061.99,TND,Shipped
OL001133,SO00454,PRD0118,3,6262.18,15,15968.56,TND,Delivered
OL001134,SO00454,PRD0230,7,2042.17,5,13580.43,TND,Pending
OL001135,SO00454,PRD0403,10,6290.55,0,62905.5,TND,Delivered
OL001136,SO00455,PRD0061,7,1827.89,5,12155.47,TND,Delivered
OL001137,SO00455,PRD0042,8,2391.42,5,18174.79,TND,Shipped
OL001138,SO00455,PRD0210,3,10103.18,10,27278.59,TND,Delivered
OL001139,SO00456,PRD0215,5,21261.21,10,95675.44,TND,Pending
OL001140,SO00457,PRD0381,1,17844.27,10,16059.84,TND,Delivered
OL001141,SO00457,PRD0052,3,22607.92,15,57650.2,TND,Delivered
OL001142,SO00457,PRD0065,9,44594.28,15,341146.24,TND,Shipped
OL001143,SO00457,PRD0446,6,30674.19,0,184045.14,TND,Pending
OL001144,SO00458,PRD0365,2,24807.66,0,49615.32,TND,Shipped
OL001145,SO00458,PRD0151,6,6484.62,5,36962.33,TND,Pending
OL001146,SO00459,PRD0038,6,6557.79,15,33444.73,TND,Shipped
OL001147,SO00460,PRD0380,8,37396.3,5,284211.88,TND,Pending
OL001148,SO00460,PRD0428,10,21976.65,15,186801.52,TND,Shipped
OL001149,SO00460,PRD0224,2,2369,0,4738,TND,Delivered
OL001150,SO00460,PRD0149,10,21522.6,0,215226,TND,Pending
OL001151,SO00461,PRD0165,10,11048.26,0,110482.6,TND,Shipped
OL001152,SO00461,PRD0225,4,10611.37,0,42445.48,TND,Delivered
OL001153,SO00461,PRD0091,10,41464.93,5,393916.83,TND,Delivered
OL001154,SO00461,PRD0261,9,17644.85,10,142923.29,TND,Delivered
OL001155,SO00462,PRD0197,3,10399.96,15,26519.9,TND,Delivered
OL001156,SO00462,PRD0164,4,37973.65,0,151894.6,TND,Delivered
OL001157,SO00462,PRD0388,10,33705.02,0,337050.2,TND,Delivered
OL001158,SO00463,PRD0061,5,1827.89,0,9139.45,TND,Delivered
OL001159,SO00463,PRD0148,3,42255.44,0,126766.32,TND,Shipped
OL001160,SO00464,PRD0474,4,15104.47,5,57396.99,TND,Delivered
OL001161,SO00465,PRD0283,9,43449.54,10,351941.27,TND,Delivered
OL001162,SO00465,PRD0430,1,17694.95,15,15040.71,TND,Delivered
OL001163,SO00466,PRD0004,1,29028.2,0,29028.2,TND,Delivered
OL001164,SO00466,PRD0251,10,21402.42,0,214024.2,TND,Delivered
OL001165,SO00467,PRD0426,5,7714.65,15,32787.26,TND,Pending
OL001166,SO00467,PRD0233,2,29214.54,0,58429.08,TND,Delivered
OL001167,SO00468,PRD0045,5,11584.9,5,55028.27,TND,Delivered
OL001168,SO00468,PRD0443,6,9212.26,10,49746.2,TND,Pending
OL001169,SO00468,PRD0071,4,2335.01,5,8873.04,TND,Delivered
OL001170,SO00469,PRD0142,9,48085.44,5,411130.51,TND,Delivered
OL001171,SO00469,PRD0233,6,29214.54,10,157758.52,TND,Delivered
OL001172,SO00469,PRD0323,2,47991.31,15,81585.23,TND,Shipped
OL001173,SO00470,PRD0098,1,47441.43,15,40325.22,TND,Pending
OL001174,SO00470,PRD0431,4,39382.81,0,157531.24,TND,Delivered
OL001175,SO00470,PRD0286,4,40666.37,5,154532.21,TND,Delivered
OL001176,SO00471,PRD0249,3,41994.77,5,119685.09,TND,Delivered
OL001177,SO00471,PRD0417,4,22096.97,5,83968.49,TND,Delivered
OL001178,SO00472,PRD0002,2,20215.41,0,40430.82,TND,Pending
OL001179,SO00472,PRD0223,3,26701.98,0,80105.94,TND,Pending
OL001180,SO00473,PRD0324,6,6007.05,0,36042.3,TND,Pending
OL001181,SO00473,PRD0299,3,26617.86,10,71868.22,TND,Shipped
OL001182,SO00473,PRD0121,5,22420.63,5,106497.99,TND,Delivered
OL001183,SO00473,PRD0327,7,2872.48,5,19101.99,TND,Delivered
OL001184,SO00474,PRD0050,5,8349.9,0,41749.5,TND,Delivered
OL001185,SO00474,PRD0113,4,38818.94,5,147511.97,TND,Delivered
OL001186,SO00474,PRD0058,8,2288.88,15,15564.38,TND,Pending
OL001187,SO00475,PRD0357,3,20052.03,10,54140.48,TND,Delivered
OL001188,SO00475,PRD0204,8,28415.02,5,215954.15,TND,Pending
OL001189,SO00475,PRD0361,1,10265.03,0,10265.03,TND,Delivered
OL001190,SO00476,PRD0032,5,3820.09,5,18145.43,TND,Delivered
OL001191,SO00476,PRD0288,8,35182.62,0,281460.96,TND,Delivered
OL001192,SO00476,PRD0396,1,41393.4,0,41393.4,TND,Pending
OL001193,SO00476,PRD0166,6,17663.59,5,100682.46,TND,Delivered
OL001194,SO00477,PRD0210,3,10103.18,5,28794.06,TND,Shipped
OL001195,SO00477,PRD0114,2,29304.05,15,49816.88,TND,Pending
OL001196,SO00477,PRD0294,6,10813.85,0,64883.1,TND,Delivered
OL001197,SO00477,PRD0449,1,22224.37,10,20001.93,TND,Delivered
OL001198,SO00478,PRD0468,9,22387,0,201483,TND,Delivered
OL001199,SO00478,PRD0181,4,33316.36,0,133265.44,TND,Delivered
OL001200,SO00478,PRD0393,3,343.99,10,928.77,TND,Delivered
OL001201,SO00479,PRD0149,3,21522.6,15,54882.63,TND,Delivered
OL001202,SO00479,PRD0411,4,7471.95,5,28393.41,TND,Delivered
OL001203,SO00480,PRD0019,1,18137.39,10,16323.65,TND,Delivered
OL001204,SO00481,PRD0406,5,3172.82,0,15864.1,TND,Delivered
OL001205,SO00481,PRD0249,4,41994.77,0,167979.08,TND,Pending
OL001206,SO00481,PRD0022,7,45183.17,5,300468.08,TND,Delivered
OL001207,SO00481,PRD0081,5,7221.69,10,32497.6,TND,Delivered
OL001208,SO00482,PRD0011,9,6654.23,5,56893.67,TND,Delivered
OL001209,SO00482,PRD0008,10,18134.76,10,163212.84,TND,Delivered
OL001210,SO00482,PRD0381,10,17844.27,10,160598.43,TND,Shipped
OL001211,SO00482,PRD0426,7,7714.65,5,51302.42,TND,Delivered
OL001212,SO00483,PRD0235,5,47139.84,15,200344.32,TND,Pending
OL001213,SO00483,PRD0104,7,8433.09,0,59031.63,TND,Delivered
OL001214,SO00483,PRD0052,7,22607.92,5,150342.67,TND,Delivered
OL001215,SO00484,PRD0196,8,1904.45,5,14473.82,TND,Cancelled
OL001216,SO00484,PRD0009,9,28851.93,5,246684,TND,Delivered
OL001217,SO00485,PRD0204,4,28415.02,0,113660.08,TND,Delivered
OL001218,SO00486,PRD0330,5,22995.74,0,114978.7,TND,Shipped
OL001219,SO00487,PRD0049,9,34235.37,0,308118.33,TND,Shipped
OL001220,SO00488,PRD0304,7,30398.21,5,202148.1,TND,Delivered
OL001221,SO00488,PRD0128,10,13156.85,10,118411.65,TND,Delivered
OL001222,SO00488,PRD0043,8,48052.39,0,384419.12,TND,Delivered
OL001223,SO00488,PRD0073,6,31632.07,10,170813.18,TND,Delivered
OL001224,SO00489,PRD0447,4,40058.13,10,144209.27,TND,Shipped
OL001225,SO00489,PRD0003,9,22779.57,0,205016.13,TND,Cancelled
OL001226,SO00489,PRD0138,4,8386.63,0,33546.52,TND,Pending
OL001227,SO00489,PRD0354,9,633.58,5,5417.11,TND,Pending
OL001228,SO00490,PRD0472,2,46761.95,0,93523.9,TND,Delivered
OL001229,SO00491,PRD0388,3,33705.02,5,96059.31,TND,Delivered
OL001230,SO00491,PRD0007,4,14979.85,0,59919.4,TND,Cancelled
OL001231,SO00492,PRD0454,7,44256.79,0,309797.53,TND,Pending
OL001232,SO00493,PRD0072,7,26224.07,0,183568.49,TND,Delivered
OL001233,SO00493,PRD0384,7,48143.8,15,286455.61,TND,Pending
OL001234,SO00493,PRD0448,5,21969.64,5,104355.79,TND,Pending
OL001235,SO00493,PRD0281,6,49696.91,5,283272.39,TND,Delivered
OL001236,SO00494,PRD0268,10,17195.82,15,146164.47,TND,Delivered
OL001237,SO00494,PRD0351,10,30856.18,0,308561.8,TND,Delivered
OL001238,SO00494,PRD0105,6,12109.72,15,61759.57,TND,Pending
OL001239,SO00495,PRD0085,8,34597.51,0,276780.08,TND,Delivered
OL001240,SO00495,PRD0269,3,35518.18,0,106554.54,TND,Cancelled
OL001241,SO00496,PRD0160,4,27434.99,0,109739.96,TND,Delivered
OL001242,SO00497,PRD0170,8,9828.09,5,74693.48,TND,Delivered
OL001243,SO00497,PRD0049,9,34235.37,10,277306.5,TND,Delivered
OL001244,SO00497,PRD0032,1,3820.09,15,3247.08,TND,Delivered
OL001245,SO00497,PRD0320,7,17562.7,5,116791.96,TND,Delivered
OL001246,SO00498,PRD0479,4,42244.85,0,168979.4,TND,Delivered
OL001247,SO00498,PRD0131,4,13126.83,0,52507.32,TND,Delivered
OL001248,SO00498,PRD0288,2,35182.62,0,70365.24,TND,Delivered
OL001249,SO00498,PRD0278,7,4393.67,0,30755.69,TND,Shipped
OL001250,SO00499,PRD0495,10,23523.36,5,223471.92,TND,Delivered
OL001251,SO00499,PRD0414,3,35128.46,0,105385.38,TND,Delivered
OL001252,SO00499,PRD0378,4,15816.89,0,63267.56,TND,Shipped
OL001253,SO00500,PRD0074,8,2533.36,10,18240.19,TND,Delivered
OL001254,SO00500,PRD0085,1,34597.51,0,34597.51,TND,Shipped
OL001255,SO00501,PRD0341,9,38014.81,10,307919.96,TND,Delivered
OL001256,SO00501,PRD0242,7,46193.97,0,323357.79,TND,Delivered
OL001257,SO00501,PRD0168,8,34157.29,0,273258.32,TND,Shipped
OL001258,SO00501,PRD0155,6,10356.75,5,59033.47,TND,Shipped
OL001259,SO00502,PRD0490,5,16962.28,5,80570.83,TND,Shipped
OL001260,SO00502,PRD0086,9,34674.69,0,312072.21,TND,Pending
OL001261,SO00503,PRD0351,7,30856.18,5,205193.6,TND,Delivered
OL001262,SO00503,PRD0062,6,11199.53,10,60477.46,TND,Shipped
OL001263,SO00503,PRD0286,6,40666.37,5,231798.31,TND,Delivered
OL001264,SO00504,PRD0196,3,1904.45,15,4856.35,TND,Cancelled
OL001265,SO00504,PRD0192,4,2600.2,0,10400.8,TND,Delivered
OL001266,SO00505,PRD0301,5,16679.17,0,83395.85,TND,Shipped
OL001267,SO00506,PRD0258,10,5244.75,0,52447.5,TND,Pending
OL001268,SO00506,PRD0472,8,46761.95,0,374095.6,TND,Cancelled
OL001269,SO00506,PRD0007,5,14979.85,0,74899.25,TND,Delivered
OL001270,SO00507,PRD0442,8,5793.33,15,39394.64,TND,Pending
OL001271,SO00508,PRD0089,9,20670.25,10,167429.02,TND,Delivered
OL001272,SO00508,PRD0243,1,31805.2,5,30214.94,TND,Pending
OL001273,SO00508,PRD0384,3,48143.8,10,129988.26,TND,Delivered
OL001274,SO00508,PRD0448,7,21969.64,10,138408.73,TND,Delivered
OL001275,SO00509,PRD0327,2,2872.48,10,5170.46,TND,Delivered
OL001276,SO00509,PRD0364,4,25729.2,5,97770.96,TND,Pending
OL001277,SO00509,PRD0032,6,3820.09,10,20628.49,TND,Shipped
OL001278,SO00509,PRD0161,6,8759.12,10,47299.25,TND,Delivered
OL001279,SO00510,PRD0265,7,44560.07,0,311920.49,TND,Pending
OL001280,SO00510,PRD0008,1,18134.76,0,18134.76,TND,Shipped
OL001281,SO00510,PRD0482,9,8209.45,0,73885.05,TND,Delivered
OL001282,SO00511,PRD0228,5,33887.53,5,160965.77,TND,Pending
OL001283,SO00511,PRD0023,7,38847.97,0,271935.79,TND,Pending
OL001284,SO00512,PRD0160,5,27434.99,5,130316.2,TND,Delivered
OL001285,SO00513,PRD0291,10,19976.92,15,169803.82,TND,Delivered
OL001286,SO00513,PRD0429,2,27801,0,55602,TND,Delivered
OL001287,SO00513,PRD0357,6,20052.03,5,114296.57,TND,Cancelled
OL001288,SO00513,PRD0045,3,11584.9,10,31279.23,TND,Delivered
OL001289,SO00514,PRD0236,4,13975.09,0,55900.36,TND,Pending
OL001290,SO00514,PRD0042,4,2391.42,5,9087.4,TND,Pending
OL001291,SO00514,PRD0450,5,48254.91,0,241274.55,TND,Pending
OL001292,SO00515,PRD0143,10,22829.68,0,228296.8,TND,Delivered
OL001293,SO00515,PRD0072,4,26224.07,0,104896.28,TND,Delivered
OL001294,SO00516,PRD0133,5,32946.53,0,164732.65,TND,Delivered
OL001295,SO00516,PRD0358,6,45851.84,0,275111.04,TND,Pending
OL001296,SO00516,PRD0226,8,1389.12,10,10001.66,TND,Pending
OL001297,SO00517,PRD0019,10,18137.39,0,181373.9,TND,Delivered
OL001298,SO00517,PRD0487,4,43523.47,15,147979.8,TND,Delivered
OL001299,SO00518,PRD0107,9,43846.86,5,374890.65,TND,Pending
OL001300,SO00518,PRD0176,5,42490.18,0,212450.9,TND,Shipped
OL001301,SO00518,PRD0359,5,23523.01,0,117615.05,TND,Delivered
OL001302,SO00519,PRD0265,3,44560.07,0,133680.21,TND,Delivered
OL001303,SO00520,PRD0191,10,14837.18,15,126116.03,TND,Delivered
OL001304,SO00520,PRD0289,2,41770.64,5,79364.22,TND,Shipped
OL001305,SO00520,PRD0194,1,8938.26,0,8938.26,TND,Delivered
OL001306,SO00521,PRD0332,3,37603.12,15,95887.96,TND,Delivered
OL001307,SO00521,PRD0463,8,14603,5,110982.8,TND,Shipped
OL001308,SO00521,PRD0052,8,22607.92,10,162777.02,TND,Delivered
OL001309,SO00522,PRD0375,4,8912.09,0,35648.36,TND,Delivered
OL001310,SO00522,PRD0205,6,49966.22,0,299797.32,TND,Delivered
OL001311,SO00522,PRD0243,1,31805.2,15,27034.42,TND,Shipped
OL001312,SO00522,PRD0428,9,21976.65,0,197789.85,TND,Delivered
OL001313,SO00523,PRD0489,10,2729.2,0,27292,TND,Delivered
OL001314,SO00523,PRD0296,5,42553.35,10,191490.08,TND,Cancelled
OL001315,SO00523,PRD0206,9,22103.87,0,198934.83,TND,Cancelled
OL001316,SO00524,PRD0067,6,3913.46,10,21132.68,TND,Delivered
OL001317,SO00524,PRD0340,2,17174.34,0,34348.68,TND,Shipped
OL001318,SO00525,PRD0235,8,47139.84,0,377118.72,TND,Delivered
OL001319,SO00525,PRD0203,3,14592.26,0,43776.78,TND,Delivered
OL001320,SO00525,PRD0085,4,34597.51,10,124551.04,TND,Delivered
OL001321,SO00526,PRD0079,9,10735.71,10,86959.25,TND,Delivered
OL001322,SO00526,PRD0351,8,30856.18,0,246849.44,TND,Delivered
OL001323,SO00527,PRD0358,7,45851.84,10,288866.59,TND,Pending
OL001324,SO00527,PRD0109,2,43088.05,0,86176.1,TND,Delivered
OL001325,SO00527,PRD0468,3,22387,0,67161,TND,Delivered
OL001326,SO00527,PRD0242,5,46193.97,10,207872.87,TND,Pending
OL001327,SO00528,PRD0306,6,40357.39,0,242144.34,TND,Pending
OL001328,SO00528,PRD0202,10,9716.11,0,97161.1,TND,Shipped
OL001329,SO00528,PRD0274,3,46862.75,10,126529.43,TND,Delivered
OL001330,SO00528,PRD0037,6,42967.61,5,244915.38,TND,Delivered
OL001331,SO00529,PRD0469,3,9327.19,0,27981.57,TND,Delivered
OL001332,SO00529,PRD0040,5,44172.92,0,220864.6,TND,Delivered
OL001333,SO00529,PRD0331,3,23645.71,0,70937.13,TND,Delivered
OL001334,SO00529,PRD0118,7,6262.18,5,41643.5,TND,Delivered
OL001335,SO00530,PRD0491,3,6854.7,0,20564.1,TND,Pending
OL001336,SO00530,PRD0489,2,2729.2,0,5458.4,TND,Delivered
OL001337,SO00530,PRD0216,2,2732.74,5,5192.21,TND,Delivered
OL001338,SO00531,PRD0083,6,22939.47,0,137636.82,TND,Delivered
OL001339,SO00532,PRD0006,7,49541.82,0,346792.74,TND,Delivered
OL001340,SO00532,PRD0249,7,41994.77,0,293963.39,TND,Pending
OL001341,SO00532,PRD0335,10,19778.63,10,178007.67,TND,Shipped
OL001342,SO00532,PRD0492,9,17366.15,0,156295.35,TND,Delivered
OL001343,SO00533,PRD0433,6,28517.51,0,171105.06,TND,Delivered
OL001344,SO00533,PRD0274,7,46862.75,5,311637.29,TND,Delivered
OL001345,SO00533,PRD0498,2,36725.17,0,73450.34,TND,Delivered
OL001346,SO00534,PRD0102,10,42899.68,5,407546.96,TND,Delivered
OL001347,SO00534,PRD0264,1,47268.86,0,47268.86,TND,Delivered
OL001348,SO00534,PRD0417,8,22096.97,0,176775.76,TND,Delivered
OL001349,SO00535,PRD0130,5,49203.26,10,221414.67,TND,Delivered
OL001350,SO00535,PRD0218,5,30907.79,0,154538.95,TND,Delivered
OL001351,SO00535,PRD0173,1,45622.65,0,45622.65,TND,Delivered
OL001352,SO00536,PRD0306,2,40357.39,0,80714.78,TND,Delivered
OL001353,SO00537,PRD0128,2,13156.85,0,26313.7,TND,Delivered
OL001354,SO00537,PRD0090,8,13806.78,0,110454.24,TND,Delivered
OL001355,SO00537,PRD0044,8,6415.87,5,48760.61,TND,Delivered
OL001356,SO00537,PRD0274,9,46862.75,5,400676.51,TND,Delivered
OL001357,SO00538,PRD0191,10,14837.18,15,126116.03,TND,Pending
OL001358,SO00538,PRD0020,2,40045.68,0,80091.36,TND,Cancelled
OL001359,SO00538,PRD0076,2,36174.73,0,72349.46,TND,Pending
OL001360,SO00539,PRD0217,3,1452.45,15,3703.75,TND,Delivered
OL001361,SO00539,PRD0206,2,22103.87,10,39786.97,TND,Delivered
OL001362,SO00539,PRD0012,2,23445.95,10,42202.71,TND,Pending
OL001363,SO00540,PRD0316,4,14264.08,5,54203.5,TND,Delivered
OL001364,SO00540,PRD0264,10,47268.86,0,472688.6,TND,Shipped
OL001365,SO00540,PRD0277,7,23948.72,0,167641.04,TND,Pending
OL001366,SO00541,PRD0142,1,48085.44,5,45681.17,TND,Shipped
OL001367,SO00541,PRD0257,5,14553.17,0,72765.85,TND,Delivered
OL001368,SO00542,PRD0401,7,40341.57,5,268271.44,TND,Delivered
OL001369,SO00543,PRD0307,6,1481.68,0,8890.08,TND,Delivered
OL001370,SO00543,PRD0405,6,17111.48,0,102668.88,TND,Pending
OL001371,SO00543,PRD0500,10,31866.63,10,286799.67,TND,Pending
OL001372,SO00543,PRD0326,10,38281.45,0,382814.5,TND,Delivered
OL001373,SO00544,PRD0176,6,42490.18,0,254941.08,TND,Shipped
OL001374,SO00545,PRD0237,8,29083.17,0,232665.36,TND,Pending
OL001375,SO00545,PRD0438,7,12937.55,0,90562.85,TND,Delivered
OL001376,SO00546,PRD0324,8,6007.05,5,45653.58,TND,Delivered
OL001377,SO00547,PRD0383,6,47388.87,0,284333.22,TND,Shipped
OL001378,SO00547,PRD0272,8,14827.78,5,112691.13,TND,Delivered
OL001379,SO00548,PRD0320,10,17562.7,0,175627,TND,Cancelled
OL001380,SO00548,PRD0181,1,33316.36,10,29984.72,TND,Delivered
OL001381,SO00549,PRD0121,3,22420.63,0,67261.89,TND,Shipped
OL001382,SO00549,PRD0193,2,10858.56,0,21717.12,TND,Delivered
OL001383,SO00549,PRD0472,2,46761.95,5,88847.7,TND,Delivered
OL001384,SO00549,PRD0276,3,18116.79,10,48915.33,TND,Cancelled
OL001385,SO00550,PRD0282,4,26438.18,0,105752.72,TND,Pending
OL001386,SO00550,PRD0210,6,10103.18,10,54557.17,TND,Pending
OL001387,SO00550,PRD0181,6,33316.36,5,189903.25,TND,Delivered
OL001388,SO00550,PRD0385,4,47103.52,10,169572.67,TND,Delivered
OL001389,SO00551,PRD0147,3,21366.62,15,54484.88,TND,Delivered
OL001390,SO00551,PRD0423,5,8273.15,0,41365.75,TND,Shipped
OL001391,SO00551,PRD0474,8,15104.47,5,114793.97,TND,Pending
OL001392,SO00551,PRD0231,2,16627.52,0,33255.04,TND,Pending
OL001393,SO00552,PRD0211,10,29152.53,0,291525.3,TND,Pending
OL001394,SO00552,PRD0097,9,11061.2,15,84618.18,TND,Pending
OL001395,SO00552,PRD0326,7,38281.45,15,227774.63,TND,Delivered
OL001396,SO00552,PRD0015,4,10822.97,0,43291.88,TND,Pending
OL001397,SO00553,PRD0488,6,18288.23,0,109729.38,TND,Pending
OL001398,SO00554,PRD0283,3,43449.54,0,130348.62,TND,Pending
OL001399,SO00554,PRD0262,4,29155.05,0,116620.2,TND,Shipped
OL001400,SO00554,PRD0443,4,9212.26,0,36849.04,TND,Delivered
OL001401,SO00554,PRD0099,1,22549.28,0,22549.28,TND,Delivered
OL001402,SO00555,PRD0351,8,30856.18,15,209822.02,TND,Shipped
OL001403,SO00555,PRD0309,8,40155.93,5,305185.07,TND,Delivered
OL001404,SO00556,PRD0447,3,40058.13,0,120174.39,TND,Pending
OL001405,SO00556,PRD0472,2,46761.95,0,93523.9,TND,Delivered
OL001406,SO00556,PRD0466,7,21838.72,10,137583.94,TND,Cancelled
OL001407,SO00557,PRD0037,5,42967.61,10,193354.24,TND,Delivered
OL001408,SO00557,PRD0401,10,40341.57,5,383244.91,TND,Delivered
OL001409,SO00557,PRD0214,1,5183.45,0,5183.45,TND,Shipped
OL001410,SO00557,PRD0491,1,6854.7,0,6854.7,TND,Delivered
OL001411,SO00558,PRD0187,7,21222.85,5,141131.95,TND,Delivered
OL001412,SO00559,PRD0220,3,12757.53,10,34445.33,TND,Shipped
OL001413,SO00559,PRD0404,10,41101.9,10,369917.1,TND,Delivered
OL001414,SO00559,PRD0064,3,6616.47,0,19849.41,TND,Pending
OL001415,SO00559,PRD0054,3,15323.56,15,39075.08,TND,Shipped
OL001416,SO00560,PRD0136,6,43611.8,5,248587.26,TND,Delivered
OL001417,SO00560,PRD0050,8,8349.9,10,60119.28,TND,Shipped
OL001418,SO00561,PRD0152,6,7719.36,10,41684.54,TND,Pending
OL001419,SO00561,PRD0353,10,4775.43,0,47754.3,TND,Delivered
OL001420,SO00561,PRD0228,3,33887.53,0,101662.59,TND,Delivered
OL001421,SO00562,PRD0451,10,25443.89,0,254438.9,TND,Delivered
OL001422,SO00562,PRD0190,3,16280.14,5,46398.4,TND,Delivered
OL001423,SO00563,PRD0345,3,44810.95,0,134432.85,TND,Delivered
OL001424,SO00563,PRD0151,7,6484.62,0,45392.34,TND,Delivered
OL001425,SO00563,PRD0080,4,24077.52,5,91494.58,TND,Delivered
OL001426,SO00563,PRD0381,1,17844.27,0,17844.27,TND,Pending
OL001427,SO00564,PRD0245,6,44106.12,5,251404.88,TND,Pending
OL001428,SO00564,PRD0317,9,8157.19,0,73414.71,TND,Delivered
OL001429,SO00564,PRD0461,8,13778.08,5,104713.41,TND,Shipped
OL001430,SO00564,PRD0088,8,32981.79,0,263854.32,TND,Shipped
OL001431,SO00565,PRD0343,2,47326.1,0,94652.2,TND,Delivered
OL001432,SO00566,PRD0077,10,17587.16,10,158284.44,TND,Shipped
OL001433,SO00566,PRD0143,4,22829.68,0,91318.72,TND,Delivered
OL001434,SO00567,PRD0431,9,39382.81,10,319000.76,TND,Pending
OL001435,SO00568,PRD0341,2,38014.81,15,64625.18,TND,Delivered
OL001436,SO00568,PRD0017,5,29959.35,5,142306.91,TND,Delivered
OL001437,SO00568,PRD0205,9,49966.22,10,404726.38,TND,Cancelled
OL001438,SO00569,PRD0229,10,25029,5,237775.5,TND,Delivered
OL001439,SO00570,PRD0354,4,633.58,0,2534.32,TND,Pending
OL001440,SO00570,PRD0480,3,32936.9,0,98810.7,TND,Pending
OL001441,SO00571,PRD0047,2,21084.15,15,35843.06,TND,Delivered
OL001442,SO00571,PRD0381,5,17844.27,0,89221.35,TND,Delivered
OL001443,SO00571,PRD0098,10,47441.43,10,426972.87,TND,Delivered
OL001444,SO00572,PRD0275,1,21853.57,0,21853.57,TND,Pending
OL001445,SO00573,PRD0245,8,44106.12,0,352848.96,TND,Delivered
OL001446,SO00573,PRD0060,9,15312.14,5,130918.8,TND,Pending
OL001447,SO00574,PRD0292,7,35799.89,10,225539.31,TND,Delivered
OL001448,SO00574,PRD0005,8,15144.62,10,109041.26,TND,Delivered
OL001449,SO00574,PRD0298,10,11798.63,10,106187.67,TND,Cancelled
OL001450,SO00575,PRD0387,5,39460.21,0,197301.05,TND,Delivered
OL001451,SO00575,PRD0209,9,9833.96,0,88505.64,TND,Delivered
OL001452,SO00575,PRD0308,5,47825.24,0,239126.2,TND,Delivered
OL001453,SO00576,PRD0141,9,38489.62,0,346406.58,TND,Delivered
OL001454,SO00576,PRD0348,3,34369.81,0,103109.43,TND,Delivered
OL001455,SO00576,PRD0288,9,35182.62,0,316643.58,TND,Delivered
OL001456,SO00577,PRD0390,7,45768,5,304357.2,TND,Delivered
OL001457,SO00578,PRD0176,3,42490.18,0,127470.54,TND,Delivered
OL001458,SO00578,PRD0327,4,2872.48,0,11489.92,TND,Delivered
OL001459,SO00578,PRD0352,6,30699.78,10,165778.81,TND,Delivered
OL001460,SO00578,PRD0276,5,18116.79,15,76996.36,TND,Delivered
OL001461,SO00579,PRD0166,4,17663.59,10,63588.92,TND,Shipped
OL001462,SO00579,PRD0081,3,7221.69,5,20581.82,TND,Delivered
OL001463,SO00580,PRD0335,5,19778.63,0,98893.15,TND,Delivered
OL001464,SO00580,PRD0305,5,19941.92,0,99709.6,TND,Delivered
OL001465,SO00580,PRD0404,6,41101.9,10,221950.26,TND,Delivered
OL001466,SO00580,PRD0214,5,5183.45,0,25917.25,TND,Delivered
OL001467,SO00581,PRD0003,1,22779.57,15,19362.63,TND,Delivered
OL001468,SO00581,PRD0391,3,34391.82,15,87699.14,TND,Shipped
OL001469,SO00581,PRD0482,1,8209.45,10,7388.51,TND,Delivered
OL001470,SO00581,PRD0207,5,30760.34,0,153801.7,TND,Delivered
OL001471,SO00582,PRD0219,6,23062.58,5,131456.71,TND,Pending
OL001472,SO00582,PRD0405,4,17111.48,5,65023.62,TND,Delivered
OL001473,SO00582,PRD0196,5,1904.45,0,9522.25,TND,Delivered
OL001474,SO00583,PRD0371,10,19527.23,0,195272.3,TND,Cancelled
OL001475,SO00583,PRD0246,1,46508.11,10,41857.3,TND,Delivered
OL001476,SO00583,PRD0483,8,10063.87,0,80510.96,TND,Cancelled
OL001477,SO00584,PRD0031,6,26768.69,0,160612.14,TND,Delivered
OL001478,SO00584,PRD0052,5,22607.92,0,113039.6,TND,Delivered
OL001479,SO00584,PRD0029,2,34043.27,0,68086.54,TND,Shipped
OL001480,SO00584,PRD0328,7,36367.34,10,229114.24,TND,Shipped
OL001481,SO00585,PRD0294,2,10813.85,0,21627.7,TND,Delivered
OL001482,SO00585,PRD0103,9,19689.56,10,159485.44,TND,Delivered
OL001483,SO00585,PRD0288,9,35182.62,10,284979.22,TND,Pending
OL001484,SO00586,PRD0396,2,41393.4,10,74508.12,TND,Pending
OL001485,SO00586,PRD0395,6,13695.1,15,69845.01,TND,Delivered
OL001486,SO00587,PRD0383,6,47388.87,0,284333.22,TND,Delivered
OL001487,SO00587,PRD0453,6,9767.64,0,58605.84,TND,Cancelled
OL001488,SO00587,PRD0110,5,46582.29,0,232911.45,TND,Pending
OL001489,SO00587,PRD0095,1,39136.44,0,39136.44,TND,Pending
OL001490,SO00588,PRD0203,1,14592.26,10,13133.03,TND,Delivered
OL001491,SO00588,PRD0413,9,37753.29,0,339779.61,TND,Pending
OL001492,SO00588,PRD0250,1,10438.86,15,8873.03,TND,Shipped
OL001493,SO00588,PRD0409,6,11349.73,10,61288.54,TND,Delivered
OL001494,SO00589,PRD0325,2,28849.29,5,54813.65,TND,Cancelled
OL001495,SO00589,PRD0035,2,28788.69,5,54698.51,TND,Shipped
OL001496,SO00589,PRD0377,2,30128.78,5,57244.68,TND,Delivered
OL001497,SO00590,PRD0385,7,47103.52,10,296752.18,TND,Delivered
OL001498,SO00590,PRD0038,3,6557.79,5,18689.7,TND,Delivered
OL001499,SO00591,PRD0233,7,29214.54,10,184051.6,TND,Delivered
OL001500,SO00591,PRD0271,5,37977.41,0,189887.05,TND,Shipped
OL001501,SO00591,PRD0400,1,20072.67,0,20072.67,TND,Delivered
OL001502,SO00592,PRD0133,4,32946.53,5,125196.81,TND,Shipped
OL001503,SO00592,PRD0439,9,24852.41,0,223671.69,TND,Pending
OL001504,SO00593,PRD0458,10,1397.93,0,13979.3,TND,Shipped
OL001505,SO00593,PRD0451,4,25443.89,0,101775.56,TND,Delivered
OL001506,SO00593,PRD0367,9,27477.66,5,234933.99,TND,Shipped
OL001507,SO00594,PRD0277,2,23948.72,0,47897.44,TND,Delivered
OL001508,SO00594,PRD0179,4,40026.59,5,152101.04,TND,Delivered
OL001509,SO00595,PRD0218,4,30907.79,15,105086.49,TND,Delivered
OL001510,SO00595,PRD0139,6,13359.01,0,80154.06,TND,Shipped
OL001511,SO00596,PRD0064,1,6616.47,0,6616.47,TND,Pending
OL001512,SO00596,PRD0428,4,21976.65,0,87906.6,TND,Delivered
OL001513,SO00596,PRD0486,7,16508.93,0,115562.51,TND,Shipped
OL001514,SO00596,PRD0193,10,10858.56,10,97727.04,TND,Delivered
OL001515,SO00597,PRD0260,10,21590.15,5,205106.42,TND,Delivered
OL001516,SO00597,PRD0468,4,22387,0,89548,TND,Delivered
OL001517,SO00598,PRD0384,4,48143.8,0,192575.2,TND,Delivered
OL001518,SO00598,PRD0163,9,4168.68,0,37518.12,TND,Delivered
OL001519,SO00598,PRD0213,2,26138.86,15,44436.06,TND,Delivered
OL001520,SO00599,PRD0412,2,5497.01,0,10994.02,TND,Shipped
OL001521,SO00599,PRD0216,2,2732.74,0,5465.48,TND,Shipped
OL001522,SO00599,PRD0205,5,49966.22,0,249831.1,TND,Pending
OL001523,SO00599,PRD0493,7,6748.51,10,42515.61,TND,Delivered
OL001524,SO00600,PRD0374,6,10636.28,0,63817.68,TND,Shipped
OL001525,SO00600,PRD0332,3,37603.12,5,107168.89,TND,Delivered
OL001526,SO00600,PRD0460,3,15182.05,0,45546.15,TND,Delivered
OL001527,SO00601,PRD0032,10,3820.09,10,34380.81,TND,Shipped
OL001528,SO00602,PRD0191,3,14837.18,0,44511.54,TND,Delivered
OL001529,SO00602,PRD0317,9,8157.19,15,62402.5,TND,Pending
OL001530,SO00602,PRD0213,3,26138.86,0,78416.58,TND,Shipped
OL001531,SO00603,PRD0016,4,35400.51,0,141602.04,TND,Pending
OL001532,SO00603,PRD0255,5,16563.05,5,78674.49,TND,Delivered
OL001533,SO00604,PRD0170,1,9828.09,10,8845.28,TND,Delivered
OL001534,SO00605,PRD0468,1,22387,5,21267.65,TND,Shipped
OL001535,SO00605,PRD0209,9,9833.96,0,88505.64,TND,Delivered
OL001536,SO00606,PRD0460,7,15182.05,15,90333.2,TND,Delivered
OL001537,SO00606,PRD0115,8,22845.28,0,182762.24,TND,Delivered
OL001538,SO00606,PRD0048,9,26398.03,0,237582.27,TND,Shipped
OL001539,SO00607,PRD0160,8,27434.99,0,219479.92,TND,Shipped
OL001540,SO00608,PRD0166,9,17663.59,0,158972.31,TND,Pending
OL001541,SO00608,PRD0337,2,37752.06,0,75504.12,TND,Pending
OL001542,SO00609,PRD0065,9,44594.28,0,401348.52,TND,Shipped
OL001543,SO00609,PRD0113,4,38818.94,5,147511.97,TND,Pending
OL001544,SO00610,PRD0145,4,1652.07,0,6608.28,TND,Delivered
OL001545,SO00610,PRD0455,5,19392.94,0,96964.7,TND,Cancelled
OL001546,SO00610,PRD0315,10,25049.46,5,237969.87,TND,Pending
OL001547,SO00610,PRD0054,5,15323.56,10,68956.02,TND,Delivered
OL001548,SO00611,PRD0192,1,2600.2,5,2470.19,TND,Shipped
OL001549,SO00611,PRD0339,1,35801.57,10,32221.41,TND,Cancelled
OL001550,SO00611,PRD0075,1,30397.87,0,30397.87,TND,Delivered
OL001551,SO00611,PRD0297,4,5672.86,0,22691.44,TND,Delivered
OL001552,SO00612,PRD0248,10,44533.54,0,445335.4,TND,Cancelled
OL001553,SO00612,PRD0440,8,10470.5,5,79575.8,TND,Delivered
OL001554,SO00612,PRD0177,2,15519.86,5,29487.73,TND,Pending
OL001555,SO00612,PRD0097,9,11061.2,15,84618.18,TND,Delivered
OL001556,SO00613,PRD0131,8,13126.83,10,94513.18,TND,Delivered
OL001557,SO00613,PRD0175,2,34849,5,66213.1,TND,Delivered
OL001558,SO00614,PRD0033,7,5387.53,5,35827.07,TND,Cancelled
OL001559,SO00614,PRD0401,3,40341.57,0,121024.71,TND,Cancelled
OL001560,SO00614,PRD0188,2,1885.56,0,3771.12,TND,Pending
OL001561,SO00615,PRD0448,5,21969.64,0,109848.2,TND,Pending
OL001562,SO00615,PRD0178,2,38570.69,15,65570.17,TND,Cancelled
OL001563,SO00616,PRD0204,9,28415.02,0,255735.18,TND,Shipped
OL001564,SO00616,PRD0420,4,14811.94,10,53322.98,TND,Delivered
OL001565,SO00617,PRD0270,3,17281.45,5,49252.13,TND,Delivered
OL001566,SO00617,PRD0308,1,47825.24,10,43042.72,TND,Delivered
OL001567,SO00617,PRD0400,4,20072.67,5,76276.15,TND,Cancelled
OL001568,SO00618,PRD0192,2,2600.2,5,4940.38,TND,Pending
OL001569,SO00618,PRD0082,10,29513.21,0,295132.1,TND,Shipped
OL001570,SO00619,PRD0277,10,23948.72,0,239487.2,TND,Delivered
OL001571,SO00619,PRD0483,1,10063.87,15,8554.29,TND,Shipped
OL001572,SO00620,PRD0200,7,2154.08,10,13570.7,TND,Delivered
OL001573,SO00620,PRD0462,3,40118.17,5,114336.78,TND,Delivered
OL001574,SO00620,PRD0268,2,17195.82,0,34391.64,TND,Pending
OL001575,SO00621,PRD0107,10,43846.86,5,416545.17,TND,Delivered
OL001576,SO00621,PRD0473,7,18200.09,0,127400.63,TND,Delivered
OL001577,SO00621,PRD0376,3,20468.33,10,55264.49,TND,Shipped
OL001578,SO00622,PRD0201,3,2754.35,5,7849.9,TND,Delivered
OL001579,SO00622,PRD0403,4,6290.55,0,25162.2,TND,Delivered
OL001580,SO00623,PRD0494,5,28742.47,0,143712.35,TND,Delivered
OL001581,SO00623,PRD0486,10,16508.93,15,140325.9,TND,Delivered
OL001582,SO00624,PRD0073,6,31632.07,0,189792.42,TND,Delivered
OL001583,SO00624,PRD0345,5,44810.95,5,212852.01,TND,Shipped
OL001584,SO00624,PRD0142,10,48085.44,0,480854.4,TND,Pending
OL001585,SO00624,PRD0390,5,45768,10,205956,TND,Delivered
OL001586,SO00625,PRD0079,6,10735.71,10,57972.83,TND,Shipped
OL001587,SO00625,PRD0037,1,42967.61,0,42967.61,TND,Shipped
OL001588,SO00625,PRD0451,2,25443.89,5,48343.39,TND,Delivered
OL001589,SO00625,PRD0387,3,39460.21,10,106542.57,TND,Pending
OL001590,SO00626,PRD0389,2,35537.26,0,71074.52,TND,Pending
OL001591,SO00626,PRD0150,10,35483.26,10,319349.34,TND,Delivered
OL001592,SO00626,PRD0116,8,7654.21,10,55110.31,TND,Cancelled
OL001593,SO00626,PRD0268,7,17195.82,0,120370.74,TND,Delivered
OL001594,SO00627,PRD0432,5,13116.38,15,55744.61,TND,Pending
OL001595,SO00627,PRD0371,6,19527.23,0,117163.38,TND,Shipped
OL001596,SO00627,PRD0376,6,20468.33,0,122809.98,TND,Delivered
OL001597,SO00628,PRD0125,10,12933.26,0,129332.6,TND,Delivered
OL001598,SO00628,PRD0300,8,36915.81,5,280560.16,TND,Shipped
OL001599,SO00628,PRD0254,7,44540.84,5,296196.59,TND,Shipped
OL001600,SO00628,PRD0114,7,29304.05,0,205128.35,TND,Delivered
OL001601,SO00629,PRD0295,2,27625.37,0,55250.74,TND,Shipped
OL001602,SO00630,PRD0298,10,11798.63,0,117986.3,TND,Delivered
OL001603,SO00630,PRD0345,1,44810.95,0,44810.95,TND,Shipped
OL001604,SO00630,PRD0364,8,25729.2,5,195541.92,TND,Delivered
OL001605,SO00631,PRD0417,7,22096.97,5,146944.85,TND,Delivered
OL001606,SO00631,PRD0413,10,37753.29,0,377532.9,TND,Pending
OL001607,SO00631,PRD0322,6,22844.42,0,137066.52,TND,Shipped
OL001608,SO00631,PRD0382,1,33030.2,5,31378.69,TND,Shipped
OL001609,SO00632,PRD0184,6,732.02,0,4392.12,TND,Cancelled
OL001610,SO00632,PRD0420,5,14811.94,0,74059.7,TND,Delivered
OL001611,SO00632,PRD0350,8,7909.23,5,60110.15,TND,Pending
OL001612,SO00633,PRD0108,9,12360.5,5,105682.27,TND,Pending
OL001613,SO00633,PRD0286,6,40666.37,10,219598.4,TND,Delivered
OL001614,SO00634,PRD0439,10,24852.41,5,236097.89,TND,Shipped
OL001615,SO00634,PRD0046,4,12124.25,0,48497,TND,Delivered
OL001616,SO00634,PRD0171,2,401.27,5,762.41,TND,Delivered
OL001617,SO00634,PRD0181,8,33316.36,5,253204.34,TND,Shipped
OL001618,SO00635,PRD0136,8,43611.8,0,348894.4,TND,Shipped
OL001619,SO00635,PRD0439,6,24852.41,10,134203.01,TND,Cancelled
OL001620,SO00636,PRD0009,10,28851.93,0,288519.3,TND,Delivered
OL001621,SO00636,PRD0058,9,2288.88,0,20599.92,TND,Pending
OL001622,SO00636,PRD0098,3,47441.43,0,142324.29,TND,Pending
OL001623,SO00637,PRD0048,10,26398.03,15,224383.25,TND,Pending
OL001624,SO00637,PRD0047,5,21084.15,0,105420.75,TND,Delivered
OL001625,SO00638,PRD0204,7,28415.02,0,198905.14,TND,Cancelled
OL001626,SO00638,PRD0069,5,27885.54,5,132456.32,TND,Cancelled
OL001627,SO00638,PRD0472,6,46761.95,15,238485.94,TND,Delivered
OL001628,SO00639,PRD0126,9,27824.26,0,250418.34,TND,Cancelled
OL001629,SO00640,PRD0254,4,44540.84,10,160347.02,TND,Cancelled
OL001630,SO00641,PRD0449,8,22224.37,5,168905.21,TND,Delivered
OL001631,SO00641,PRD0116,1,7654.21,0,7654.21,TND,Cancelled
OL001632,SO00642,PRD0430,9,17694.95,15,135366.37,TND,Delivered
OL001633,SO00642,PRD0225,3,10611.37,10,28650.7,TND,Pending
OL001634,SO00642,PRD0213,10,26138.86,10,235249.74,TND,Cancelled
OL001635,SO00642,PRD0285,5,4299.55,5,20422.86,TND,Cancelled
OL001636,SO00643,PRD0221,4,4214.86,0,16859.44,TND,Delivered
OL001637,SO00643,PRD0190,3,16280.14,0,48840.42,TND,Shipped
OL001638,SO00643,PRD0187,4,21222.85,10,76402.26,TND,Pending
OL001639,SO00644,PRD0470,9,45719.41,5,390900.96,TND,Delivered
OL001640,SO00645,PRD0414,10,35128.46,0,351284.6,TND,Delivered
OL001641,SO00646,PRD0239,10,42082.38,10,378741.42,TND,Delivered
OL001642,SO00646,PRD0138,8,8386.63,0,67093.04,TND,Delivered
OL001643,SO00647,PRD0012,8,23445.95,5,178189.22,TND,Delivered
OL001644,SO00647,PRD0287,6,21521.37,0,129128.22,TND,Pending
OL001645,SO00648,PRD0350,6,7909.23,0,47455.38,TND,Pending
OL001646,SO00649,PRD0486,1,16508.93,5,15683.48,TND,Delivered
OL001647,SO00649,PRD0460,3,15182.05,15,38714.23,TND,Delivered
OL001648,SO00649,PRD0373,8,26079.59,0,208636.72,TND,Pending
OL001649,SO00650,PRD0170,9,9828.09,15,75184.89,TND,Delivered
OL001650,SO00650,PRD0120,9,40582.78,15,310458.27,TND,Pending
OL001651,SO00650,PRD0292,1,35799.89,15,30429.91,TND,Delivered
OL001652,SO00651,PRD0301,2,16679.17,5,31690.42,TND,Delivered
OL001653,SO00651,PRD0062,3,11199.53,5,31918.66,TND,Delivered
OL001654,SO00651,PRD0397,10,17451.94,10,157067.46,TND,Cancelled
OL001655,SO00652,PRD0016,8,35400.51,5,269043.88,TND,Delivered
OL001656,SO00652,PRD0333,2,39734.04,15,67547.87,TND,Pending
OL001657,SO00653,PRD0413,8,37753.29,0,302026.32,TND,Delivered
OL001658,SO00653,PRD0209,2,9833.96,0,19667.92,TND,Delivered
OL001659,SO00653,PRD0196,7,1904.45,10,11998.03,TND,Delivered
OL001660,SO00653,PRD0357,3,20052.03,0,60156.09,TND,Delivered
OL001661,SO00654,PRD0332,6,37603.12,0,225618.72,TND,Delivered
OL001662,SO00654,PRD0325,5,28849.29,0,144246.45,TND,Pending
OL001663,SO00654,PRD0042,9,2391.42,0,21522.78,TND,Delivered
OL001664,SO00655,PRD0001,9,38050.27,0,342452.43,TND,Delivered
OL001665,SO00655,PRD0494,5,28742.47,0,143712.35,TND,Shipped
OL001666,SO00656,PRD0440,3,10470.5,0,31411.5,TND,Pending
OL001667,SO00656,PRD0036,3,40537.18,5,115530.96,TND,Cancelled
OL001668,SO00656,PRD0490,2,16962.28,10,30532.1,TND,Shipped
OL001669,SO00657,PRD0294,8,10813.85,5,82185.26,TND,Shipped
OL001670,SO00657,PRD0091,3,41464.93,5,118175.05,TND,Shipped
OL001671,SO00657,PRD0457,8,30045.76,0,240366.08,TND,Delivered
OL001672,SO00658,PRD0414,5,35128.46,15,149295.95,TND,Delivered
OL001673,SO00659,PRD0303,3,44587.04,15,113696.95,TND,Delivered
OL001674,SO00659,PRD0266,10,41893.37,0,418933.7,TND,Pending
OL001675,SO00660,PRD0481,9,48454.2,10,392479.02,TND,Shipped
OL001676,SO00660,PRD0233,2,29214.54,5,55507.63,TND,Delivered
OL001677,SO00660,PRD0476,4,30736.24,0,122944.96,TND,Delivered
OL001678,SO00661,PRD0097,6,11061.2,0,66367.2,TND,Cancelled
OL001679,SO00661,PRD0407,8,4428.45,10,31884.84,TND,Shipped
OL001680,SO00661,PRD0207,10,30760.34,0,307603.4,TND,Delivered
OL001681,SO00661,PRD0022,6,45183.17,15,230434.17,TND,Pending
OL001682,SO00662,PRD0388,5,33705.02,0,168525.1,TND,Delivered
OL001683,SO00662,PRD0280,4,11998.87,0,47995.48,TND,Pending
OL001684,SO00662,PRD0330,7,22995.74,0,160970.18,TND,Delivered
OL001685,SO00662,PRD0103,1,19689.56,0,19689.56,TND,Delivered
OL001686,SO00663,PRD0313,5,35505.71,10,159775.7,TND,Pending
OL001687,SO00663,PRD0200,9,2154.08,10,17448.05,TND,Delivered
OL001688,SO00663,PRD0157,2,7177.93,0,14355.86,TND,Pending
OL001689,SO00663,PRD0255,10,16563.05,5,157348.98,TND,Pending
OL001690,SO00664,PRD0274,1,46862.75,0,46862.75,TND,Delivered
OL001691,SO00665,PRD0181,9,33316.36,0,299847.24,TND,Shipped
OL001692,SO00665,PRD0494,7,28742.47,5,191137.43,TND,Delivered
OL001693,SO00666,PRD0261,1,17644.85,15,14998.12,TND,Delivered
OL001694,SO00666,PRD0190,3,16280.14,10,43956.38,TND,Pending
OL001695,SO00667,PRD0366,4,35802.83,0,143211.32,TND,Pending
OL001696,SO00668,PRD0024,7,39870.32,0,279092.24,TND,Pending
OL001697,SO00669,PRD0003,6,22779.57,15,116175.81,TND,Cancelled
OL001698,SO00669,PRD0464,4,42545.69,0,170182.76,TND,Shipped
OL001699,SO00669,PRD0124,1,40959.88,0,40959.88,TND,Pending
OL001700,SO00670,PRD0452,10,47091.11,5,447365.54,TND,Shipped
OL001701,SO00670,PRD0473,5,18200.09,0,91000.45,TND,Shipped
OL001702,SO00670,PRD0217,5,1452.45,0,7262.25,TND,Delivered
OL001703,SO00671,PRD0194,4,8938.26,10,32177.74,TND,Delivered
OL001704,SO00671,PRD0143,10,22829.68,0,228296.8,TND,Pending
OL001705,SO00671,PRD0432,1,13116.38,5,12460.56,TND,Delivered
OL001706,SO00671,PRD0462,4,40118.17,0,160472.68,TND,Delivered
OL001707,SO00672,PRD0462,8,40118.17,0,320945.36,TND,Delivered
OL001708,SO00672,PRD0406,3,3172.82,15,8090.69,TND,Delivered
OL001709,SO00673,PRD0146,10,41936.1,0,419361,TND,Shipped
OL001710,SO00673,PRD0275,7,21853.57,10,137677.49,TND,Shipped
OL001711,SO00673,PRD0147,2,21366.62,5,40596.58,TND,Delivered
OL001712,SO00673,PRD0439,3,24852.41,5,70829.37,TND,Delivered
OL001713,SO00674,PRD0056,7,46715.98,0,327011.86,TND,Shipped
OL001714,SO00674,PRD0058,2,2288.88,0,4577.76,TND,Pending
OL001715,SO00674,PRD0118,8,6262.18,5,47592.57,TND,Delivered
OL001716,SO00674,PRD0020,1,40045.68,5,38043.4,TND,Delivered
OL001717,SO00675,PRD0394,6,40373.29,0,242239.74,TND,Delivered
OL001718,SO00675,PRD0108,3,12360.5,0,37081.5,TND,Cancelled
OL001719,SO00676,PRD0180,4,23129.96,15,78641.86,TND,Delivered
OL001720,SO00676,PRD0237,7,29083.17,0,203582.19,TND,Delivered
OL001721,SO00677,PRD0116,3,7654.21,5,21814.5,TND,Delivered
OL001722,SO00678,PRD0013,4,39276.96,5,149252.45,TND,Delivered
OL001723,SO00678,PRD0447,3,40058.13,0,120174.39,TND,Cancelled
OL001724,SO00678,PRD0226,1,1389.12,0,1389.12,TND,Delivered
OL001725,SO00678,PRD0036,9,40537.18,5,346592.89,TND,Pending
OL001726,SO00679,PRD0371,6,19527.23,0,117163.38,TND,Delivered
OL001727,SO00679,PRD0478,2,45054.95,5,85604.4,TND,Delivered
OL001728,SO00680,PRD0289,1,41770.64,10,37593.58,TND,Shipped
OL001729,SO00681,PRD0439,4,24852.41,10,89468.68,TND,Delivered
OL001730,SO00682,PRD0011,8,6654.23,15,45248.76,TND,Pending
OL001731,SO00683,PRD0352,8,30699.78,15,208758.5,TND,Delivered
OL001732,SO00683,PRD0316,8,14264.08,5,108407.01,TND,Delivered
OL001733,SO00683,PRD0199,8,18927.33,0,151418.64,TND,Shipped
OL001734,SO00684,PRD0275,3,21853.57,0,65560.71,TND,Pending
OL001735,SO00684,PRD0451,7,25443.89,15,151391.15,TND,Shipped
OL001736,SO00684,PRD0185,6,49983.92,5,284908.34,TND,Delivered
OL001737,SO00684,PRD0115,5,22845.28,0,114226.4,TND,Delivered
OL001738,SO00685,PRD0206,6,22103.87,0,132623.22,TND,Delivered
OL001739,SO00685,PRD0065,7,44594.28,0,312159.96,TND,Delivered
OL001740,SO00686,PRD0238,7,49552.77,0,346869.39,TND,Delivered
OL001741,SO00686,PRD0187,4,21222.85,0,84891.4,TND,Delivered
OL001742,SO00686,PRD0173,4,45622.65,15,155117.01,TND,Pending
OL001743,SO00686,PRD0167,10,49472.48,0,494724.8,TND,Delivered
OL001744,SO00687,PRD0192,7,2600.2,0,18201.4,TND,Delivered
OL001745,SO00687,PRD0330,8,22995.74,0,183965.92,TND,Shipped
OL001746,SO00687,PRD0158,10,40914.91,0,409149.1,TND,Delivered
OL001747,SO00687,PRD0110,6,46582.29,5,265519.05,TND,Delivered
OL001748,SO00688,PRD0480,8,32936.9,0,263495.2,TND,Delivered
OL001749,SO00688,PRD0265,10,44560.07,5,423320.66,TND,Delivered
OL001750,SO00688,PRD0222,10,49768.51,10,447916.59,TND,Pending
OL001751,SO00688,PRD0093,10,47153.95,10,424385.55,TND,Delivered
OL001752,SO00689,PRD0163,3,4168.68,10,11255.44,TND,Delivered
OL001753,SO00689,PRD0240,10,44359.99,15,377059.91,TND,Pending
OL001754,SO00689,PRD0126,1,27824.26,5,26433.05,TND,Shipped
OL001755,SO00689,PRD0445,2,41970.32,0,83940.64,TND,Shipped
OL001756,SO00690,PRD0170,2,9828.09,0,19656.18,TND,Shipped
OL001757,SO00691,PRD0381,4,17844.27,0,71377.08,TND,Delivered
OL001758,SO00691,PRD0078,10,32808.26,15,278870.21,TND,Pending
OL001759,SO00692,PRD0244,5,34941.5,0,174707.5,TND,Shipped
OL001760,SO00692,PRD0174,3,7319.41,15,18664.5,TND,Delivered
OL001761,SO00692,PRD0361,7,10265.03,0,71855.21,TND,Shipped
OL001762,SO00692,PRD0090,7,13806.78,0,96647.46,TND,Pending
OL001763,SO00693,PRD0359,4,23523.01,15,79978.23,TND,Pending
OL001764,SO00693,PRD0144,3,18270.16,15,46588.91,TND,Delivered
OL001765,SO00693,PRD0354,1,633.58,0,633.58,TND,Delivered
OL001766,SO00693,PRD0435,7,48331,0,338317,TND,Shipped
OL001767,SO00694,PRD0477,10,37223.08,0,372230.8,TND,Shipped
OL001768,SO00694,PRD0226,8,1389.12,15,9446.02,TND,Pending
OL001769,SO00694,PRD0300,6,36915.81,15,188270.63,TND,Shipped
OL001770,SO00695,PRD0091,3,41464.93,5,118175.05,TND,Pending
OL001771,SO00696,PRD0057,4,37919.74,15,128927.12,TND,Delivered
OL001772,SO00696,PRD0479,2,42244.85,0,84489.7,TND,Cancelled
OL001773,SO00697,PRD0009,7,28851.93,15,171668.98,TND,Delivered
OL001774,SO00697,PRD0319,5,43704.14,0,218520.7,TND,Delivered
OL001775,SO00697,PRD0457,9,30045.76,15,229850.06,TND,Delivered
OL001776,SO00697,PRD0303,6,44587.04,15,227393.9,TND,Delivered
OL001777,SO00698,PRD0359,5,23523.01,0,117615.05,TND,Delivered
OL001778,SO00698,PRD0157,1,7177.93,0,7177.93,TND,Cancelled
OL001779,SO00699,PRD0338,1,19477.55,0,19477.55,TND,Cancelled
OL001780,SO00699,PRD0042,10,2391.42,0,23914.2,TND,Pending
OL001781,SO00699,PRD0171,5,401.27,0,2006.35,TND,Shipped
OL001782,SO00699,PRD0283,7,43449.54,0,304146.78,TND,Pending
OL001783,SO00700,PRD0357,6,20052.03,10,108280.96,TND,Shipped
OL001784,SO00700,PRD0193,7,10858.56,0,76009.92,TND,Delivered
OL001785,SO00700,PRD0172,6,23984.26,5,136710.28,TND,Pending
OL001786,SO00701,PRD0145,8,1652.07,15,11234.08,TND,Delivered
OL001787,SO00701,PRD0137,6,28118.33,10,151838.98,TND,Shipped
OL001788,SO00701,PRD0043,1,48052.39,10,43247.15,TND,Shipped
OL001789,SO00701,PRD0468,2,22387,0,44774,TND,Delivered
OL001790,SO00702,PRD0079,10,10735.71,10,96621.39,TND,Shipped
OL001791,SO00703,PRD0005,1,15144.62,5,14387.39,TND,Delivered
OL001792,SO00704,PRD0080,10,24077.52,5,228736.44,TND,Shipped
OL001793,SO00705,PRD0324,2,6007.05,5,11413.4,TND,Delivered
OL001794,SO00705,PRD0448,3,21969.64,0,65908.92,TND,Pending
OL001795,SO00705,PRD0170,2,9828.09,0,19656.18,TND,Pending
OL001796,SO00705,PRD0403,2,6290.55,0,12581.1,TND,Shipped
OL001797,SO00706,PRD0108,2,12360.5,0,24721,TND,Pending
OL001798,SO00706,PRD0026,4,15645.36,0,62581.44,TND,Delivered
OL001799,SO00707,PRD0310,5,29294.57,5,139149.21,TND,Pending
OL001800,SO00707,PRD0362,1,1717.59,0,1717.59,TND,Delivered
OL001801,SO00707,PRD0096,2,47822.83,0,95645.66,TND,Delivered
OL001802,SO00707,PRD0241,3,20973.33,10,56627.99,TND,Pending
OL001803,SO00708,PRD0359,2,23523.01,0,47046.02,TND,Shipped
OL001804,SO00708,PRD0064,4,6616.47,0,26465.88,TND,Pending
OL001805,SO00709,PRD0308,5,47825.24,0,239126.2,TND,Delivered
OL001806,SO00709,PRD0212,6,33628.95,5,191685.01,TND,Delivered
OL001807,SO00709,PRD0260,5,21590.15,0,107950.75,TND,Delivered
OL001808,SO00710,PRD0033,8,5387.53,0,43100.24,TND,Pending
OL001809,SO00711,PRD0041,8,45204.98,0,361639.84,TND,Pending
OL001810,SO00711,PRD0346,2,26893.44,0,53786.88,TND,Shipped
OL001811,SO00711,PRD0392,6,20257.84,5,115469.69,TND,Pending
OL001812,SO00711,PRD0461,2,13778.08,5,26178.35,TND,Pending
OL001813,SO00712,PRD0231,8,16627.52,0,133020.16,TND,Delivered
OL001814,SO00712,PRD0184,8,732.02,0,5856.16,TND,Cancelled
OL001815,SO00712,PRD0381,4,17844.27,0,71377.08,TND,Delivered
OL001816,SO00713,PRD0210,8,10103.18,0,80825.44,TND,Shipped
OL001817,SO00713,PRD0239,7,42082.38,0,294576.66,TND,Shipped
OL001818,SO00713,PRD0451,8,25443.89,0,203551.12,TND,Pending
OL001819,SO00714,PRD0215,3,21261.21,10,57405.27,TND,Delivered
OL001820,SO00714,PRD0487,3,43523.47,0,130570.41,TND,Delivered
OL001821,SO00714,PRD0013,3,39276.96,0,117830.88,TND,Shipped
OL001822,SO00714,PRD0448,4,21969.64,0,87878.56,TND,Delivered
OL001823,SO00715,PRD0139,4,13359.01,0,53436.04,TND,Delivered
OL001824,SO00715,PRD0173,5,45622.65,10,205301.93,TND,Shipped
OL001825,SO00716,PRD0117,10,23984.16,5,227849.52,TND,Delivered
OL001826,SO00716,PRD0098,3,47441.43,0,142324.29,TND,Pending
OL001827,SO00716,PRD0250,6,10438.86,15,53238.19,TND,Delivered
OL001828,SO00717,PRD0362,5,1717.59,0,8587.95,TND,Delivered
OL001829,SO00717,PRD0245,8,44106.12,10,317564.06,TND,Delivered
OL001830,SO00717,PRD0312,1,37287.98,15,31694.78,TND,Pending
OL001831,SO00718,PRD0323,10,47991.31,0,479913.1,TND,Delivered
OL001832,SO00718,PRD0160,3,27434.99,5,78189.72,TND,Delivered
OL001833,SO00718,PRD0351,6,30856.18,10,166623.37,TND,Shipped
OL001834,SO00719,PRD0290,2,34516.83,0,69033.66,TND,Delivered
OL001835,SO00719,PRD0497,4,24454.52,0,97818.08,TND,Delivered
OL001836,SO00719,PRD0243,4,31805.2,15,108137.68,TND,Shipped
OL001837,SO00720,PRD0403,10,6290.55,10,56614.95,TND,Pending
OL001838,SO00720,PRD0144,3,18270.16,15,46588.91,TND,Shipped
OL001839,SO00720,PRD0285,10,4299.55,15,36546.17,TND,Delivered
OL001840,SO00720,PRD0175,10,34849,5,331065.5,TND,Shipped
OL001841,SO00721,PRD0251,8,21402.42,10,154097.42,TND,Delivered
OL001842,SO00721,PRD0289,2,41770.64,0,83541.28,TND,Delivered
OL001843,SO00722,PRD0042,8,2391.42,5,18174.79,TND,Shipped
OL001844,SO00722,PRD0271,5,37977.41,0,189887.05,TND,Delivered
OL001845,SO00722,PRD0252,4,7519.68,10,27070.85,TND,Delivered
OL001846,SO00723,PRD0187,1,21222.85,0,21222.85,TND,Delivered
OL001847,SO00723,PRD0435,1,48331,0,48331,TND,Shipped
OL001848,SO00724,PRD0288,6,35182.62,0,211095.72,TND,Delivered
OL001849,SO00724,PRD0075,9,30397.87,0,273580.83,TND,Shipped
OL001850,SO00724,PRD0402,4,15456.65,15,52552.61,TND,Pending
OL001851,SO00724,PRD0140,2,9553.58,0,19107.16,TND,Delivered
OL001852,SO00725,PRD0269,9,35518.18,0,319663.62,TND,Shipped
OL001853,SO00725,PRD0410,7,34748.61,5,231078.26,TND,Shipped
OL001854,SO00726,PRD0134,5,44408.77,0,222043.85,TND,Pending
OL001855,SO00726,PRD0105,7,12109.72,0,84768.04,TND,Delivered
OL001856,SO00726,PRD0074,3,2533.36,0,7600.08,TND,Delivered
OL001857,SO00727,PRD0305,6,19941.92,0,119651.52,TND,Delivered
OL001858,SO00727,PRD0228,5,33887.53,0,169437.65,TND,Pending
OL001859,SO00728,PRD0084,6,38633.73,15,197032.02,TND,Delivered
OL001860,SO00728,PRD0301,6,16679.17,5,95071.27,TND,Delivered
OL001861,SO00728,PRD0066,6,7734.44,10,41765.98,TND,Delivered
OL001862,SO00729,PRD0322,7,22844.42,5,151915.39,TND,Delivered
OL001863,SO00730,PRD0314,1,41773.58,5,39684.9,TND,Delivered
OL001864,SO00730,PRD0429,10,27801,0,278010,TND,Delivered
OL001865,SO00730,PRD0390,3,45768,0,137304,TND,Shipped
OL001866,SO00731,PRD0078,9,32808.26,0,295274.34,TND,Pending
OL001867,SO00731,PRD0053,2,6290.8,10,11323.44,TND,Cancelled
OL001868,SO00732,PRD0042,2,2391.42,0,4782.84,TND,Delivered
OL001869,SO00732,PRD0212,9,33628.95,0,302660.55,TND,Shipped
OL001870,SO00732,PRD0176,3,42490.18,5,121097.01,TND,Delivered
OL001871,SO00733,PRD0230,2,2042.17,10,3675.91,TND,Shipped
OL001872,SO00733,PRD0082,4,29513.21,0,118052.84,TND,Pending
OL001873,SO00734,PRD0027,4,24480.46,0,97921.84,TND,Delivered
OL001874,SO00735,PRD0487,3,43523.47,5,124041.89,TND,Delivered
OL001875,SO00735,PRD0079,7,10735.71,0,75149.97,TND,Shipped
OL001876,SO00736,PRD0013,7,39276.96,5,261191.78,TND,Delivered
OL001877,SO00736,PRD0343,10,47326.1,0,473261,TND,Delivered
OL001878,SO00736,PRD0366,8,35802.83,0,286422.64,TND,Pending
OL001879,SO00736,PRD0357,10,20052.03,10,180468.27,TND,Delivered
OL001880,SO00737,PRD0204,3,28415.02,5,80982.81,TND,Shipped
OL001881,SO00737,PRD0109,10,43088.05,0,430880.5,TND,Pending
OL001882,SO00738,PRD0082,10,29513.21,0,295132.1,TND,Delivered
OL001883,SO00738,PRD0428,5,21976.65,0,109883.25,TND,Pending
OL001884,SO00738,PRD0104,8,8433.09,0,67464.72,TND,Pending
OL001885,SO00738,PRD0387,9,39460.21,10,319627.7,TND,Delivered
OL001886,SO00739,PRD0022,7,45183.17,10,284653.97,TND,Pending
OL001887,SO00740,PRD0103,10,19689.56,5,187050.82,TND,Delivered
OL001888,SO00740,PRD0389,4,35537.26,10,127934.14,TND,Shipped
OL001889,SO00741,PRD0238,4,49552.77,5,188300.53,TND,Shipped
OL001890,SO00741,PRD0028,5,44407.9,0,222039.5,TND,Delivered
OL001891,SO00741,PRD0332,1,37603.12,0,37603.12,TND,Delivered
OL001892,SO00742,PRD0106,7,8328.89,5,55387.12,TND,Delivered
OL001893,SO00742,PRD0256,7,17252.33,5,114727.99,TND,Delivered
OL001894,SO00742,PRD0485,8,10914.85,0,87318.8,TND,Pending
OL001895,SO00743,PRD0040,2,44172.92,10,79511.26,TND,Shipped
OL001896,SO00743,PRD0316,10,14264.08,0,142640.8,TND,Delivered
OL001897,SO00744,PRD0477,8,37223.08,0,297784.64,TND,Pending
OL001898,SO00744,PRD0001,3,38050.27,0,114150.81,TND,Delivered
OL001899,SO00744,PRD0156,4,264,15,897.6,TND,Pending
OL001900,SO00745,PRD0039,1,11819.94,0,11819.94,TND,Delivered
OL001901,SO00745,PRD0144,2,18270.16,0,36540.32,TND,Delivered
OL001902,SO00745,PRD0214,4,5183.45,0,20733.8,TND,Pending
OL001903,SO00746,PRD0451,8,25443.89,0,203551.12,TND,Delivered
OL001904,SO00747,PRD0234,10,3972.21,5,37735.99,TND,Delivered
OL001905,SO00747,PRD0446,1,30674.19,5,29140.48,TND,Delivered
OL001906,SO00748,PRD0111,7,13439.07,5,89369.82,TND,Delivered
OL001907,SO00748,PRD0034,8,6001.95,0,48015.6,TND,Delivered
OL001908,SO00749,PRD0499,10,9907.35,10,89166.15,TND,Pending
OL001909,SO00749,PRD0007,5,14979.85,5,71154.29,TND,Pending
OL001910,SO00750,PRD0411,1,7471.95,5,7098.35,TND,Cancelled
OL001911,SO00750,PRD0137,4,28118.33,0,112473.32,TND,Delivered
OL001912,SO00751,PRD0333,1,39734.04,10,35760.64,TND,Shipped
OL001913,SO00752,PRD0287,4,21521.37,5,81781.21,TND,Pending
OL001914,SO00752,PRD0488,5,18288.23,0,91441.15,TND,Pending
OL001915,SO00752,PRD0360,8,33590.47,10,241851.38,TND,Delivered
OL001916,SO00752,PRD0251,6,21402.42,5,121993.79,TND,Delivered
OL001917,SO00753,PRD0165,6,11048.26,0,66289.56,TND,Pending
OL001918,SO00753,PRD0377,6,30128.78,0,180772.68,TND,Delivered
OL001919,SO00754,PRD0076,8,36174.73,5,274927.95,TND,Delivered
OL001920,SO00754,PRD0417,7,22096.97,0,154678.79,TND,Delivered
OL001921,SO00754,PRD0345,3,44810.95,0,134432.85,TND,Delivered
OL001922,SO00755,PRD0231,3,16627.52,10,44894.3,TND,Delivered
OL001923,SO00755,PRD0386,3,26131.41,5,74474.52,TND,Delivered
OL001924,SO00755,PRD0277,3,23948.72,10,64661.54,TND,Pending
OL001925,SO00755,PRD0442,4,5793.33,10,20855.99,TND,Delivered
OL001926,SO00756,PRD0451,1,25443.89,5,24171.7,TND,Pending
OL001927,SO00756,PRD0058,5,2288.88,15,9727.74,TND,Pending
OL001928,SO00756,PRD0257,3,14553.17,5,41476.53,TND,Pending
OL001929,SO00756,PRD0279,6,10146.32,0,60877.92,TND,Delivered
OL001930,SO00757,PRD0281,9,49696.91,5,424908.58,TND,Delivered
OL001931,SO00757,PRD0480,10,32936.9,0,329369,TND,Delivered
OL001932,SO00757,PRD0203,2,14592.26,0,29184.52,TND,Pending
OL001933,SO00758,PRD0428,4,21976.65,5,83511.27,TND,Shipped
OL001934,SO00758,PRD0356,9,98.44,10,797.36,TND,Delivered
OL001935,SO00759,PRD0356,5,98.44,0,492.2,TND,Delivered
OL001936,SO00760,PRD0278,2,4393.67,15,7469.24,TND,Delivered
OL001937,SO00760,PRD0327,1,2872.48,0,2872.48,TND,Delivered
OL001938,SO00761,PRD0424,2,15111.32,0,30222.64,TND,Delivered
OL001939,SO00761,PRD0398,2,14553.28,0,29106.56,TND,Delivered
OL001940,SO00762,PRD0006,6,49541.82,0,297250.92,TND,Delivered
OL001941,SO00762,PRD0358,7,45851.84,5,304914.74,TND,Shipped
OL001942,SO00762,PRD0306,10,40357.39,5,383395.21,TND,Pending
OL001943,SO00762,PRD0154,1,11094.62,0,11094.62,TND,Delivered
OL001944,SO00763,PRD0359,7,23523.01,10,148194.96,TND,Shipped
OL001945,SO00763,PRD0243,7,31805.2,5,211504.58,TND,Pending
OL001946,SO00763,PRD0441,6,27243.78,15,138943.28,TND,Pending
OL001947,SO00764,PRD0195,1,47349.95,15,40247.46,TND,Shipped
OL001948,SO00765,PRD0244,5,34941.5,5,165972.12,TND,Delivered
OL001949,SO00766,PRD0233,7,29214.54,5,194276.69,TND,Delivered
OL001950,SO00767,PRD0018,8,41410,0,331280,TND,Delivered
OL001951,SO00767,PRD0166,1,17663.59,5,16780.41,TND,Pending
OL001952,SO00767,PRD0159,1,8163.31,15,6938.81,TND,Delivered
OL001953,SO00767,PRD0283,9,43449.54,0,391045.86,TND,Delivered
OL001954,SO00768,PRD0411,1,7471.95,0,7471.95,TND,Delivered
OL001955,SO00768,PRD0474,9,15104.47,0,135940.23,TND,Shipped
OL001956,SO00768,PRD0275,5,21853.57,10,98341.07,TND,Delivered
OL001957,SO00768,PRD0335,10,19778.63,0,197786.3,TND,Delivered
OL001958,SO00769,PRD0496,2,36873.72,0,73747.44,TND,Delivered
OL001959,SO00769,PRD0429,1,27801,0,27801,TND,Pending
OL001960,SO00770,PRD0396,1,41393.4,0,41393.4,TND,Delivered
OL001961,SO00770,PRD0193,10,10858.56,10,97727.04,TND,Delivered
OL001962,SO00771,PRD0414,2,35128.46,0,70256.92,TND,Delivered
OL001963,SO00771,PRD0359,10,23523.01,5,223468.59,TND,Delivered
OL001964,SO00771,PRD0486,6,16508.93,10,89148.22,TND,Delivered
OL001965,SO00771,PRD0467,9,31710.69,10,256856.59,TND,Delivered
OL001966,SO00772,PRD0215,8,21261.21,0,170089.68,TND,Delivered
OL001967,SO00773,PRD0035,6,28788.69,0,172732.14,TND,Delivered
OL001968,SO00773,PRD0034,4,6001.95,15,20406.63,TND,Shipped
OL001969,SO00773,PRD0045,2,11584.9,0,23169.8,TND,Delivered
OL001970,SO00773,PRD0135,3,12900.29,5,36765.83,TND,Delivered
OL001971,SO00774,PRD0286,2,40666.37,15,69132.83,TND,Pending
OL001972,SO00774,PRD0135,10,12900.29,0,129002.9,TND,Pending
OL001973,SO00774,PRD0245,4,44106.12,0,176424.48,TND,Delivered
OL001974,SO00775,PRD0006,1,49541.82,0,49541.82,TND,Pending
OL001975,SO00775,PRD0191,10,14837.18,5,140953.21,TND,Delivered
OL001976,SO00775,PRD0031,3,26768.69,0,80306.07,TND,Delivered
OL001977,SO00775,PRD0262,8,29155.05,10,209916.36,TND,Delivered
OL001978,SO00776,PRD0245,3,44106.12,0,132318.36,TND,Pending
OL001979,SO00776,PRD0246,9,46508.11,10,376715.69,TND,Delivered
OL001980,SO00776,PRD0110,3,46582.29,10,125772.18,TND,Delivered
OL001981,SO00776,PRD0051,2,7205.31,0,14410.62,TND,Cancelled
OL001982,SO00777,PRD0290,3,34516.83,0,103550.49,TND,Shipped
OL001983,SO00778,PRD0481,5,48454.2,0,242271,TND,Shipped
OL001984,SO00778,PRD0116,1,7654.21,10,6888.79,TND,Shipped
OL001985,SO00778,PRD0424,1,15111.32,0,15111.32,TND,Pending
OL001986,SO00779,PRD0201,4,2754.35,5,10466.53,TND,Delivered
OL001987,SO00779,PRD0231,10,16627.52,15,141333.92,TND,Delivered
OL001988,SO00779,PRD0311,7,20622.57,5,137140.09,TND,Shipped
OL001989,SO00780,PRD0124,9,40959.88,0,368638.92,TND,Shipped
OL001990,SO00780,PRD0307,7,1481.68,5,9853.17,TND,Delivered
OL001991,SO00781,PRD0361,3,10265.03,10,27715.58,TND,Delivered
OL001992,SO00782,PRD0202,6,9716.11,0,58296.66,TND,Delivered
OL001993,SO00782,PRD0144,6,18270.16,15,93177.82,TND,Shipped
OL001994,SO00782,PRD0238,8,49552.77,5,376601.05,TND,Delivered
OL001995,SO00783,PRD0241,2,20973.33,5,39849.33,TND,Cancelled
OL001996,SO00783,PRD0173,9,45622.65,5,390073.66,TND,Pending
OL001997,SO00784,PRD0323,5,47991.31,10,215960.89,TND,Pending
OL001998,SO00784,PRD0138,4,8386.63,0,33546.52,TND,Shipped
OL001999,SO00784,PRD0479,4,42244.85,5,160530.43,TND,Delivered
OL002000,SO00785,PRD0099,9,22549.28,5,192796.34,TND,Delivered
OL002001,SO00785,PRD0423,10,8273.15,0,82731.5,TND,Pending
OL002002,SO00785,PRD0172,10,23984.26,10,215858.34,TND,Delivered
OL002003,SO00786,PRD0098,9,47441.43,5,405624.23,TND,Delivered
OL002004,SO00786,PRD0352,8,30699.78,5,233318.33,TND,Delivered
OL002005,SO00786,PRD0186,5,14272.94,5,67796.46,TND,Delivered
OL002006,SO00787,PRD0094,8,46008.33,0,368066.64,TND,Delivered
OL002007,SO00787,PRD0455,5,19392.94,15,82419.99,TND,Delivered
OL002008,SO00787,PRD0332,6,37603.12,0,225618.72,TND,Pending
OL002009,SO00788,PRD0064,9,6616.47,15,50616,TND,Delivered
OL002010,SO00788,PRD0495,4,23523.36,10,84684.1,TND,Delivered
OL002011,SO00788,PRD0193,8,10858.56,0,86868.48,TND,Cancelled
OL002012,SO00789,PRD0262,4,29155.05,0,116620.2,TND,Cancelled
OL002013,SO00789,PRD0291,8,19976.92,5,151824.59,TND,Delivered
OL002014,SO00789,PRD0216,7,2732.74,0,19129.18,TND,Delivered
OL002015,SO00790,PRD0186,1,14272.94,0,14272.94,TND,Delivered
OL002016,SO00791,PRD0281,9,49696.91,0,447272.19,TND,Shipped
OL002017,SO00792,PRD0105,10,12109.72,0,121097.2,TND,Delivered
OL002018,SO00792,PRD0021,10,2150.06,5,20425.57,TND,Delivered
OL002019,SO00792,PRD0457,4,30045.76,0,120183.04,TND,Pending
OL002020,SO00792,PRD0339,10,35801.57,10,322214.13,TND,Shipped
OL002021,SO00793,PRD0431,1,39382.81,5,37413.67,TND,Delivered
OL002022,SO00793,PRD0122,4,6659.4,0,26637.6,TND,Cancelled
OL002023,SO00793,PRD0078,7,32808.26,0,229657.82,TND,Pending
OL002024,SO00794,PRD0047,10,21084.15,15,179215.27,TND,Delivered
OL002025,SO00794,PRD0293,8,39078.48,0,312627.84,TND,Delivered
OL002026,SO00795,PRD0114,3,29304.05,10,79120.93,TND,Shipped
OL002027,SO00795,PRD0124,5,40959.88,0,204799.4,TND,Delivered
OL002028,SO00795,PRD0236,5,13975.09,0,69875.45,TND,Shipped
OL002029,SO00795,PRD0313,7,35505.71,0,248539.97,TND,Delivered
OL002030,SO00796,PRD0210,8,10103.18,0,80825.44,TND,Pending
OL002031,SO00797,PRD0436,1,37480.61,5,35606.58,TND,Delivered
OL002032,SO00797,PRD0315,8,25049.46,0,200395.68,TND,Shipped
OL002033,SO00797,PRD0385,6,47103.52,0,282621.12,TND,Delivered
OL002034,SO00797,PRD0195,10,47349.95,0,473499.5,TND,Delivered
OL002035,SO00798,PRD0191,2,14837.18,5,28190.64,TND,Pending
OL002036,SO00798,PRD0074,7,2533.36,0,17733.52,TND,Delivered
OL002037,SO00799,PRD0161,7,8759.12,0,61313.84,TND,Pending
OL002038,SO00799,PRD0181,4,33316.36,0,133265.44,TND,Shipped
OL002039,SO00800,PRD0352,10,30699.78,0,306997.8,TND,Pending
OL002040,SO00801,PRD0366,10,35802.83,0,358028.3,TND,Delivered
OL002041,SO00801,PRD0410,8,34748.61,0,277988.88,TND,Delivered
OL002042,SO00801,PRD0012,7,23445.95,0,164121.65,TND,Delivered
OL002043,SO00801,PRD0200,4,2154.08,0,8616.32,TND,Shipped
OL002044,SO00802,PRD0246,4,46508.11,10,167429.2,TND,Pending
OL002045,SO00802,PRD0081,10,7221.69,5,68606.05,TND,Delivered
OL002046,SO00802,PRD0087,1,8338.38,15,7087.62,TND,Delivered
OL002047,SO00803,PRD0047,3,21084.15,0,63252.45,TND,Pending
OL002048,SO00803,PRD0363,1,7754.88,0,7754.88,TND,Delivered
OL002049,SO00804,PRD0232,3,42700.57,10,115291.54,TND,Delivered
OL002050,SO00804,PRD0077,3,17587.16,0,52761.48,TND,Delivered
OL002051,SO00804,PRD0151,9,6484.62,0,58361.58,TND,Shipped
OL002052,SO00805,PRD0294,3,10813.85,0,32441.55,TND,Delivered
OL002053,SO00806,PRD0459,4,26628.18,5,101187.08,TND,Delivered
OL002054,SO00806,PRD0086,2,34674.69,0,69349.38,TND,Shipped
OL002055,SO00806,PRD0121,9,22420.63,0,201785.67,TND,Delivered
OL002056,SO00806,PRD0009,6,28851.93,5,164456,TND,Delivered
OL002057,SO00807,PRD0126,1,27824.26,0,27824.26,TND,Delivered
OL002058,SO00807,PRD0403,5,6290.55,5,29880.11,TND,Delivered
OL002059,SO00808,PRD0202,3,9716.11,0,29148.33,TND,Delivered
OL002060,SO00809,PRD0124,10,40959.88,10,368638.92,TND,Pending
OL002061,SO00809,PRD0442,5,5793.33,0,28966.65,TND,Delivered
OL002062,SO00810,PRD0366,4,35802.83,0,143211.32,TND,Pending
OL002063,SO00811,PRD0035,7,28788.69,0,201520.83,TND,Delivered
OL002064,SO00812,PRD0347,9,31315.55,5,267747.95,TND,Shipped
OL002065,SO00812,PRD0387,8,39460.21,15,268329.43,TND,Shipped
OL002066,SO00812,PRD0203,6,14592.26,10,78798.2,TND,Pending
OL002067,SO00812,PRD0282,7,26438.18,10,166560.53,TND,Delivered
OL002068,SO00813,PRD0086,3,34674.69,10,93621.66,TND,Delivered
OL002069,SO00813,PRD0258,10,5244.75,15,44580.38,TND,Shipped
OL002070,SO00813,PRD0440,2,10470.5,5,19893.95,TND,Delivered
OL002071,SO00813,PRD0256,7,17252.33,0,120766.31,TND,Delivered
OL002072,SO00814,PRD0102,7,42899.68,10,270267.98,TND,Shipped
OL002073,SO00814,PRD0385,8,47103.52,10,339145.34,TND,Shipped
OL002074,SO00814,PRD0009,3,28851.93,5,82228,TND,Delivered
OL002075,SO00814,PRD0111,4,13439.07,0,53756.28,TND,Shipped
OL002076,SO00815,PRD0130,8,49203.26,0,393626.08,TND,Delivered
OL002077,SO00815,PRD0250,3,10438.86,0,31316.58,TND,Delivered
OL002078,SO00815,PRD0205,3,49966.22,10,134908.79,TND,Shipped
OL002079,SO00815,PRD0239,5,42082.38,0,210411.9,TND,Delivered
OL002080,SO00816,PRD0455,2,19392.94,5,36846.59,TND,Delivered
OL002081,SO00816,PRD0335,9,19778.63,5,169107.29,TND,Delivered
OL002082,SO00816,PRD0447,8,40058.13,0,320465.04,TND,Delivered
OL002083,SO00816,PRD0222,5,49768.51,15,211516.17,TND,Delivered
OL002084,SO00817,PRD0075,9,30397.87,0,273580.83,TND,Delivered
OL002085,SO00818,PRD0323,6,47991.31,0,287947.86,TND,Delivered
OL002086,SO00818,PRD0267,10,46303.81,0,463038.1,TND,Pending
OL002087,SO00819,PRD0189,9,39969.81,5,341741.88,TND,Shipped
OL002088,SO00819,PRD0027,8,24480.46,0,195843.68,TND,Delivered
OL002089,SO00819,PRD0411,9,7471.95,5,63885.17,TND,Pending
OL002090,SO00820,PRD0496,3,36873.72,15,94027.99,TND,Delivered
OL002091,SO00821,PRD0375,3,8912.09,0,26736.27,TND,Shipped
OL002092,SO00821,PRD0370,2,10755.38,5,20435.22,TND,Delivered
OL002093,SO00821,PRD0326,4,38281.45,0,153125.8,TND,Delivered
OL002094,SO00821,PRD0137,3,28118.33,0,84354.99,TND,Pending
OL002095,SO00822,PRD0410,7,34748.61,5,231078.26,TND,Delivered
OL002096,SO00822,PRD0423,4,8273.15,0,33092.6,TND,Delivered
OL002097,SO00822,PRD0453,1,9767.64,0,9767.64,TND,Delivered
OL002098,SO00822,PRD0078,2,32808.26,0,65616.52,TND,Shipped
OL002099,SO00823,PRD0474,8,15104.47,0,120835.76,TND,Pending
OL002100,SO00823,PRD0345,6,44810.95,5,255422.41,TND,Cancelled
OL002101,SO00824,PRD0490,9,16962.28,10,137394.47,TND,Shipped
OL002102,SO00824,PRD0133,6,32946.53,5,187795.22,TND,Delivered
OL002103,SO00824,PRD0296,3,42553.35,5,121277.05,TND,Shipped
OL002104,SO00824,PRD0286,10,40666.37,5,386330.52,TND,Delivered
OL002105,SO00825,PRD0116,1,7654.21,0,7654.21,TND,Delivered
OL002106,SO00825,PRD0418,9,34830.02,0,313470.18,TND,Cancelled
OL002107,SO00826,PRD0027,5,24480.46,0,122402.3,TND,Delivered
OL002108,SO00826,PRD0488,4,18288.23,10,65837.63,TND,Delivered
OL002109,SO00826,PRD0303,4,44587.04,0,178348.16,TND,Delivered
OL002110,SO00826,PRD0154,2,11094.62,5,21079.78,TND,Delivered
OL002111,SO00827,PRD0381,6,17844.27,0,107065.62,TND,Delivered
OL002112,SO00827,PRD0205,10,49966.22,0,499662.2,TND,Shipped
OL002113,SO00827,PRD0215,2,21261.21,10,38270.18,TND,Shipped
OL002114,SO00827,PRD0291,1,19976.92,0,19976.92,TND,Shipped
OL002115,SO00828,PRD0213,1,26138.86,0,26138.86,TND,Delivered
OL002116,SO00828,PRD0243,5,31805.2,0,159026,TND,Shipped
OL002117,SO00829,PRD0476,4,30736.24,0,122944.96,TND,Shipped
OL002118,SO00829,PRD0491,5,6854.7,0,34273.5,TND,Shipped
OL002119,SO00829,PRD0203,6,14592.26,0,87553.56,TND,Delivered
OL002120,SO00829,PRD0302,7,5589.86,10,35216.12,TND,Delivered
OL002121,SO00830,PRD0408,1,12147.91,0,12147.91,TND,Delivered
OL002122,SO00831,PRD0479,3,42244.85,15,107724.37,TND,Delivered
OL002123,SO00832,PRD0017,5,29959.35,15,127327.24,TND,Delivered
OL002124,SO00832,PRD0069,6,27885.54,5,158947.58,TND,Delivered
OL002125,SO00833,PRD0458,6,1397.93,0,8387.58,TND,Cancelled
OL002126,SO00833,PRD0159,2,8163.31,15,13877.63,TND,Pending
OL002127,SO00834,PRD0405,7,17111.48,10,107802.32,TND,Delivered
OL002128,SO00834,PRD0088,5,32981.79,5,156663.5,TND,Pending
OL002129,SO00835,PRD0426,10,7714.65,0,77146.5,TND,Delivered
OL002130,SO00836,PRD0081,9,7221.69,0,64995.21,TND,Pending
OL002131,SO00836,PRD0330,5,22995.74,0,114978.7,TND,Shipped
OL002132,SO00836,PRD0398,3,14553.28,5,41476.85,TND,Shipped
OL002133,SO00837,PRD0488,5,18288.23,5,86869.09,TND,Shipped
OL002134,SO00837,PRD0261,7,17644.85,10,111162.55,TND,Delivered
OL002135,SO00837,PRD0157,5,7177.93,5,34095.17,TND,Delivered
OL002136,SO00838,PRD0077,2,17587.16,0,35174.32,TND,Shipped
OL002137,SO00838,PRD0361,3,10265.03,0,30795.09,TND,Delivered
OL002138,SO00838,PRD0080,3,24077.52,5,68620.93,TND,Delivered
OL002139,SO00838,PRD0019,6,18137.39,5,103383.12,TND,Pending
OL002140,SO00839,PRD0223,9,26701.98,5,228301.93,TND,Delivered
OL002141,SO00839,PRD0210,4,10103.18,10,36371.45,TND,Pending
OL002142,SO00839,PRD0063,6,24885.76,0,149314.56,TND,Delivered
OL002143,SO00839,PRD0477,2,37223.08,0,74446.16,TND,Shipped
OL002144,SO00840,PRD0200,8,2154.08,0,17232.64,TND,Cancelled
OL002145,SO00840,PRD0096,6,47822.83,0,286936.98,TND,Shipped
OL002146,SO00840,PRD0417,7,22096.97,5,146944.85,TND,Cancelled
OL002147,SO00841,PRD0004,3,29028.2,15,74021.91,TND,Delivered
OL002148,SO00841,PRD0446,8,30674.19,10,220854.17,TND,Delivered
OL002149,SO00842,PRD0453,3,9767.64,0,29302.92,TND,Pending
OL002150,SO00843,PRD0465,3,39138.85,0,117416.55,TND,Shipped
OL002151,SO00843,PRD0104,6,8433.09,5,48068.61,TND,Shipped
OL002152,SO00843,PRD0370,6,10755.38,0,64532.28,TND,Delivered
OL002153,SO00844,PRD0109,6,43088.05,5,245601.89,TND,Shipped
OL002154,SO00844,PRD0076,9,36174.73,0,325572.57,TND,Delivered
OL002155,SO00845,PRD0223,1,26701.98,0,26701.98,TND,Pending
OL002156,SO00845,PRD0395,9,13695.1,0,123255.9,TND,Cancelled
OL002157,SO00846,PRD0023,7,38847.97,5,258339,TND,Cancelled
OL002158,SO00846,PRD0146,2,41936.1,0,83872.2,TND,Shipped
OL002159,SO00846,PRD0171,8,401.27,15,2728.64,TND,Pending
OL002160,SO00846,PRD0010,4,17476.3,15,59419.42,TND,Shipped
OL002161,SO00847,PRD0231,5,16627.52,10,74823.84,TND,Shipped
OL002162,SO00847,PRD0136,4,43611.8,5,165724.84,TND,Pending
OL002163,SO00848,PRD0136,1,43611.8,0,43611.8,TND,Shipped
OL002164,SO00848,PRD0003,4,22779.57,0,91118.28,TND,Delivered
OL002165,SO00848,PRD0272,2,14827.78,10,26690,TND,Delivered
OL002166,SO00848,PRD0118,9,6262.18,15,47905.68,TND,Delivered
OL002167,SO00849,PRD0394,1,40373.29,0,40373.29,TND,Pending
OL002168,SO00849,PRD0308,9,47825.24,5,408905.8,TND,Delivered
OL002169,SO00849,PRD0340,2,17174.34,10,30913.81,TND,Shipped
OL002170,SO00850,PRD0288,9,35182.62,5,300811.4,TND,Delivered
OL002171,SO00850,PRD0372,7,29763.49,0,208344.43,TND,Pending
OL002172,SO00850,PRD0169,8,48214.82,0,385718.56,TND,Delivered
OL002173,SO00850,PRD0091,5,41464.93,0,207324.65,TND,Delivered
OL002174,SO00851,PRD0213,7,26138.86,0,182972.02,TND,Delivered
OL002175,SO00851,PRD0083,2,22939.47,10,41291.05,TND,Delivered
OL002176,SO00851,PRD0464,9,42545.69,5,363765.65,TND,Pending
OL002177,SO00852,PRD0080,2,24077.52,10,43339.54,TND,Delivered
OL002178,SO00853,PRD0034,5,6001.95,15,25508.29,TND,Delivered
OL002179,SO00853,PRD0399,8,20341.51,0,162732.08,TND,Delivered
OL002180,SO00854,PRD0262,10,29155.05,0,291550.5,TND,Delivered
OL002181,SO00854,PRD0063,2,24885.76,0,49771.52,TND,Delivered
OL002182,SO00854,PRD0247,4,29220.78,5,111038.96,TND,Delivered
OL002183,SO00854,PRD0343,1,47326.1,15,40227.18,TND,Pending
OL002184,SO00855,PRD0033,3,5387.53,0,16162.59,TND,Delivered
OL002185,SO00856,PRD0246,6,46508.11,0,279048.66,TND,Shipped
OL002186,SO00856,PRD0474,7,15104.47,0,105731.29,TND,Delivered
OL002187,SO00857,PRD0109,8,43088.05,10,310233.96,TND,Pending
OL002188,SO00857,PRD0086,2,34674.69,15,58946.97,TND,Pending
OL002189,SO00857,PRD0098,8,47441.43,5,360554.87,TND,Delivered
OL002190,SO00857,PRD0318,6,23282.91,5,132712.59,TND,Delivered
OL002191,SO00858,PRD0019,8,18137.39,0,145099.12,TND,Pending
OL002192,SO00859,PRD0341,6,38014.81,5,216684.42,TND,Delivered
OL002193,SO00860,PRD0497,6,24454.52,10,132054.41,TND,Delivered
OL002194,SO00861,PRD0305,9,19941.92,5,170503.42,TND,Delivered
OL002195,SO00862,PRD0243,9,31805.2,15,243309.78,TND,Pending
OL002196,SO00862,PRD0254,6,44540.84,0,267245.04,TND,Shipped
OL002197,SO00863,PRD0126,7,27824.26,0,194769.82,TND,Shipped
OL002198,SO00863,PRD0160,1,27434.99,15,23319.74,TND,Pending
OL002199,SO00863,PRD0275,3,21853.57,5,62282.67,TND,Shipped
OL002200,SO00864,PRD0144,7,18270.16,15,108707.45,TND,Cancelled
OL002201,SO00864,PRD0175,6,34849,0,209094,TND,Delivered
OL002202,SO00865,PRD0209,5,9833.96,0,49169.8,TND,Pending
OL002203,SO00865,PRD0012,3,23445.95,15,59787.17,TND,Pending
OL002204,SO00865,PRD0014,2,39659.04,0,79318.08,TND,Delivered
OL002205,SO00866,PRD0394,2,40373.29,0,80746.58,TND,Delivered
OL002206,SO00866,PRD0171,2,401.27,0,802.54,TND,Delivered
OL002207,SO00866,PRD0163,9,4168.68,10,33766.31,TND,Shipped
OL002208,SO00867,PRD0416,9,16589.38,15,126908.76,TND,Shipped
OL002209,SO00868,PRD0465,5,39138.85,0,195694.25,TND,Delivered
OL002210,SO00868,PRD0283,1,43449.54,0,43449.54,TND,Shipped
OL002211,SO00868,PRD0337,2,37752.06,5,71728.91,TND,Delivered
OL002212,SO00869,PRD0071,2,2335.01,0,4670.02,TND,Shipped
OL002213,SO00870,PRD0055,8,17370.64,0,138965.12,TND,Shipped
OL002214,SO00871,PRD0278,10,4393.67,15,37346.19,TND,Shipped
OL002215,SO00871,PRD0055,4,17370.64,0,69482.56,TND,Delivered
OL002216,SO00871,PRD0136,10,43611.8,5,414312.1,TND,Delivered
OL002217,SO00871,PRD0082,1,29513.21,0,29513.21,TND,Pending
OL002218,SO00872,PRD0087,9,8338.38,0,75045.42,TND,Delivered
OL002219,SO00872,PRD0378,9,15816.89,10,128116.81,TND,Pending
OL002220,SO00873,PRD0253,4,26870.35,0,107481.4,TND,Delivered
OL002221,SO00873,PRD0281,7,49696.91,0,347878.37,TND,Delivered
OL002222,SO00874,PRD0070,10,5738.39,0,57383.9,TND,Pending
OL002223,SO00874,PRD0208,5,49445.75,0,247228.75,TND,Shipped
OL002224,SO00874,PRD0499,2,9907.35,5,18823.97,TND,Delivered
OL002225,SO00875,PRD0001,4,38050.27,5,144591.03,TND,Pending
OL002226,SO00875,PRD0059,10,16247.1,0,162471,TND,Pending
OL002227,SO00875,PRD0208,2,49445.75,15,84057.77,TND,Delivered
OL002228,SO00875,PRD0303,1,44587.04,0,44587.04,TND,Delivered
OL002229,SO00876,PRD0375,2,8912.09,5,16932.97,TND,Delivered
OL002230,SO00877,PRD0142,2,48085.44,5,91362.34,TND,Pending
OL002231,SO00877,PRD0492,2,17366.15,10,31259.07,TND,Delivered
OL002232,SO00878,PRD0175,4,34849,0,139396,TND,Delivered
OL002233,SO00879,PRD0445,6,41970.32,0,251821.92,TND,Delivered
OL002234,SO00880,PRD0228,3,33887.53,0,101662.59,TND,Delivered
OL002235,SO00880,PRD0340,4,17174.34,0,68697.36,TND,Shipped
OL002236,SO00880,PRD0104,7,8433.09,0,59031.63,TND,Delivered
OL002237,SO00881,PRD0082,1,29513.21,5,28037.55,TND,Delivered
OL002238,SO00881,PRD0032,4,3820.09,0,15280.36,TND,Shipped
OL002239,SO00881,PRD0401,3,40341.57,0,121024.71,TND,Delivered
OL002240,SO00881,PRD0456,1,22195.45,0,22195.45,TND,Shipped
OL002241,SO00882,PRD0301,8,16679.17,0,133433.36,TND,Pending
OL002242,SO00883,PRD0103,8,19689.56,15,133889.01,TND,Delivered
OL002243,SO00883,PRD0353,8,4775.43,0,38203.44,TND,Shipped
OL002244,SO00883,PRD0443,1,9212.26,10,8291.03,TND,Pending
OL002245,SO00883,PRD0142,7,48085.44,0,336598.08,TND,Shipped
OL002246,SO00884,PRD0057,6,37919.74,5,216142.52,TND,Pending
OL002247,SO00884,PRD0138,5,8386.63,10,37739.83,TND,Delivered
OL002248,SO00885,PRD0383,2,47388.87,5,90038.85,TND,Shipped
OL002249,SO00885,PRD0207,4,30760.34,10,110737.22,TND,Delivered
OL002250,SO00885,PRD0011,4,6654.23,10,23955.23,TND,Pending
OL002251,SO00886,PRD0322,9,22844.42,0,205599.78,TND,Cancelled
OL002252,SO00886,PRD0255,6,16563.05,10,89440.47,TND,Shipped
OL002253,SO00887,PRD0291,4,19976.92,0,79907.68,TND,Pending
OL002254,SO00887,PRD0175,7,34849,0,243943,TND,Shipped
OL002255,SO00887,PRD0001,10,38050.27,0,380502.7,TND,Delivered
OL002256,SO00887,PRD0247,10,29220.78,5,277597.41,TND,Delivered
OL002257,SO00888,PRD0242,4,46193.97,0,184775.88,TND,Shipped
OL002258,SO00888,PRD0320,6,17562.7,0,105376.2,TND,Delivered
OL002259,SO00888,PRD0101,6,6300.91,0,37805.46,TND,Delivered
OL002260,SO00888,PRD0456,9,22195.45,0,199759.05,TND,Delivered
OL002261,SO00889,PRD0119,1,23910.66,0,23910.66,TND,Delivered
OL002262,SO00889,PRD0211,2,29152.53,0,58305.06,TND,Cancelled
OL002263,SO00890,PRD0368,4,45923.62,0,183694.48,TND,Delivered
OL002264,SO00890,PRD0070,5,5738.39,0,28691.95,TND,Pending
OL002265,SO00890,PRD0114,2,29304.05,15,49816.88,TND,Pending
OL002266,SO00890,PRD0378,8,15816.89,10,113881.61,TND,Delivered
OL002267,SO00891,PRD0314,2,41773.58,10,75192.44,TND,Shipped
OL002268,SO00891,PRD0061,9,1827.89,5,15628.46,TND,Shipped
OL002269,SO00892,PRD0023,5,38847.97,5,184527.86,TND,Pending
OL002270,SO00892,PRD0244,1,34941.5,15,29700.27,TND,Delivered
OL002271,SO00893,PRD0408,6,12147.91,0,72887.46,TND,Delivered
OL002272,SO00893,PRD0211,4,29152.53,15,99118.6,TND,Delivered
OL002273,SO00894,PRD0357,8,20052.03,5,152395.43,TND,Delivered
OL002274,SO00894,PRD0179,2,40026.59,15,68045.2,TND,Pending
OL002275,SO00894,PRD0479,5,42244.85,0,211224.25,TND,Shipped
OL002276,SO00894,PRD0183,4,1325.75,5,5037.85,TND,Pending
OL002277,SO00895,PRD0424,4,15111.32,0,60445.28,TND,Delivered
OL002278,SO00895,PRD0108,8,12360.5,0,98884,TND,Delivered
OL002279,SO00896,PRD0372,4,29763.49,0,119053.96,TND,Shipped
OL002280,SO00897,PRD0428,3,21976.65,5,62633.45,TND,Shipped
OL002281,SO00897,PRD0352,3,30699.78,0,92099.34,TND,Delivered
OL002282,SO00897,PRD0222,6,49768.51,0,298611.06,TND,Delivered
OL002283,SO00898,PRD0056,4,46715.98,0,186863.92,TND,Delivered
OL002284,SO00898,PRD0044,7,6415.87,0,44911.09,TND,Shipped
OL002285,SO00898,PRD0392,5,20257.84,5,96224.74,TND,Pending
OL002286,SO00898,PRD0081,9,7221.69,15,55245.93,TND,Shipped
OL002287,SO00899,PRD0454,10,44256.79,5,420439.51,TND,Pending
OL002288,SO00899,PRD0232,8,42700.57,0,341604.56,TND,Pending
OL002289,SO00899,PRD0081,8,7221.69,0,57773.52,TND,Delivered
OL002290,SO00900,PRD0475,1,43310.15,0,43310.15,TND,Delivered
OL002291,SO00900,PRD0376,9,20468.33,0,184214.97,TND,Delivered
OL002292,SO00901,PRD0408,3,12147.91,15,30977.17,TND,Delivered
OL002293,SO00902,PRD0287,8,21521.37,0,172170.96,TND,Pending
OL002294,SO00903,PRD0028,3,44407.9,5,126562.51,TND,Delivered
OL002295,SO00903,PRD0266,3,41893.37,0,125680.11,TND,Delivered
OL002296,SO00904,PRD0124,9,40959.88,5,350206.97,TND,Delivered
OL002297,SO00905,PRD0133,5,32946.53,0,164732.65,TND,Delivered
OL002298,SO00906,PRD0023,8,38847.97,10,279705.38,TND,Delivered
OL002299,SO00906,PRD0219,4,23062.58,5,87637.8,TND,Delivered
OL002300,SO00907,PRD0320,2,17562.7,0,35125.4,TND,Pending
OL002301,SO00907,PRD0227,2,5508.55,5,10466.24,TND,Delivered
OL002302,SO00908,PRD0349,6,35315.73,0,211894.38,TND,Shipped
OL002303,SO00908,PRD0142,1,48085.44,10,43276.9,TND,Pending
OL002304,SO00909,PRD0043,6,48052.39,0,288314.34,TND,Pending
OL002305,SO00910,PRD0043,4,48052.39,0,192209.56,TND,Shipped
OL002306,SO00911,PRD0402,6,15456.65,0,92739.9,TND,Pending
OL002307,SO00911,PRD0458,10,1397.93,0,13979.3,TND,Delivered
OL002308,SO00911,PRD0276,6,18116.79,0,108700.74,TND,Pending
OL002309,SO00911,PRD0332,9,37603.12,5,321506.68,TND,Shipped
OL002310,SO00912,PRD0082,3,29513.21,5,84112.65,TND,Pending
OL002311,SO00912,PRD0044,8,6415.87,0,51326.96,TND,Delivered
OL002312,SO00912,PRD0280,2,11998.87,0,23997.74,TND,Shipped
OL002313,SO00913,PRD0257,1,14553.17,0,14553.17,TND,Delivered
OL002314,SO00913,PRD0319,9,43704.14,0,393337.26,TND,Delivered
OL002315,SO00913,PRD0404,10,41101.9,0,411019,TND,Pending
OL002316,SO00914,PRD0194,6,8938.26,0,53629.56,TND,Pending
OL002317,SO00914,PRD0177,5,15519.86,5,73719.34,TND,Delivered
OL002318,SO00915,PRD0121,7,22420.63,0,156944.41,TND,Delivered
OL002319,SO00916,PRD0165,1,11048.26,0,11048.26,TND,Shipped
OL002320,SO00916,PRD0190,10,16280.14,0,162801.4,TND,Delivered
OL002321,SO00917,PRD0321,8,42979.29,0,343834.32,TND,Delivered
OL002322,SO00918,PRD0309,8,40155.93,5,305185.07,TND,Shipped
OL002323,SO00918,PRD0439,1,24852.41,10,22367.17,TND,Shipped
OL002324,SO00918,PRD0315,9,25049.46,0,225445.14,TND,Delivered
OL002325,SO00918,PRD0286,5,40666.37,10,182998.67,TND,Shipped
OL002326,SO00919,PRD0130,9,49203.26,15,376404.94,TND,Pending
OL002327,SO00919,PRD0428,5,21976.65,5,104389.09,TND,Delivered
OL002328,SO00919,PRD0271,3,37977.41,5,108235.62,TND,Delivered
OL002329,SO00919,PRD0064,4,6616.47,5,25142.59,TND,Delivered
OL002330,SO00920,PRD0271,2,37977.41,0,75954.82,TND,Delivered
OL002331,SO00920,PRD0332,2,37603.12,0,75206.24,TND,Delivered
OL002332,SO00921,PRD0372,10,29763.49,5,282753.16,TND,Pending
OL002333,SO00921,PRD0088,5,32981.79,0,164908.95,TND,Delivered
OL002334,SO00921,PRD0268,4,17195.82,10,61904.95,TND,Shipped
OL002335,SO00922,PRD0189,9,39969.81,0,359728.29,TND,Delivered
OL002336,SO00922,PRD0370,5,10755.38,0,53776.9,TND,Shipped
OL002337,SO00923,PRD0150,3,35483.26,0,106449.78,TND,Shipped
OL002338,SO00923,PRD0485,5,10914.85,10,49116.83,TND,Delivered
OL002339,SO00923,PRD0324,7,6007.05,10,37844.42,TND,Pending
OL002340,SO00923,PRD0200,6,2154.08,0,12924.48,TND,Pending
OL002341,SO00924,PRD0099,1,22549.28,5,21421.82,TND,Delivered
OL002342,SO00924,PRD0492,5,17366.15,0,86830.75,TND,Delivered
OL002343,SO00924,PRD0444,5,43207.14,5,205233.92,TND,Cancelled
OL002344,SO00925,PRD0396,4,41393.4,5,157294.92,TND,Delivered
OL002345,SO00926,PRD0426,6,7714.65,5,43973.5,TND,Delivered
OL002346,SO00926,PRD0142,10,48085.44,10,432768.96,TND,Delivered
OL002347,SO00927,PRD0020,1,40045.68,15,34038.83,TND,Delivered
OL002348,SO00927,PRD0149,4,21522.6,15,73176.84,TND,Delivered
OL002349,SO00927,PRD0352,6,30699.78,0,184198.68,TND,Delivered
OL002350,SO00928,PRD0453,7,9767.64,5,64954.81,TND,Shipped
OL002351,SO00928,PRD0363,2,7754.88,0,15509.76,TND,Pending
OL002352,SO00928,PRD0063,8,24885.76,5,189131.78,TND,Pending
OL002353,SO00929,PRD0279,1,10146.32,5,9639,TND,Delivered
OL002354,SO00930,PRD0324,4,6007.05,0,24028.2,TND,Delivered
OL002355,SO00931,PRD0116,7,7654.21,10,48221.52,TND,Pending
OL002356,SO00931,PRD0021,2,2150.06,15,3655.1,TND,Pending
OL002357,SO00931,PRD0452,9,47091.11,0,423819.99,TND,Cancelled
OL002358,SO00932,PRD0049,7,34235.37,10,215682.83,TND,Pending
OL002359,SO00932,PRD0237,9,29083.17,10,235573.68,TND,Delivered
OL002360,SO00932,PRD0492,3,17366.15,0,52098.45,TND,Delivered
OL002361,SO00932,PRD0257,1,14553.17,5,13825.51,TND,Delivered
OL002362,SO00933,PRD0058,10,2288.88,5,21744.36,TND,Delivered
OL002363,SO00933,PRD0282,7,26438.18,0,185067.26,TND,Pending
OL002364,SO00933,PRD0066,8,7734.44,0,61875.52,TND,Delivered
OL002365,SO00933,PRD0429,10,27801,0,278010,TND,Pending
OL002366,SO00934,PRD0470,4,45719.41,0,182877.64,TND,Pending
OL002367,SO00934,PRD0002,6,20215.41,0,121292.46,TND,Delivered
OL002368,SO00934,PRD0452,5,47091.11,5,223682.77,TND,Shipped
OL002369,SO00934,PRD0318,9,23282.91,5,199068.88,TND,Pending
OL002370,SO00935,PRD0277,5,23948.72,0,119743.6,TND,Delivered
OL002371,SO00936,PRD0176,3,42490.18,10,114723.49,TND,Delivered
OL002372,SO00936,PRD0430,3,17694.95,10,47776.37,TND,Delivered
OL002373,SO00936,PRD0014,4,39659.04,5,150704.35,TND,Delivered
OL002374,SO00936,PRD0301,2,16679.17,0,33358.34,TND,Delivered
OL002375,SO00937,PRD0215,5,21261.21,15,90360.14,TND,Pending
OL002376,SO00937,PRD0040,5,44172.92,0,220864.6,TND,Delivered
OL002377,SO00937,PRD0048,1,26398.03,10,23758.23,TND,Pending
OL002378,SO00938,PRD0122,7,6659.4,0,46615.8,TND,Cancelled
OL002379,SO00938,PRD0253,1,26870.35,5,25526.83,TND,Delivered
OL002380,SO00938,PRD0480,3,32936.9,0,98810.7,TND,Shipped
OL002381,SO00939,PRD0484,4,43730.59,10,157430.12,TND,Delivered
OL002382,SO00940,PRD0185,7,49983.92,10,314898.7,TND,Delivered
OL002383,SO00940,PRD0200,1,2154.08,0,2154.08,TND,Pending
OL002384,SO00941,PRD0165,4,11048.26,0,44193.04,TND,Delivered
OL002385,SO00942,PRD0131,6,13126.83,0,78760.98,TND,Shipped
OL002386,SO00942,PRD0460,9,15182.05,5,129806.53,TND,Delivered
OL002387,SO00943,PRD0249,8,41994.77,0,335958.16,TND,Pending
OL002388,SO00944,PRD0319,9,43704.14,10,354003.53,TND,Delivered
OL002389,SO00944,PRD0108,1,12360.5,0,12360.5,TND,Delivered
OL002390,SO00945,PRD0407,9,4428.45,15,33877.64,TND,Shipped
OL002391,SO00946,PRD0153,9,40353.59,5,345023.19,TND,Delivered
OL002392,SO00946,PRD0122,7,6659.4,0,46615.8,TND,Delivered
OL002393,SO00946,PRD0245,6,44106.12,5,251404.88,TND,Delivered
OL002394,SO00947,PRD0342,6,10482.86,0,62897.16,TND,Pending
OL002395,SO00948,PRD0260,6,21590.15,15,110109.76,TND,Pending
OL002396,SO00949,PRD0412,5,5497.01,0,27485.05,TND,Delivered
OL002397,SO00950,PRD0366,8,35802.83,15,243459.24,TND,Pending
OL002398,SO00951,PRD0207,10,30760.34,5,292223.23,TND,Pending
OL002399,SO00951,PRD0388,7,33705.02,10,212341.63,TND,Pending
OL002400,SO00952,PRD0446,9,30674.19,5,262264.32,TND,Shipped
OL002401,SO00952,PRD0400,8,20072.67,0,160581.36,TND,Delivered
OL002402,SO00952,PRD0337,3,37752.06,5,107593.37,TND,Delivered
OL002403,SO00952,PRD0152,7,7719.36,5,51333.74,TND,Pending
OL002404,SO00953,PRD0170,2,9828.09,0,19656.18,TND,Shipped
OL002405,SO00953,PRD0290,5,34516.83,5,163954.94,TND,Shipped
OL002406,SO00954,PRD0489,4,2729.2,0,10916.8,TND,Shipped
OL002407,SO00954,PRD0090,4,13806.78,0,55227.12,TND,Delivered
OL002408,SO00955,PRD0207,1,30760.34,0,30760.34,TND,Pending
OL002409,SO00955,PRD0289,9,41770.64,0,375935.76,TND,Delivered
OL002410,SO00955,PRD0287,2,21521.37,0,43042.74,TND,Delivered
OL002411,SO00955,PRD0492,1,17366.15,5,16497.84,TND,Delivered
OL002412,SO00956,PRD0159,4,8163.31,5,31020.58,TND,Delivered
OL002413,SO00956,PRD0288,10,35182.62,15,299052.27,TND,Pending
OL002414,SO00957,PRD0337,9,37752.06,10,305791.69,TND,Shipped
OL002415,SO00957,PRD0460,5,15182.05,10,68319.23,TND,Shipped
OL002416,SO00958,PRD0455,10,19392.94,5,184232.93,TND,Delivered
OL002417,SO00958,PRD0340,9,17174.34,10,139112.15,TND,Shipped
OL002418,SO00958,PRD0061,7,1827.89,5,12155.47,TND,Delivered
OL002419,SO00958,PRD0073,3,31632.07,0,94896.21,TND,Delivered
OL002420,SO00959,PRD0294,2,10813.85,15,18383.55,TND,Delivered
OL002421,SO00959,PRD0194,9,8938.26,0,80444.34,TND,Delivered
OL002422,SO00959,PRD0177,3,15519.86,10,41903.62,TND,Shipped
OL002423,SO00959,PRD0209,6,9833.96,5,56053.57,TND,Cancelled
OL002424,SO00960,PRD0129,4,6968.22,10,25085.59,TND,Delivered
OL002425,SO00961,PRD0124,5,40959.88,10,184319.46,TND,Delivered
OL002426,SO00961,PRD0301,1,16679.17,10,15011.25,TND,Shipped
OL002427,SO00962,PRD0245,4,44106.12,0,176424.48,TND,Pending
OL002428,SO00962,PRD0386,9,26131.41,0,235182.69,TND,Delivered
OL002429,SO00963,PRD0033,7,5387.53,5,35827.07,TND,Delivered
OL002430,SO00963,PRD0029,4,34043.27,10,122555.77,TND,Delivered
OL002431,SO00963,PRD0060,1,15312.14,0,15312.14,TND,Delivered
OL002432,SO00963,PRD0427,9,47631.28,0,428681.52,TND,Pending
OL002433,SO00964,PRD0151,10,6484.62,0,64846.2,TND,Pending
OL002434,SO00965,PRD0233,7,29214.54,10,184051.6,TND,Shipped
OL002435,SO00966,PRD0447,8,40058.13,5,304441.79,TND,Pending
OL002436,SO00966,PRD0299,1,26617.86,5,25286.97,TND,Delivered
OL002437,SO00967,PRD0139,8,13359.01,0,106872.08,TND,Pending
OL002438,SO00967,PRD0009,7,28851.93,0,201963.51,TND,Pending
OL002439,SO00967,PRD0459,8,26628.18,10,191722.9,TND,Pending
OL002440,SO00968,PRD0344,6,40505.16,0,243030.96,TND,Shipped
OL002441,SO00968,PRD0067,8,3913.46,5,29742.3,TND,Shipped
OL002442,SO00968,PRD0306,7,40357.39,15,240126.47,TND,Cancelled
OL002443,SO00968,PRD0071,10,2335.01,5,22182.6,TND,Pending
OL002444,SO00969,PRD0012,9,23445.95,5,200462.87,TND,Delivered
OL002445,SO00969,PRD0204,4,28415.02,0,113660.08,TND,Delivered
OL002446,SO00969,PRD0480,2,32936.9,15,55992.73,TND,Cancelled
OL002447,SO00970,PRD0184,3,732.02,0,2196.06,TND,Shipped
OL002448,SO00970,PRD0367,7,27477.66,0,192343.62,TND,Delivered
OL002449,SO00970,PRD0477,2,37223.08,0,74446.16,TND,Delivered
OL002450,SO00971,PRD0348,2,34369.81,5,65302.64,TND,Delivered
OL002451,SO00971,PRD0053,2,6290.8,0,12581.6,TND,Delivered
OL002452,SO00972,PRD0068,9,3978.43,5,34015.58,TND,Delivered
OL002453,SO00972,PRD0240,2,44359.99,0,88719.98,TND,Delivered
OL002454,SO00972,PRD0254,9,44540.84,0,400867.56,TND,Delivered
OL002455,SO00973,PRD0372,3,29763.49,10,80361.42,TND,Delivered
OL002456,SO00974,PRD0443,5,9212.26,5,43758.24,TND,Cancelled
OL002457,SO00974,PRD0203,2,14592.26,0,29184.52,TND,Delivered
OL002458,SO00975,PRD0122,8,6659.4,0,53275.2,TND,Delivered
OL002459,SO00976,PRD0204,8,28415.02,5,215954.15,TND,Shipped
OL002460,SO00977,PRD0380,9,37396.3,0,336566.7,TND,Delivered
OL002461,SO00977,PRD0405,1,17111.48,10,15400.33,TND,Pending
OL002462,SO00977,PRD0256,8,17252.33,10,124216.78,TND,Pending
OL002463,SO00977,PRD0342,3,10482.86,0,31448.58,TND,Delivered
OL002464,SO00978,PRD0088,8,32981.79,10,237468.89,TND,Pending
OL002465,SO00978,PRD0294,8,10813.85,0,86510.8,TND,Delivered
OL002466,SO00978,PRD0280,4,11998.87,10,43195.93,TND,Delivered
OL002467,SO00978,PRD0175,2,34849,10,62728.2,TND,Delivered
OL002468,SO00979,PRD0210,4,10103.18,5,38392.08,TND,Delivered
OL002469,SO00979,PRD0015,1,10822.97,0,10822.97,TND,Pending
OL002470,SO00979,PRD0174,9,7319.41,5,62580.96,TND,Delivered
OL002471,SO00980,PRD0233,8,29214.54,5,222030.5,TND,Delivered
OL002472,SO00981,PRD0121,3,22420.63,10,60535.7,TND,Delivered
OL002473,SO00981,PRD0461,1,13778.08,0,13778.08,TND,Delivered
OL002474,SO00981,PRD0208,3,49445.75,0,148337.25,TND,Pending
OL002475,SO00981,PRD0266,6,41893.37,5,238792.21,TND,Delivered
OL002476,SO00982,PRD0348,1,34369.81,10,30932.83,TND,Delivered
OL002477,SO00982,PRD0448,8,21969.64,15,149393.55,TND,Pending
OL002478,SO00982,PRD0338,7,19477.55,5,129525.71,TND,Pending
OL002479,SO00982,PRD0188,9,1885.56,5,16121.54,TND,Shipped
OL002480,SO00983,PRD0293,3,39078.48,0,117235.44,TND,Delivered
OL002481,SO00984,PRD0387,9,39460.21,5,337384.8,TND,Shipped
OL002482,SO00984,PRD0305,5,19941.92,0,99709.6,TND,Pending
OL002483,SO00984,PRD0489,9,2729.2,0,24562.8,TND,Delivered
OL002484,SO00984,PRD0021,1,2150.06,15,1827.55,TND,Delivered
OL002485,SO00985,PRD0436,6,37480.61,10,202395.29,TND,Cancelled
OL002486,SO00986,PRD0340,9,17174.34,0,154569.06,TND,Pending
OL002487,SO00986,PRD0431,5,39382.81,5,187068.35,TND,Delivered
OL002488,SO00987,PRD0153,10,40353.59,0,403535.9,TND,Pending
OL002489,SO00987,PRD0452,9,47091.11,5,402628.99,TND,Delivered
OL002490,SO00988,PRD0146,6,41936.1,0,251616.6,TND,Delivered
OL002491,SO00989,PRD0493,1,6748.51,5,6411.08,TND,Delivered
OL002492,SO00989,PRD0415,6,37405.21,15,190766.57,TND,Delivered
OL002493,SO00989,PRD0385,9,47103.52,0,423931.68,TND,Delivered
OL002494,SO00989,PRD0468,4,22387,5,85070.6,TND,Cancelled
OL002495,SO00990,PRD0014,10,39659.04,0,396590.4,TND,Delivered
OL002496,SO00990,PRD0479,2,42244.85,15,71816.24,TND,Delivered
OL002497,SO00991,PRD0254,7,44540.84,5,296196.59,TND,Shipped
OL002498,SO00991,PRD0313,10,35505.71,15,301798.53,TND,Delivered
OL002499,SO00991,PRD0273,3,23188.31,10,62608.44,TND,Delivered
OL002500,SO00991,PRD0253,9,26870.35,5,229741.49,TND,Delivered
OL002501,SO00992,PRD0405,9,17111.48,0,154003.32,TND,Delivered
OL002502,SO00993,PRD0330,4,22995.74,0,91982.96,TND,Pending
OL002503,SO00993,PRD0096,1,47822.83,5,45431.69,TND,Shipped
OL002504,SO00993,PRD0350,7,7909.23,0,55364.61,TND,Pending
OL002505,SO00993,PRD0321,8,42979.29,5,326642.6,TND,Delivered
OL002506,SO00994,PRD0086,5,34674.69,10,156036.11,TND,Delivered
OL002507,SO00995,PRD0437,5,47487.04,0,237435.2,TND,Delivered
OL002508,SO00995,PRD0192,8,2600.2,5,19761.52,TND,Delivered
OL002509,SO00995,PRD0138,6,8386.63,10,45287.8,TND,Pending
OL002510,SO00996,PRD0327,3,2872.48,5,8186.57,TND,Pending
OL002511,SO00996,PRD0127,5,34345.59,10,154555.15,TND,Shipped
OL002512,SO00997,PRD0444,4,43207.14,5,164187.13,TND,Shipped
OL002513,SO00997,PRD0482,10,8209.45,15,69780.32,TND,Delivered
OL002514,SO00998,PRD0134,6,44408.77,0,266452.62,TND,Shipped
OL002515,SO00998,PRD0041,8,45204.98,0,361639.84,TND,Shipped
OL002516,SO00999,PRD0086,7,34674.69,15,206314.41,TND,Delivered
OL002517,SO00999,PRD0496,4,36873.72,0,147494.88,TND,Pending
OL002518,SO00999,PRD0295,6,27625.37,0,165752.22,TND,Shipped
OL002519,SO00999,PRD0088,9,32981.79,0,296836.11,TND,Pending
OL002520,SO01000,PRD0188,8,1885.56,5,14330.26,TND,Cancelled
OL002521,SO01000,PRD0014,9,39659.04,0,356931.36,TND,Pending
OL002522,SO01000,PRD0488,8,18288.23,10,131675.26,TND,Delivered
